# MagicaVoxel @ Ephtracy

# group
o 

# material
mtllib Snake.mtl
usemtl palette

# normals
vn -1 0 0
vn 1 0 0
vn 0 0 1
vn 0 0 -1
vn 0 -1 0
vn 0 1 0

# texcoords
vt 0.310547 0.5
vt 0.412109 0.5
vt 0.447266 0.5
vt 0.486328 0.5
vt 0.732422 0.5
vt 0.935547 0.5
vt 0.958984 0.5
vt 0.994141 0.5

# verts
v -1.3 0 1.3
v -1.3 0 1.1
v -1.3 0 1
v -1.3 0.1 1.3
v -1.3 0.1 1.1
v -1.3 0.1 1
v -1.2 0 1
v -1.2 0 0.8
v -1.2 0.1 1
v -1.2 0.1 0.9
v -1.2 0.1 0.8
v -1.2 0.2 1
v -1.2 0.2 0.9
v -1.2 0.2 0.8
v -1.1 0 0.8
v -1.1 0 0.6
v -1.1 0 0.2
v -1.1 0 -0.1
v -1.1 0 -0.3
v -1.1 0 -0.5
v -1.1 0 -0.6
v -1.1 0.1 0.8
v -1.1 0.1 0.7
v -1.1 0.1 0.2
v -1.1 0.1 0.0999999
v -1.1 0.1 0
v -1.1 0.1 -0.1
v -1.1 0.1 -0.3
v -1.1 0.1 -0.5
v -1.1 0.1 -0.6
v -1.1 0.2 0.8
v -1.1 0.2 0.7
v -1.1 0.2 0.6
v -1.1 0.2 0.2
v -1.1 0.2 0.0999999
v -1.1 0.2 0
v -1.1 0.2 -0.1
v -1.1 0.2 -0.3
v -1.1 0.2 -0.5
v -1.1 0.2 -0.6
v -1.1 0.3 0.0999999
v -1.1 0.3 0
v -1.1 0.3 -0.1
v -1.1 0.3 -0.3
v -1.1 0.3 -0.5
v -1 0 0.6
v -1 0 0.5
v -1 0 0.4
v -1 0 0.3
v -1 0 0.2
v -1 0 -0.6
v -1 0 -0.7
v -1 0 -0.8
v -1 0.1 0.4
v -1 0.1 0.3
v -1 0.1 0.2
v -1 0.1 -0.6
v -1 0.1 -0.7
v -1 0.1 -0.8
v -1 0.2 0.6
v -1 0.2 0.5
v -1 0.2 0.4
v -1 0.2 0.3
v -1 0.2 0.2
v -1 0.2 0.0999999
v -1 0.2 -0.5
v -1 0.2 -0.6
v -1 0.2 -0.7
v -1 0.3 0.6
v -1 0.3 0.4
v -1 0.3 0.2
v -1 0.3 0.0999999
v -1 0.3 0
v -1 0.3 -0.1
v -1 0.3 -0.3
v -1 0.3 -0.5
v -1 0.3 -0.6
v -1 0.3 -0.8
v -1 0.4 0.2
v -1 0.4 0.0999999
v -1 0.4 -0.1
v -1 0.4 -0.3
v -1 0.4 -0.6
v -0.9 0 0.5
v -0.9 0 0.4
v -0.9 0 -0.8
v -0.9 0 -1
v -0.9 0.1 0.4
v -0.9 0.1 -0.8
v -0.9 0.1 -1
v -0.9 0.2 0.7
v -0.9 0.2 0.6
v -0.9 0.2 0.5
v -0.9 0.2 0.4
v -0.9 0.2 -0.8
v -0.9 0.2 -1
v -0.9 0.3 0.7
v -0.9 0.3 0.6
v -0.9 0.3 0.4
v -0.9 0.3 0.3
v -0.9 0.3 0.2
v -0.9 0.3 -0.6
v -0.9 0.3 -0.7
v -0.9 0.3 -0.8
v -0.9 0.3 -1
v -0.9 0.4 0.4
v -0.9 0.4 0.3
v -0.9 0.4 0.2
v -0.9 0.4 -0.6
v -0.9 0.4 -0.7
v -0.9 0.4 -0.8
v -0.8 0 -1
v -0.8 0 -1.1
v -0.8 0.1 -1
v -0.8 0.1 -1.1
v -0.8 0.2 -1
v -0.8 0.3 0.6
v -0.8 0.3 0.5
v -0.8 0.3 0.4
v -0.8 0.3 -0.8
v -0.8 0.3 -1
v -0.8 0.3 -1.1
v -0.8 0.4 0.6
v -0.8 0.4 0.5
v -0.8 0.4 0.4
v -0.8 0.4 -0.8
v -0.8 0.4 -1
v -0.7 0 0.8
v -0.7 0 0.7
v -0.7 0 -1.1
v -0.7 0 -1.2
v -0.7 0.1 0.8
v -0.7 0.1 0.7
v -0.7 0.1 -1.1
v -0.7 0.1 -1.2
v -0.7 0.2 0.8
v -0.7 0.2 0.7
v -0.7 0.2 -1.1
v -0.7 0.2 -1.2
v -0.7 0.3 0.8
v -0.7 0.3 0.7
v -0.7 0.3 -1
v -0.7 0.3 -1.1
v -0.7 0.3 -1.2
v -0.7 0.4 -1
v -0.7 0.4 -1.1
v -0.6 0 0.9
v -0.6 0 0.8
v -0.6 0 -1.2
v -0.6 0 -1.3
v -0.6 0.1 0.9
v -0.6 0.1 0.8
v -0.6 0.1 -1.2
v -0.6 0.1 -1.3
v -0.6 0.2 0.9
v -0.6 0.2 0.8
v -0.6 0.2 -1.2
v -0.6 0.2 -1.3
v -0.6 0.3 0.9
v -0.6 0.3 0.8
v -0.6 0.3 0.7
v -0.6 0.3 0.6
v -0.6 0.3 -1.1
v -0.6 0.3 -1.2
v -0.6 0.3 -1.3
v -0.6 0.4 0.7
v -0.6 0.4 0.6
v -0.6 0.4 -1.1
v -0.6 0.4 -1.2
v -0.5 0 1
v -0.5 0 0.9
v -0.5 0 -1.3
v -0.5 0 -1.4
v -0.5 0.1 1
v -0.5 0.1 0.9
v -0.5 0.1 -1.3
v -0.5 0.1 -1.4
v -0.5 0.2 1
v -0.5 0.2 0.9
v -0.5 0.2 -1.3
v -0.5 0.2 -1.4
v -0.5 0.3 1
v -0.5 0.3 0.9
v -0.5 0.3 0.8
v -0.5 0.3 0.7
v -0.5 0.3 -1.2
v -0.5 0.3 -1.3
v -0.5 0.3 -1.4
v -0.5 0.4 0.8
v -0.5 0.4 0.7
v -0.5 0.4 -1.2
v -0.5 0.4 -1.3
v -0.4 0.3 0.9
v -0.4 0.3 0.8
v -0.4 0.4 0.9
v -0.4 0.4 0.8
v -0.3 0 1.1
v -0.3 0 1
v -0.3 0 -1.4
v -0.3 0 -1.5
v -0.3 0.1 1
v -0.3 0.1 -1.4
v -0.3 0.1 -1.5
v -0.3 0.2 1
v -0.3 0.2 -1.4
v -0.3 0.2 -1.5
v -0.3 0.3 1.1
v -0.3 0.3 1
v -0.3 0.3 -1.3
v -0.3 0.3 -1.4
v -0.3 0.3 -1.5
v -0.3 0.4 -1.3
v -0.3 0.4 -1.4
v -0.2 0.3 1
v -0.2 0.3 0.9
v -0.2 0.4 1
v -0.2 0.4 0.9
v 0 1 0.0999999
v 0 1 0
v 0 1 -0.2
v 0 1 -0.3
v 0 1.1 0.0999999
v 0 1.1 0
v 0 1.1 -0.2
v 0 1.1 -0.3
v 0 1.3 0.0999999
v 0 1.3 0
v 0 1.3 -0.2
v 0 1.3 -0.3
v 0 1.4 0.2
v 0 1.4 0.0999999
v 0 1.4 0
v 0 1.4 -0.2
v 0 1.4 -0.3
v 0 1.4 -0.4
v 0 1.5 0.2
v 0 1.5 0
v 0 1.5 -0.2
v 0 1.5 -0.4
v 0 1.6 0.2
v 0 1.6 0
v 0 1.6 -0.2
v 0 1.6 -0.4
v 0 1.7 0.2
v 0 1.7 0
v 0 1.7 -0.2
v 0 1.7 -0.4
v 0 1.8 0.2
v 0 1.8 0
v 0 1.8 -0.2
v 0 1.8 -0.4
v 0 1.9 0.2
v 0 1.9 0
v 0 1.9 -0.2
v 0 1.9 -0.4
v 0 2 0.2
v 0 2 0.0999999
v 0 2 0
v 0 2 -0.2
v 0 2 -0.3
v 0 2 -0.4
v 0 2.1 0.0999999
v 0 2.1 0
v 0 2.1 -0.2
v 0 2.1 -0.3
v 0.1 0.9 0.0999999
v 0.1 0.9 -0.3
v 0.1 1 0.3
v 0.1 1 0.2
v 0.1 1 0.0999999
v 0.1 1 0
v 0.1 1 -0.2
v 0.1 1 -0.3
v 0.1 1 -0.4
v 0.1 1 -0.5
v 0.1 1.1 0.2
v 0.1 1.1 0.0999999
v 0.1 1.1 -0.3
v 0.1 1.1 -0.4
v 0.1 1.2 0.3
v 0.1 1.2 0.2
v 0.1 1.2 -0.4
v 0.1 1.2 -0.5
v 0.1 1.3 0.3
v 0.1 1.3 0.2
v 0.1 1.3 0.0999999
v 0.1 1.3 -0.3
v 0.1 1.3 -0.4
v 0.1 1.3 -0.5
v 0.1 1.4 0.3
v 0.1 1.4 0.2
v 0.1 1.4 0.0999999
v 0.1 1.4 -0.3
v 0.1 1.4 -0.4
v 0.1 1.4 -0.5
v 0.1 1.5 0.4
v 0.1 1.5 0.3
v 0.1 1.5 0.2
v 0.1 1.5 -0.4
v 0.1 1.5 -0.5
v 0.1 1.5 -0.6
v 0.1 1.6 0.5
v 0.1 1.6 0.4
v 0.1 1.6 0.3
v 0.1 1.6 0.2
v 0.1 1.6 -0.4
v 0.1 1.6 -0.5
v 0.1 1.6 -0.6
v 0.1 1.6 -0.7
v 0.1 1.7 0.4
v 0.1 1.7 0.3
v 0.1 1.7 0.2
v 0.1 1.7 -0.4
v 0.1 1.7 -0.5
v 0.1 1.7 -0.6
v 0.1 1.8 0.5
v 0.1 1.8 0.3
v 0.1 1.8 0.2
v 0.1 1.8 -0.4
v 0.1 1.8 -0.5
v 0.1 1.8 -0.7
v 0.1 1.9 0.5
v 0.1 1.9 0.3
v 0.1 1.9 0.2
v 0.1 1.9 -0.4
v 0.1 1.9 -0.5
v 0.1 1.9 -0.7
v 0.1 2 0.5
v 0.1 2 0.3
v 0.1 2 0.2
v 0.1 2 0.0999999
v 0.1 2 -0.3
v 0.1 2 -0.4
v 0.1 2 -0.5
v 0.1 2 -0.7
v 0.1 2.1 0.5
v 0.1 2.1 0.4
v 0.1 2.1 0.3
v 0.1 2.1 0.0999999
v 0.1 2.1 0
v 0.1 2.1 -0.2
v 0.1 2.1 -0.3
v 0.1 2.1 -0.5
v 0.1 2.1 -0.6
v 0.1 2.1 -0.7
v 0.1 2.2 0.4
v 0.1 2.2 0
v 0.1 2.2 -0.2
v 0.1 2.2 -0.6
v 0.2 0 -1
v 0.2 0 -1.1
v 0.2 0.2 -1
v 0.2 0.2 -1.1
v 0.2 0.8 0.0999999
v 0.2 0.8 0
v 0.2 0.8 -0.2
v 0.2 0.8 -0.3
v 0.2 0.9 0.3
v 0.2 0.9 0.2
v 0.2 0.9 0.0999999
v 0.2 0.9 0
v 0.2 0.9 -0.2
v 0.2 0.9 -0.3
v 0.2 0.9 -0.4
v 0.2 0.9 -0.5
v 0.2 1 0.3
v 0.2 1 0.2
v 0.2 1 0.0999999
v 0.2 1 -0.3
v 0.2 1 -0.4
v 0.2 1 -0.5
v 0.2 1.4 0.4
v 0.2 1.4 0.3
v 0.2 1.4 -0.5
v 0.2 1.4 -0.6
v 0.2 1.5 0.5
v 0.2 1.5 0.4
v 0.2 1.5 0.3
v 0.2 1.5 -0.5
v 0.2 1.5 -0.6
v 0.2 1.5 -0.7
v 0.2 1.6 0.6
v 0.2 1.6 0.5
v 0.2 1.6 0.4
v 0.2 1.6 -0.6
v 0.2 1.6 -0.7
v 0.2 1.6 -0.8
v 0.2 1.7 0.6
v 0.2 1.7 0.5
v 0.2 1.7 -0.7
v 0.2 1.7 -0.8
v 0.2 1.8 0.6
v 0.2 1.8 0.5
v 0.2 1.8 -0.7
v 0.2 1.8 -0.8
v 0.2 1.9 0.6
v 0.2 1.9 0.5
v 0.2 1.9 -0.7
v 0.2 1.9 -0.8
v 0.2 2 0.5
v 0.2 2 -0.7
v 0.2 2.1 0.6
v 0.2 2.1 0.5
v 0.2 2.1 0.4
v 0.2 2.1 -0.6
v 0.2 2.1 -0.7
v 0.2 2.1 -0.8
v 0.2 2.2 0.6
v 0.2 2.2 0.5
v 0.2 2.2 0.4
v 0.2 2.2 0
v 0.2 2.2 -0.2
v 0.2 2.2 -0.6
v 0.2 2.2 -0.7
v 0.2 2.2 -0.8
v 0.2 2.3 0.5
v 0.2 2.3 0
v 0.2 2.3 -0.2
v 0.2 2.3 -0.7
v 0.2 2.4 0.5
v 0.2 2.4 0
v 0.2 2.4 -0.2
v 0.2 2.4 -0.7
v 0.3 0.2 -1
v 0.3 0.2 -1.1
v 0.3 0.3 -1
v 0.3 0.3 -1.1
v 0.3 0.6 0.0999999
v 0.3 0.6 -0.3
v 0.3 0.7 0.0999999
v 0.3 0.7 0
v 0.3 0.7 -0.2
v 0.3 0.7 -0.3
v 0.3 0.8 0.3
v 0.3 0.8 0.2
v 0.3 0.8 0.0999999
v 0.3 0.8 0
v 0.3 0.8 -0.2
v 0.3 0.8 -0.3
v 0.3 0.8 -0.4
v 0.3 0.8 -0.5
v 0.3 0.9 0.3
v 0.3 0.9 0.2
v 0.3 0.9 0.0999999
v 0.3 0.9 -0.3
v 0.3 0.9 -0.4
v 0.3 0.9 -0.5
v 0.3 1.3 0.4
v 0.3 1.3 0.3
v 0.3 1.4 0.6
v 0.3 1.4 0.5
v 0.3 1.4 0.4
v 0.3 1.4 0.3
v 0.3 1.4 -0.6
v 0.3 1.4 -0.7
v 0.3 1.4 -0.8
v 0.3 1.5 0.6
v 0.3 1.5 0.5
v 0.3 1.5 0.4
v 0.3 1.5 -0.6
v 0.3 1.5 -0.7
v 0.3 1.5 -0.8
v 0.3 1.6 0.6
v 0.3 1.6 0.5
v 0.3 1.6 -0.7
v 0.3 1.6 -0.8
v 0.3 1.7 0.7
v 0.3 1.7 0.6
v 0.3 1.7 -0.8
v 0.3 1.7 -0.9
v 0.3 1.8 0.6
v 0.3 1.8 -0.8
v 0.3 1.8 -0.9
v 0.3 1.9 0.8
v 0.3 1.9 0.7
v 0.3 1.9 0.6
v 0.3 1.9 -0.8
v 0.3 1.9 -0.9
v 0.3 1.9 -1
v 0.3 2.1 0.8
v 0.3 2.1 0.7
v 0.3 2.1 0.6
v 0.3 2.1 -0.8
v 0.3 2.1 -0.9
v 0.3 2.1 -1
v 0.3 2.2 0.6
v 0.3 2.2 0.5
v 0.3 2.2 -0.7
v 0.3 2.2 -0.8
v 0.3 2.3 0.6
v 0.3 2.3 0.5
v 0.3 2.3 -0.7
v 0.3 2.3 -0.8
v 0.3 2.4 0.7
v 0.3 2.4 0.6
v 0.3 2.4 0.5
v 0.3 2.4 0
v 0.3 2.4 -0.2
v 0.3 2.4 -0.7
v 0.3 2.4 -0.8
v 0.3 2.4 -0.9
v 0.3 2.5 0.6
v 0.3 2.5 0.5
v 0.3 2.5 -0.7
v 0.3 2.5 -0.8
v 0.4 0.3 -1.1
v 0.4 0.3 -1.2
v 0.4 0.4 -1.1
v 0.4 0.4 -1.2
v 0.4 0.5 0.0999999
v 0.4 0.5 0
v 0.4 0.5 -0.2
v 0.4 0.5 -0.3
v 0.4 0.6 0.3
v 0.4 0.6 0.2
v 0.4 0.6 0.0999999
v 0.4 0.6 0
v 0.4 0.6 -0.2
v 0.4 0.6 -0.3
v 0.4 0.6 -0.4
v 0.4 0.6 -0.5
v 0.4 0.7 0.2
v 0.4 0.7 0.0999999
v 0.4 0.7 -0.3
v 0.4 0.7 -0.4
v 0.4 0.8 0.3
v 0.4 0.8 0.2
v 0.4 0.8 0.0999999
v 0.4 0.8 -0.3
v 0.4 0.8 -0.4
v 0.4 0.8 -0.5
v 0.4 1.3 -0.5
v 0.4 1.3 -0.6
v 0.4 1.4 -0.5
v 0.4 1.4 -0.6
v 0.4 2.2 0.8
v 0.4 2.2 0.7
v 0.4 2.2 -0.9
v 0.4 2.2 -1
v 0.4 2.4 0.8
v 0.4 2.4 0.7
v 0.4 2.4 0.6
v 0.4 2.4 -0.8
v 0.4 2.4 -0.9
v 0.4 2.4 -1
v 0.4 2.5 0.7
v 0.4 2.5 0.6
v 0.4 2.5 0.5
v 0.4 2.5 0
v 0.4 2.5 -0.2
v 0.4 2.5 -0.7
v 0.4 2.5 -0.8
v 0.4 2.5 -0.9
v 0.4 2.6 0.5
v 0.4 2.6 0
v 0.4 2.6 -0.2
v 0.4 2.6 -0.7
v 0.5 0.3 -1
v 0.5 0.3 -1.1
v 0.5 0.4 0
v 0.5 0.4 -0.2
v 0.5 0.4 -0.4
v 0.5 0.4 -1
v 0.5 0.4 -1.1
v 0.5 0.5 0.3
v 0.5 0.5 0.2
v 0.5 0.5 0.0999999
v 0.5 0.5 0
v 0.5 0.5 -0.2
v 0.5 0.5 -0.3
v 0.5 0.5 -0.4
v 0.5 0.5 -0.5
v 0.5 0.6 0.3
v 0.5 0.6 0.2
v 0.5 0.6 0.0999999
v 0.5 0.6 -0.3
v 0.5 0.6 -0.4
v 0.5 0.6 -0.5
v 0.5 2.5 0.6
v 0.5 2.5 0.5
v 0.5 2.5 -0.7
v 0.5 2.5 -0.8
v 0.5 2.6 0.6
v 0.5 2.6 0.5
v 0.5 2.6 0.3
v 0.5 2.6 0
v 0.5 2.6 -0.2
v 0.5 2.6 -0.5
v 0.5 2.6 -0.7
v 0.5 2.6 -0.8
v 0.5 2.7 0.3
v 0.5 2.7 0.0999999
v 0.5 2.7 0
v 0.5 2.7 -0.2
v 0.5 2.7 -0.3
v 0.5 2.7 -0.5
v 0.5 2.8 0.0999999
v 0.5 2.8 0
v 0.5 2.8 -0.2
v 0.5 2.8 -0.3
v 0.6 0 0.7
v 0.6 0 0.6
v 0.6 0 -0.9
v 0.6 0 -1
v 0.6 0.3 0.7
v 0.6 0.3 0.6
v 0.6 0.3 0.5
v 0.6 0.3 -1
v 0.6 0.4 0.6
v 0.6 0.4 0.5
v 0.6 0.4 0.3
v 0.6 0.4 0.2
v 0.6 0.4 0
v 0.6 0.4 -0.4
v 0.6 0.4 -0.5
v 0.6 0.4 -0.9
v 0.6 0.4 -1
v 0.6 0.5 0.3
v 0.6 0.5 0.2
v 0.6 0.5 0.0999999
v 0.6 0.5 0
v 0.6 0.5 -0.4
v 0.6 0.5 -0.5
v 0.6 2.6 0.4
v 0.6 2.6 0.3
v 0.6 2.6 -0.5
v 0.6 2.6 -0.6
v 0.6 2.7 0.4
v 0.6 2.7 0.3
v 0.6 2.7 0.2
v 0.6 2.7 0.0999999
v 0.6 2.7 -0.3
v 0.6 2.7 -0.4
v 0.6 2.7 -0.5
v 0.6 2.7 -0.6
v 0.6 2.8 0.2
v 0.6 2.8 0.0999999
v 0.6 2.8 -0.3
v 0.6 2.8 -0.4
v 0.7 0 0.6
v 0.7 0 0.5
v 0.7 0 -0.6
v 0.7 0 -0.9
v 0.7 0.3 0.6
v 0.7 0.3 0.5
v 0.7 0.3 0.4
v 0.7 0.3 -0.6
v 0.7 0.3 -0.7
v 0.7 0.3 -0.8
v 0.7 0.4 0.5
v 0.7 0.4 0.4
v 0.7 0.4 -0.7
v 0.7 0.4 -0.8
v 0.7 0.4 -0.9
v 0.7 2.7 0.3
v 0.7 2.7 0.2
v 0.7 2.7 -0.4
v 0.7 2.7 -0.5
v 0.7 2.8 0.3
v 0.7 2.8 0.2
v 0.7 2.8 -0.4
v 0.7 2.8 -0.5
v 0.8 0 0.5
v 0.8 0 0.3
v 0.8 0 -0.5
v 0.8 0 -0.6
v 0.8 0.3 0.5
v 0.8 0.3 0.4
v 0.8 0.3 0.3
v 0.8 0.3 0.2
v 0.8 0.3 0
v 0.8 0.3 -0.5
v 0.8 0.3 -0.6
v 0.8 0.3 -0.7
v 0.8 0.4 0.4
v 0.8 0.4 0.3
v 0.8 0.4 0.2
v 0.8 0.4 0
v 0.8 0.4 -0.2
v 0.8 0.4 -0.4
v 0.8 0.4 -0.5
v 0.8 0.4 -0.6
v 0.8 0.4 -0.7
v 0.9 0 0.3
v 0.9 0 0
v 0.9 0 -0.4
v 0.9 0 -0.5
v 0.9 0.2 0.3
v 0.9 0.2 0.2
v 0.9 0.3 0.3
v 0.9 0.3 0.2
v 0.9 0.3 0.0999999
v 0.9 0.3 0
v 0.9 0.3 -0.4
v 0.9 0.3 -0.5
v 0.9 0.4 0.2
v 0.9 0.4 0.0999999
v 0.9 0.4 0
v 1 0 0
v 1 0 -0.4
v 1 0.3 0
v 1 0.3 -0.4
v -1.1 0 1.3
v -1.1 0 1.1
v -1.1 0 1
v -1.1 0.1 1.3
v -1.1 0.1 1.1
v -1.1 0.1 1
v -1.1 0.1 0.9
v -1.1 0.2 1
v -1.1 0.2 0.9
v -1 0 1
v -1 0 0.9
v -1 0.1 1
v -1 0.1 0.9
v -1 0.1 0.8
v -1 0.2 0.9
v -1 0.2 0.8
v -0.9 0 0.9
v -0.9 0 0.8
v -0.9 0 0.7
v -0.9 0.1 0.9
v -0.9 0.1 0.8
v -0.9 0.1 0.7
v -0.9 0.2 0.8
v -0.9 0.2 0.7
v -0.7 0 0.5
v -0.7 0 -0.6
v -0.7 0.2 -0.5
v -0.7 0.2 -0.6
v -0.7 0.2 -0.8
v -0.7 0.3 0.5
v -0.7 0.3 0.4
v -0.7 0.3 0.3
v -0.7 0.3 -0.1
v -0.7 0.3 -0.3
v -0.7 0.3 -0.4
v -0.7 0.3 -0.5
v -0.7 0.3 -0.6
v -0.7 0.3 -0.7
v -0.7 0.3 -0.8
v -0.7 0.4 0.3
v -0.7 0.4 -0.1
v -0.7 0.4 -0.3
v -0.7 0.4 -0.4
v -0.7 0.4 -0.5
v -0.7 0.4 -0.6
v -0.7 0.4 -0.7
v -0.7 0.4 -0.8
v -0.6 0 0.6
v -0.6 0 0.5
v -0.6 0 -0.6
v -0.6 0 -0.7
v -0.6 0.2 -0.6
v -0.6 0.2 -0.7
v -0.6 0.3 0.6
v -0.6 0.3 0.5
v -0.6 0.3 0.4
v -0.6 0.3 0.3
v -0.6 0.3 -0.8
v -0.6 0.3 -0.9
v -0.6 0.4 0.4
v -0.6 0.4 0.3
v -0.6 0.4 -0.8
v -0.6 0.4 -0.9
v -0.5 0 0.7
v -0.5 0 0.6
v -0.5 0 -0.7
v -0.5 0 -0.8
v -0.5 0.2 -0.7
v -0.5 0.2 -0.8
v -0.5 0.2 -1
v -0.5 0.3 0.7
v -0.5 0.3 0.6
v -0.5 0.3 0.5
v -0.5 0.3 0.4
v -0.5 0.3 -0.8
v -0.5 0.3 -0.9
v -0.5 0.3 -1
v -0.5 0.4 0.5
v -0.5 0.4 0.4
v -0.5 0.4 -0.9
v -0.5 0.4 -1
v -0.4 0 -0.8
v -0.4 0 -0.9
v -0.4 0.2 -0.8
v -0.4 0.2 -0.9
v -0.4 0.2 -1
v -0.4 0.2 -1.1
v -0.4 0.3 0.6
v -0.4 0.3 0.5
v -0.4 0.3 -1
v -0.4 0.3 -1.1
v -0.4 0.4 0.6
v -0.4 0.4 0.5
v -0.4 0.4 -1
v -0.4 0.4 -1.1
v -0.3 0 -0.9
v -0.3 0 -1
v -0.3 0.2 -0.9
v -0.3 0.2 -1
v -0.2 0 -1
v -0.2 0 -1.1
v -0.2 0.2 -1
v -0.2 0.2 -1.1
v -0.2 0.3 -1.1
v -0.2 0.3 -1.2
v -0.2 0.4 -1.1
v -0.2 0.4 -1.2
v 0.2 0.3 1
v 0.2 0.3 0.9
v 0.2 0.4 1
v 0.2 0.4 0.9
v 0.3 1.6 0.6
v 0.3 1.6 0.5
v 0.3 1.6 -0.7
v 0.3 1.6 -0.8
v 0.3 1.7 0.6
v 0.3 1.7 0.5
v 0.3 1.7 -0.7
v 0.3 1.7 -0.8
v 0.4 0 1.1
v 0.4 0 1
v 0.4 0 -1.4
v 0.4 0 -1.5
v 0.4 0.1 1.1
v 0.4 0.1 1
v 0.4 0.1 -1.4
v 0.4 0.1 -1.5
v 0.4 0.2 1.1
v 0.4 0.2 1
v 0.4 0.2 -1.4
v 0.4 0.2 -1.5
v 0.4 0.3 1.1
v 0.4 0.3 1
v 0.4 0.3 -1.4
v 0.4 0.3 -1.5
v 0.4 0.9 0.3
v 0.4 0.9 0.2
v 0.4 1 0.2
v 0.4 1 -0.4
v 0.4 1 -0.5
v 0.4 1.2 0.3
v 0.4 1.2 0.2
v 0.4 1.2 -0.4
v 0.4 1.2 -0.5
v 0.4 1.6 0.5
v 0.4 1.6 0.4
v 0.4 1.6 -0.6
v 0.4 1.6 -0.7
v 0.4 1.7 0.7
v 0.4 1.7 0.6
v 0.4 1.7 0.5
v 0.4 1.7 0.4
v 0.4 1.7 -0.6
v 0.4 1.7 -0.7
v 0.4 1.7 -0.8
v 0.4 1.7 -0.9
v 0.4 1.8 0.7
v 0.4 1.8 0.6
v 0.4 1.8 -0.8
v 0.4 1.8 -0.9
v 0.5 0.3 0.9
v 0.5 0.3 0.8
v 0.5 0.3 -1.3
v 0.5 0.3 -1.4
v 0.5 0.4 0.9
v 0.5 0.4 0.8
v 0.5 0.4 -1.3
v 0.5 0.4 -1.4
v 0.5 0.8 0.3
v 0.5 0.8 0.2
v 0.5 0.9 0.3
v 0.5 0.9 0.2
v 0.5 0.9 -0.4
v 0.5 0.9 -0.5
v 0.5 1 0.2
v 0.5 1 0.0999999
v 0.5 1 -0.3
v 0.5 1 -0.4
v 0.5 1 -0.5
v 0.5 1.2 0.3
v 0.5 1.2 0.2
v 0.5 1.2 -0.4
v 0.5 1.2 -0.5
v 0.5 1.3 0.4
v 0.5 1.3 0.3
v 0.5 1.3 0.2
v 0.5 1.3 0.0999999
v 0.5 1.3 -0.3
v 0.5 1.3 -0.4
v 0.5 1.3 -0.5
v 0.5 1.3 -0.6
v 0.5 1.4 0.6
v 0.5 1.4 0.4
v 0.5 1.4 0.2
v 0.5 1.4 -0.4
v 0.5 1.4 -0.6
v 0.5 1.4 -0.8
v 0.5 1.5 0.5
v 0.5 1.5 0.4
v 0.5 1.5 -0.6
v 0.5 1.5 -0.7
v 0.5 1.6 0.6
v 0.5 1.6 0.5
v 0.5 1.6 0.4
v 0.5 1.6 0.3
v 0.5 1.6 -0.5
v 0.5 1.6 -0.6
v 0.5 1.6 -0.7
v 0.5 1.6 -0.8
v 0.5 1.7 0.6
v 0.5 1.7 0.5
v 0.5 1.7 0.4
v 0.5 1.7 0.3
v 0.5 1.7 -0.5
v 0.5 1.7 -0.6
v 0.5 1.7 -0.7
v 0.5 1.7 -0.8
v 0.5 1.8 0.7
v 0.5 1.8 0.6
v 0.5 1.8 0.5
v 0.5 1.8 -0.7
v 0.5 1.8 -0.8
v 0.5 1.8 -0.9
v 0.5 1.9 0.8
v 0.5 1.9 0.7
v 0.5 1.9 0.6
v 0.5 1.9 -0.8
v 0.5 1.9 -0.9
v 0.5 1.9 -1
v 0.5 2.1 0.8
v 0.5 2.1 0.7
v 0.5 2.1 0.6
v 0.5 2.1 -0.8
v 0.5 2.1 -0.9
v 0.5 2.1 -1
v 0.5 2.2 0.7
v 0.5 2.2 0.6
v 0.5 2.2 -0.8
v 0.5 2.2 -0.9
v 0.6 0 1
v 0.6 0 0.9
v 0.6 0 -1.3
v 0.6 0 -1.4
v 0.6 0.1 1
v 0.6 0.1 0.9
v 0.6 0.1 -1.3
v 0.6 0.1 -1.4
v 0.6 0.2 1
v 0.6 0.2 0.9
v 0.6 0.2 -1.3
v 0.6 0.2 -1.4
v 0.6 0.3 1
v 0.6 0.3 0.9
v 0.6 0.3 0.8
v 0.6 0.3 0.7
v 0.6 0.3 -1.2
v 0.6 0.3 -1.3
v 0.6 0.3 -1.4
v 0.6 0.4 0.8
v 0.6 0.4 0.7
v 0.6 0.4 -1.2
v 0.6 0.4 -1.3
v 0.6 0.6 0.3
v 0.6 0.6 0.2
v 0.6 0.8 0.3
v 0.6 0.8 0.2
v 0.6 0.8 -0.4
v 0.6 0.8 -0.5
v 0.6 0.9 0.2
v 0.6 0.9 0.0999999
v 0.6 0.9 -0.3
v 0.6 0.9 -0.4
v 0.6 0.9 -0.5
v 0.6 1 0.2
v 0.6 1 0.0999999
v 0.6 1 -0.3
v 0.6 1 -0.4
v 0.6 1.3 0.2
v 0.6 1.3 0.0999999
v 0.6 1.3 -0.3
v 0.6 1.3 -0.4
v 0.6 1.4 0.4
v 0.6 1.4 0.2
v 0.6 1.4 -0.4
v 0.6 1.4 -0.6
v 0.6 1.5 0.0999999
v 0.6 1.5 -0.3
v 0.6 1.6 0.4
v 0.6 1.6 0.3
v 0.6 1.6 -0.5
v 0.6 1.6 -0.6
v 0.6 1.7 0.5
v 0.6 1.7 0.3
v 0.6 1.7 0.0999999
v 0.6 1.7 -0.3
v 0.6 1.7 -0.5
v 0.6 1.7 -0.7
v 0.6 1.8 0.6
v 0.6 1.8 0.5
v 0.6 1.8 0.4
v 0.6 1.8 0.3
v 0.6 1.8 -0.5
v 0.6 1.8 -0.6
v 0.6 1.8 -0.7
v 0.6 1.8 -0.8
v 0.6 1.9 0.7
v 0.6 1.9 0.6
v 0.6 1.9 0.4
v 0.6 1.9 -0.6
v 0.6 1.9 -0.8
v 0.6 1.9 -0.9
v 0.6 2.1 0.7
v 0.6 2.1 0.6
v 0.6 2.1 0.4
v 0.6 2.1 -0.6
v 0.6 2.1 -0.8
v 0.6 2.1 -0.9
v 0.6 2.2 0.8
v 0.6 2.2 0.6
v 0.6 2.2 0.4
v 0.6 2.2 -0.6
v 0.6 2.2 -0.8
v 0.6 2.2 -0.9
v 0.6 2.2 -1
v 0.6 2.3 0.7
v 0.6 2.3 0.6
v 0.6 2.3 -0.8
v 0.6 2.3 -0.9
v 0.6 2.4 0.8
v 0.6 2.4 0.7
v 0.6 2.4 -0.9
v 0.6 2.4 -1
v 0.7 0 0.9
v 0.7 0 0.8
v 0.7 0 -1.2
v 0.7 0 -1.3
v 0.7 0.1 0.9
v 0.7 0.1 0.8
v 0.7 0.1 -1.2
v 0.7 0.1 -1.3
v 0.7 0.2 0.9
v 0.7 0.2 0.8
v 0.7 0.2 -1.2
v 0.7 0.2 -1.3
v 0.7 0.3 0.9
v 0.7 0.3 0.8
v 0.7 0.3 0.7
v 0.7 0.3 0.6
v 0.7 0.3 -1.1
v 0.7 0.3 -1.2
v 0.7 0.3 -1.3
v 0.7 0.4 0.7
v 0.7 0.4 0.6
v 0.7 0.4 -1.1
v 0.7 0.4 -1.2
v 0.7 0.5 0.3
v 0.7 0.5 0.2
v 0.7 0.6 0.3
v 0.7 0.6 0.2
v 0.7 0.6 -0.4
v 0.7 0.6 -0.5
v 0.7 0.8 0.2
v 0.7 0.8 0.0999999
v 0.7 0.8 -0.3
v 0.7 0.8 -0.4
v 0.7 0.8 -0.5
v 0.7 0.9 0.2
v 0.7 0.9 0.0999999
v 0.7 0.9 -0.3
v 0.7 0.9 -0.4
v 0.7 1 0.0999999
v 0.7 1 -0.3
v 0.7 1.3 0.0999999
v 0.7 1.3 -0.3
v 0.7 1.5 0.0999999
v 0.7 1.5 -0.3
v 0.7 1.7 0.3
v 0.7 1.7 0.0999999
v 0.7 1.7 -0.3
v 0.7 1.7 -0.5
v 0.7 1.8 0.4
v 0.7 1.8 0.3
v 0.7 1.8 0.0999999
v 0.7 1.8 -0.3
v 0.7 1.8 -0.5
v 0.7 1.8 -0.6
v 0.7 1.9 0.6
v 0.7 1.9 0.4
v 0.7 1.9 0.3
v 0.7 1.9 -0.5
v 0.7 1.9 -0.6
v 0.7 1.9 -0.8
v 0.7 2.1 0.6
v 0.7 2.1 0.4
v 0.7 2.1 0.3
v 0.7 2.1 -0.5
v 0.7 2.1 -0.6
v 0.7 2.1 -0.8
v 0.7 2.2 0.6
v 0.7 2.2 0.5
v 0.7 2.2 0.4
v 0.7 2.2 0.3
v 0.7 2.2 -0.5
v 0.7 2.2 -0.6
v 0.7 2.2 -0.7
v 0.7 2.2 -0.8
v 0.7 2.3 0.6
v 0.7 2.3 0.5
v 0.7 2.3 -0.7
v 0.7 2.3 -0.8
v 0.7 2.4 0.7
v 0.7 2.4 0.6
v 0.7 2.4 -0.8
v 0.7 2.4 -0.9
v 0.7 2.5 0.7
v 0.7 2.5 0.6
v 0.7 2.5 0.5
v 0.7 2.5 -0.7
v 0.7 2.5 -0.8
v 0.7 2.5 -0.9
v 0.7 2.6 0.6
v 0.7 2.6 0.5
v 0.7 2.6 -0.7
v 0.7 2.6 -0.8
v 0.8 0 0.8
v 0.8 0 0.7
v 0.8 0 -1.1
v 0.8 0 -1.2
v 0.8 0.1 0.8
v 0.8 0.1 0.7
v 0.8 0.1 -1.1
v 0.8 0.1 -1.2
v 0.8 0.2 0.8
v 0.8 0.2 0.7
v 0.8 0.2 -1.1
v 0.8 0.2 -1.2
v 0.8 0.3 0.8
v 0.8 0.3 0.7
v 0.8 0.3 0.6
v 0.8 0.3 0.5
v 0.8 0.3 -1
v 0.8 0.3 -1.1
v 0.8 0.3 -1.2
v 0.8 0.4 0.6
v 0.8 0.4 0.5
v 0.8 0.4 0.3
v 0.8 0.4 0.2
v 0.8 0.4 -0.4
v 0.8 0.4 -0.5
v 0.8 0.4 -1
v 0.8 0.4 -1.1
v 0.8 0.5 0.3
v 0.8 0.5 0.2
v 0.8 0.6 0.2
v 0.8 0.6 0.0999999
v 0.8 0.6 -0.3
v 0.8 0.6 -0.4
v 0.8 0.6 -0.5
v 0.8 0.8 0.2
v 0.8 0.8 0.0999999
v 0.8 0.8 -0.3
v 0.8 0.8 -0.4
v 0.8 0.9 0.0999999
v 0.8 0.9 -0.3
v 0.8 1.7 0.0999999
v 0.8 1.7 -0.3
v 0.8 1.8 0.3
v 0.8 1.8 0.0999999
v 0.8 1.8 -0.3
v 0.8 1.8 -0.5
v 0.8 1.9 0.4
v 0.8 1.9 0.3
v 0.8 1.9 0.0999999
v 0.8 1.9 -0.3
v 0.8 1.9 -0.5
v 0.8 1.9 -0.6
v 0.8 2 0
v 0.8 2 -0.2
v 0.8 2.1 0.4
v 0.8 2.1 0.3
v 0.8 2.1 0.2
v 0.8 2.1 0.0999999
v 0.8 2.1 0
v 0.8 2.1 -0.2
v 0.8 2.1 -0.3
v 0.8 2.1 -0.4
v 0.8 2.1 -0.5
v 0.8 2.1 -0.6
v 0.8 2.2 0.5
v 0.8 2.2 0.3
v 0.8 2.2 0.2
v 0.8 2.2 0.0999999
v 0.8 2.2 -0.3
v 0.8 2.2 -0.4
v 0.8 2.2 -0.5
v 0.8 2.2 -0.7
v 0.8 2.3 0.7
v 0.8 2.3 0.5
v 0.8 2.3 0.3
v 0.8 2.3 0.2
v 0.8 2.3 -0.4
v 0.8 2.3 -0.5
v 0.8 2.3 -0.7
v 0.8 2.3 -0.9
v 0.8 2.4 0.7
v 0.8 2.4 0.6
v 0.8 2.4 0.4
v 0.8 2.4 0.3
v 0.8 2.4 -0.5
v 0.8 2.4 -0.6
v 0.8 2.4 -0.8
v 0.8 2.4 -0.9
v 0.8 2.5 0.6
v 0.8 2.5 0.5
v 0.8 2.5 -0.6
v 0.8 2.5 -0.7
v 0.8 2.5 -0.8
v 0.8 2.6 0.5
v 0.8 2.6 0.4
v 0.8 2.6 0.3
v 0.8 2.6 -0.5
v 0.8 2.6 -0.6
v 0.8 2.6 -0.7
v 0.8 2.7 0.4
v 0.8 2.7 0.3
v 0.8 2.7 0.2
v 0.8 2.7 -0.4
v 0.8 2.7 -0.5
v 0.8 2.7 -0.6
v 0.8 2.8 0.3
v 0.8 2.8 0.2
v 0.8 2.8 -0.4
v 0.8 2.8 -0.5
v 0.9 0 0.7
v 0.9 0 0.6
v 0.9 0 -1
v 0.9 0 -1.1
v 0.9 0.1 0.7
v 0.9 0.1 0.6
v 0.9 0.1 -1
v 0.9 0.1 -1.1
v 0.9 0.2 0.7
v 0.9 0.2 0.6
v 0.9 0.2 -1
v 0.9 0.2 -1.1
v 0.9 0.3 0.7
v 0.9 0.3 0.6
v 0.9 0.3 0.5
v 0.9 0.3 0.4
v 0.9 0.3 0.2
v 0.9 0.3 -0.8
v 0.9 0.3 -0.9
v 0.9 0.3 -1
v 0.9 0.3 -1.1
v 0.9 0.4 0.5
v 0.9 0.4 0.2
v 0.9 0.4 -0.8
v 0.9 0.4 -0.9
v 0.9 0.4 -1
v 0.9 0.5 0.2
v 0.9 0.5 0.0999999
v 0.9 0.5 -0.3
v 0.9 0.5 -0.4
v 0.9 0.6 0.2
v 0.9 0.6 0.0999999
v 0.9 0.6 0
v 0.9 0.6 -0.3
v 0.9 0.6 -0.4
v 0.9 0.8 0.0999999
v 0.9 0.8 -0.3
v 0.9 2.3 0.3
v 0.9 2.3 0.2
v 0.9 2.3 -0.4
v 0.9 2.3 -0.5
v 0.9 2.4 0.4
v 0.9 2.4 0.3
v 0.9 2.4 0.2
v 0.9 2.4 -0.4
v 0.9 2.4 -0.5
v 0.9 2.4 -0.6
v 0.9 2.6 0.4
v 0.9 2.6 0.3
v 0.9 2.6 0.2
v 0.9 2.6 -0.4
v 0.9 2.6 -0.5
v 0.9 2.6 -0.6
v 0.9 2.7 0.3
v 0.9 2.7 0.2
v 0.9 2.7 0.0999999
v 0.9 2.7 -0.3
v 0.9 2.7 -0.4
v 0.9 2.7 -0.5
v 0.9 2.8 0.2
v 0.9 2.8 0.0999999
v 0.9 2.8 -0.3
v 0.9 2.8 -0.4
v 1 0 0.6
v 1 0 0.4
v 1 0 -0.8
v 1 0 -1
v 1 0.1 0.6
v 1 0.1 0.4
v 1 0.1 -0.8
v 1 0.1 -0.9
v 1 0.1 -1
v 1 0.2 0.4
v 1 0.2 -0.8
v 1 0.2 -0.9
v 1 0.3 0.6
v 1 0.3 0.4
v 1 0.3 0.2
v 1 0.3 0.0999999
v 1 0.3 -0.7
v 1 0.3 -0.8
v 1 0.3 -1
v 1 0.4 0.2
v 1 0.4 0.0999999
v 1 0.4 -0.3
v 1 0.4 -0.4
v 1 0.4 -0.7
v 1 0.4 -0.8
v 1 0.5 0.2
v 1 0.5 0.0999999
v 1 0.5 0
v 1 0.5 -0.2
v 1 0.5 -0.3
v 1 0.5 -0.4
v 1 0.6 0.0999999
v 1 0.6 0
v 1 0.6 -0.3
v 1 2 0
v 1 2 -0.2
v 1 2.1 0.0999999
v 1 2.1 0
v 1 2.1 -0.2
v 1 2.1 -0.3
v 1 2.2 0.0999999
v 1 2.2 0
v 1 2.2 -0.2
v 1 2.2 -0.3
v 1 2.4 0.3
v 1 2.4 0.2
v 1 2.4 -0.4
v 1 2.4 -0.5
v 1 2.5 0.3
v 1 2.5 0.2
v 1 2.5 -0.4
v 1 2.5 -0.5
v 1.1 0 0.4
v 1.1 0 0.2
v 1.1 0 -0.6
v 1.1 0 -0.8
v 1.1 0.1 0.4
v 1.1 0.1 0.2
v 1.1 0.1 -0.6
v 1.1 0.1 -0.8
v 1.1 0.2 0.4
v 1.1 0.2 0.2
v 1.1 0.2 0.0999999
v 1.1 0.2 -0.5
v 1.1 0.2 -0.6
v 1.1 0.2 -0.8
v 1.1 0.3 0.4
v 1.1 0.3 0.0999999
v 1.1 0.3 0
v 1.1 0.3 -0.4
v 1.1 0.3 -0.5
v 1.1 0.3 -0.6
v 1.1 0.3 -0.7
v 1.1 0.3 -0.8
v 1.1 0.4 0.0999999
v 1.1 0.4 0
v 1.1 0.4 -0.1
v 1.1 0.4 -0.2
v 1.1 0.4 -0.3
v 1.1 0.4 -0.4
v 1.1 0.4 -0.5
v 1.1 0.4 -0.7
v 1.1 0.5 0.0999999
v 1.1 0.5 0
v 1.1 0.5 -0.2
v 1.1 0.5 -0.3
v 1.1 2.1 0
v 1.1 2.1 -0.2
v 1.1 2.2 0.2
v 1.1 2.2 0.0999999
v 1.1 2.2 0
v 1.1 2.2 -0.2
v 1.1 2.2 -0.3
v 1.1 2.2 -0.4
v 1.1 2.3 0.2
v 1.1 2.3 0.0999999
v 1.1 2.3 -0.3
v 1.1 2.3 -0.4
v 1.1 2.5 0.3
v 1.1 2.5 0.2
v 1.1 2.5 -0.4
v 1.1 2.5 -0.5
v 1.1 2.6 0.3
v 1.1 2.6 0.2
v 1.1 2.6 -0.4
v 1.1 2.6 -0.5
v 1.1 2.7 0.0999999
v 1.1 2.7 0
v 1.1 2.7 -0.2
v 1.1 2.7 -0.3
v 1.1 2.8 0.0999999
v 1.1 2.8 0
v 1.1 2.8 -0.2
v 1.1 2.8 -0.3
v 1.2 0 0.2
v 1.2 0 0.0999999
v 1.2 0 -0.3
v 1.2 0 -0.5
v 1.2 0 -0.6
v 1.2 0.1 0.2
v 1.2 0.1 0.0999999
v 1.2 0.1 0
v 1.2 0.1 -0.2
v 1.2 0.1 -0.3
v 1.2 0.1 -0.5
v 1.2 0.1 -0.6
v 1.2 0.2 0.2
v 1.2 0.2 0.0999999
v 1.2 0.2 -0.2
v 1.2 0.2 -0.3
v 1.2 0.2 -0.5
v 1.2 0.2 -0.6
v 1.2 0.3 0.0999999
v 1.2 0.3 0
v 1.2 0.3 -0.1
v 1.2 0.3 -0.4
v 1.2 0.3 -0.5
v 1.2 0.4 0
v 1.2 0.4 -0.1
v 1.2 0.4 -0.3
v 1.2 0.4 -0.4
v 1.2 2.2 0.0999999
v 1.2 2.2 0
v 1.2 2.2 -0.2
v 1.2 2.2 -0.3
v 1.2 2.3 0.2
v 1.2 2.3 0.0999999
v 1.2 2.3 0
v 1.2 2.3 -0.2
v 1.2 2.3 -0.3
v 1.2 2.3 -0.4
v 1.2 2.4 0.2
v 1.2 2.4 0.0999999
v 1.2 2.4 -0.3
v 1.2 2.4 -0.4
v 1.2 2.6 0.2
v 1.2 2.6 0.0999999
v 1.2 2.6 -0.3
v 1.2 2.6 -0.4
v 1.2 2.7 0.2
v 1.2 2.7 0.0999999
v 1.2 2.7 -0.3
v 1.2 2.7 -0.4
v 1.3 2.2 0
v 1.3 2.2 -0.2
v 1.3 2.3 0
v 1.3 2.3 -0.2
v 1.3 2.5 0.2
v 1.3 2.5 0.0999999
v 1.3 2.5 -0.3
v 1.3 2.5 -0.4
v 1.3 2.6 0.2
v 1.3 2.6 0.0999999
v 1.3 2.6 -0.3
v 1.3 2.6 -0.4
v 1.3 2.7 0
v 1.3 2.7 -0.2
v 1.3 2.8 0
v 1.3 2.8 -0.2
v 1.4 2.3 0.0999999
v 1.4 2.3 0
v 1.4 2.3 -0.2
v 1.4 2.3 -0.3
v 1.4 2.4 0.2
v 1.4 2.4 0.0999999
v 1.4 2.4 0
v 1.4 2.4 -0.2
v 1.4 2.4 -0.3
v 1.4 2.4 -0.4
v 1.4 2.5 0.2
v 1.4 2.5 0.0999999
v 1.4 2.5 0
v 1.4 2.5 -0.2
v 1.4 2.5 -0.3
v 1.4 2.5 -0.4
v 1.4 2.6 0.0999999
v 1.4 2.6 0
v 1.4 2.6 -0.2
v 1.4 2.6 -0.3
v 1.4 2.7 0.0999999
v 1.4 2.7 0
v 1.4 2.7 -0.2
v 1.4 2.7 -0.3
v 1.5 2.4 0.0999999
v 1.5 2.4 0
v 1.5 2.4 -0.2
v 1.5 2.4 -0.3
v 1.5 2.5 0.0999999
v 1.5 2.5 0
v 1.5 2.5 -0.2
v 1.5 2.5 -0.3
v 1.5 2.6 0.0999999
v 1.5 2.6 0
v 1.5 2.6 -0.2
v 1.5 2.6 -0.3
v 1.5 2.7 0
v 1.5 2.7 -0.2
v -1.3 0 1.3
v -1.3 0.1 1.3
v -1.2 0 1.3
v -1.2 0.1 1.3
v -1.1 0 1.3
v -1.1 0.1 1.3
v -0.3 0 1.1
v -0.3 0.3 1.1
v -0.2 0.1 1.1
v -0.2 0.2 1.1
v -0.0999999 0 1.1
v -0.0999999 0.1 1.1
v -0.0999999 0.2 1.1
v -0.0999999 0.3 1.1
v 0.1 0 1.1
v 0.1 0.1 1.1
v 0.1 0.2 1.1
v 0.2 0.1 1.1
v 0.2 0.2 1.1
v 0.3 0.1 1.1
v 0.3 0.2 1.1
v 0.3 0.3 1.1
v 0.4 0 1.1
v 0.4 0.1 1.1
v 0.4 0.2 1.1
v 0.4 0.3 1.1
v -1.2 0.1 1
v -1.2 0.2 1
v -1.1 0 1
v -1.1 0.1 1
v -1.1 0.2 1
v -1 0 1
v -1 0.1 1
v -0.5 0 1
v -0.5 0.1 1
v -0.5 0.2 1
v -0.5 0.3 1
v -0.4 0 1
v -0.4 0.1 1
v -0.4 0.2 1
v -0.4 0.3 1
v -0.3 0 1
v -0.3 0.1 1
v -0.3 0.2 1
v -0.3 0.3 1
v -0.2 0.3 1
v -0.2 0.4 1
v -0.0999999 0.3 1
v 0 0.3 1
v 0 0.4 1
v 0.1 0.3 1
v 0.1 0.4 1
v 0.2 0.3 1
v 0.2 0.4 1
v 0.4 0 1
v 0.4 0.1 1
v 0.4 0.2 1
v 0.4 0.3 1
v 0.6 0 1
v 0.6 0.1 1
v 0.6 0.2 1
v 0.6 0.3 1
v -1.1 0.1 0.9
v -1.1 0.2 0.9
v -1 0 0.9
v -1 0.1 0.9
v -1 0.2 0.9
v -0.9 0 0.9
v -0.9 0.1 0.9
v -0.6 0 0.9
v -0.6 0.1 0.9
v -0.6 0.2 0.9
v -0.6 0.3 0.9
v -0.5 0 0.9
v -0.5 0.1 0.9
v -0.5 0.2 0.9
v -0.5 0.3 0.9
v -0.4 0.3 0.9
v -0.4 0.4 0.9
v -0.3 0.3 0.9
v -0.3 0.4 0.9
v -0.2 0.3 0.9
v -0.2 0.4 0.9
v 0.2 0.3 0.9
v 0.2 0.4 0.9
v 0.3 0.3 0.9
v 0.3 0.4 0.9
v 0.4 0.3 0.9
v 0.4 0.4 0.9
v 0.5 0.3 0.9
v 0.5 0.4 0.9
v 0.6 0 0.9
v 0.6 0.1 0.9
v 0.6 0.2 0.9
v 0.6 0.3 0.9
v 0.7 0 0.9
v 0.7 0.1 0.9
v 0.7 0.2 0.9
v 0.7 0.3 0.9
v -1 0.1 0.8
v -1 0.2 0.8
v -0.9 0.1 0.8
v -0.9 0.2 0.8
v -0.7 0 0.8
v -0.7 0.1 0.8
v -0.7 0.2 0.8
v -0.7 0.3 0.8
v -0.6 0 0.8
v -0.6 0.1 0.8
v -0.6 0.2 0.8
v -0.6 0.3 0.8
v -0.5 0.3 0.8
v -0.5 0.4 0.8
v -0.4 0.3 0.8
v -0.4 0.4 0.8
v 0.3 1.9 0.8
v 0.3 2.1 0.8
v 0.4 2.2 0.8
v 0.4 2.4 0.8
v 0.5 0.3 0.8
v 0.5 0.4 0.8
v 0.5 1.9 0.8
v 0.5 2.1 0.8
v 0.6 0.3 0.8
v 0.6 0.4 0.8
v 0.6 2.2 0.8
v 0.6 2.4 0.8
v 0.7 0 0.8
v 0.7 0.1 0.8
v 0.7 0.2 0.8
v 0.7 0.3 0.8
v 0.8 0 0.8
v 0.8 0.1 0.8
v 0.8 0.2 0.8
v 0.8 0.3 0.8
v -0.9 0 0.7
v -0.9 0.1 0.7
v -0.9 0.2 0.7
v -0.9 0.3 0.7
v -0.8 0 0.7
v -0.8 0.1 0.7
v -0.8 0.2 0.7
v -0.8 0.3 0.7
v -0.7 0 0.7
v -0.7 0.1 0.7
v -0.7 0.2 0.7
v -0.7 0.3 0.7
v -0.6 0.3 0.7
v -0.6 0.4 0.7
v -0.5 0.3 0.7
v -0.5 0.4 0.7
v 0.3 1.7 0.7
v 0.3 1.9 0.7
v 0.3 2.1 0.7
v 0.3 2.4 0.7
v 0.4 1.7 0.7
v 0.4 1.8 0.7
v 0.4 2.1 0.7
v 0.4 2.2 0.7
v 0.4 2.4 0.7
v 0.4 2.5 0.7
v 0.5 1.8 0.7
v 0.5 1.9 0.7
v 0.5 2.1 0.7
v 0.5 2.2 0.7
v 0.5 2.4 0.7
v 0.5 2.5 0.7
v 0.6 0.3 0.7
v 0.6 0.4 0.7
v 0.6 1.9 0.7
v 0.6 2.1 0.7
v 0.6 2.3 0.7
v 0.6 2.4 0.7
v 0.6 2.5 0.7
v 0.7 0.3 0.7
v 0.7 0.4 0.7
v 0.7 2.4 0.7
v 0.7 2.5 0.7
v 0.8 0 0.7
v 0.8 0.1 0.7
v 0.8 0.2 0.7
v 0.8 0.3 0.7
v 0.8 2.3 0.7
v 0.8 2.4 0.7
v 0.9 0 0.7
v 0.9 0.1 0.7
v 0.9 0.2 0.7
v 0.9 0.3 0.7
v -1 0.2 0.6
v -1 0.3 0.6
v -0.9 0.2 0.6
v -0.9 0.3 0.6
v -0.8 0.3 0.6
v -0.8 0.4 0.6
v -0.7 0.3 0.6
v -0.7 0.4 0.6
v -0.6 0.3 0.6
v -0.6 0.4 0.6
v 0.2 1.6 0.6
v 0.2 1.7 0.6
v 0.2 1.8 0.6
v 0.2 1.9 0.6
v 0.2 2.1 0.6
v 0.2 2.2 0.6
v 0.3 1.4 0.6
v 0.3 1.5 0.6
v 0.3 1.6 0.6
v 0.3 1.7 0.6
v 0.3 1.8 0.6
v 0.3 1.9 0.6
v 0.3 2.1 0.6
v 0.3 2.2 0.6
v 0.3 2.4 0.6
v 0.3 2.5 0.6
v 0.4 1.4 0.6
v 0.4 1.5 0.6
v 0.4 1.7 0.6
v 0.4 1.8 0.6
v 0.4 2.4 0.6
v 0.4 2.5 0.6
v 0.5 1.4 0.6
v 0.5 1.6 0.6
v 0.5 1.7 0.6
v 0.5 1.8 0.6
v 0.5 1.9 0.6
v 0.5 2.1 0.6
v 0.5 2.2 0.6
v 0.5 2.5 0.6
v 0.5 2.6 0.6
v 0.6 1.8 0.6
v 0.6 1.9 0.6
v 0.6 2.1 0.6
v 0.6 2.2 0.6
v 0.6 2.3 0.6
v 0.6 2.5 0.6
v 0.7 0.3 0.6
v 0.7 0.4 0.6
v 0.7 1.9 0.6
v 0.7 2.1 0.6
v 0.7 2.2 0.6
v 0.7 2.3 0.6
v 0.7 2.4 0.6
v 0.7 2.5 0.6
v 0.7 2.6 0.6
v 0.8 0.3 0.6
v 0.8 0.4 0.6
v 0.8 2.4 0.6
v 0.8 2.5 0.6
v 0.9 0 0.6
v 0.9 0.1 0.6
v 0.9 0.2 0.6
v 0.9 0.3 0.6
v 1 0 0.6
v 1 0.1 0.6
v 1 0.3 0.6
v 0.1 1.6 0.5
v 0.1 1.8 0.5
v 0.1 1.9 0.5
v 0.1 2 0.5
v 0.1 2.1 0.5
v 0.2 1.5 0.5
v 0.2 1.6 0.5
v 0.2 1.7 0.5
v 0.2 1.8 0.5
v 0.2 1.9 0.5
v 0.2 2 0.5
v 0.2 2.1 0.5
v 0.2 2.2 0.5
v 0.2 2.3 0.5
v 0.2 2.4 0.5
v 0.3 1.5 0.5
v 0.3 1.6 0.5
v 0.3 1.7 0.5
v 0.3 2.2 0.5
v 0.3 2.3 0.5
v 0.3 2.4 0.5
v 0.4 1.6 0.5
v 0.4 1.7 0.5
v 0.4 2.5 0.5
v 0.4 2.6 0.5
v 0.5 1.7 0.5
v 0.5 1.8 0.5
v 0.5 2.5 0.5
v 0.5 2.6 0.5
v 0.6 1.7 0.5
v 0.6 1.8 0.5
v 0.7 2.2 0.5
v 0.7 2.3 0.5
v 0.7 2.5 0.5
v 0.7 2.6 0.5
v 0.8 0.3 0.5
v 0.8 0.4 0.5
v 0.8 2.2 0.5
v 0.8 2.3 0.5
v 0.8 2.5 0.5
v 0.8 2.6 0.5
v 0.9 0.3 0.5
v 0.9 0.4 0.5
v -1 0 0.4
v -1 0.1 0.4
v -1 0.2 0.4
v -0.9 0 0.4
v -0.9 0.1 0.4
v -0.9 0.2 0.4
v -0.9 0.3 0.4
v -0.9 0.4 0.4
v -0.8 0.3 0.4
v -0.8 0.4 0.4
v 0.1 1.5 0.4
v 0.1 1.6 0.4
v 0.1 2.1 0.4
v 0.1 2.2 0.4
v 0.2 1.4 0.4
v 0.2 1.5 0.4
v 0.2 1.6 0.4
v 0.2 2.1 0.4
v 0.2 2.2 0.4
v 0.3 1.3 0.4
v 0.3 1.4 0.4
v 0.3 1.5 0.4
v 0.4 1.3 0.4
v 0.4 1.4 0.4
v 0.4 1.6 0.4
v 0.4 1.7 0.4
v 0.5 1.3 0.4
v 0.5 1.4 0.4
v 0.5 1.5 0.4
v 0.5 1.6 0.4
v 0.5 1.7 0.4
v 0.6 1.4 0.4
v 0.6 1.6 0.4
v 0.6 1.8 0.4
v 0.6 1.9 0.4
v 0.6 2.1 0.4
v 0.6 2.2 0.4
v 0.6 2.6 0.4
v 0.6 2.7 0.4
v 0.7 1.8 0.4
v 0.7 1.9 0.4
v 0.7 2.1 0.4
v 0.7 2.2 0.4
v 0.7 2.6 0.4
v 0.8 1.9 0.4
v 0.8 2.1 0.4
v 0.8 2.4 0.4
v 0.8 2.6 0.4
v 0.8 2.7 0.4
v 0.9 2.4 0.4
v 0.9 2.6 0.4
v 1 0 0.4
v 1 0.1 0.4
v 1 0.2 0.4
v 1 0.3 0.4
v 1.1 0 0.4
v 1.1 0.1 0.4
v 1.1 0.2 0.4
v 1.1 0.3 0.4
v 0.1 1 0.3
v 0.1 1.2 0.3
v 0.1 1.3 0.3
v 0.1 1.4 0.3
v 0.1 1.5 0.3
v 0.2 0.9 0.3
v 0.2 1 0.3
v 0.2 1.2 0.3
v 0.2 1.3 0.3
v 0.2 1.4 0.3
v 0.2 1.5 0.3
v 0.3 0.8 0.3
v 0.3 0.9 0.3
v 0.3 1 0.3
v 0.3 1.2 0.3
v 0.3 1.3 0.3
v 0.3 1.4 0.3
v 0.4 0.6 0.3
v 0.4 0.8 0.3
v 0.4 0.9 0.3
v 0.4 1.2 0.3
v 0.4 1.3 0.3
v 0.5 0.5 0.3
v 0.5 0.6 0.3
v 0.5 0.8 0.3
v 0.5 0.9 0.3
v 0.5 1.2 0.3
v 0.5 1.3 0.3
v 0.5 1.6 0.3
v 0.5 1.7 0.3
v 0.5 2.6 0.3
v 0.5 2.7 0.3
v 0.6 0.4 0.3
v 0.6 0.5 0.3
v 0.6 0.6 0.3
v 0.6 0.8 0.3
v 0.6 1.6 0.3
v 0.6 1.7 0.3
v 0.6 1.8 0.3
v 0.6 2.6 0.3
v 0.6 2.7 0.3
v 0.7 0.5 0.3
v 0.7 0.6 0.3
v 0.7 1.7 0.3
v 0.7 1.8 0.3
v 0.7 1.9 0.3
v 0.7 2.1 0.3
v 0.7 2.2 0.3
v 0.7 2.7 0.3
v 0.7 2.8 0.3
v 0.8 0.4 0.3
v 0.8 0.5 0.3
v 0.8 1.8 0.3
v 0.8 1.9 0.3
v 0.8 2.1 0.3
v 0.8 2.2 0.3
v 0.8 2.3 0.3
v 0.8 2.4 0.3
v 0.8 2.6 0.3
v 0.8 2.7 0.3
v 0.8 2.8 0.3
v 0.9 2.3 0.3
v 0.9 2.4 0.3
v 0.9 2.6 0.3
v 0.9 2.7 0.3
v 1 2.4 0.3
v 1 2.5 0.3
v 1.1 2.5 0.3
v 1.1 2.6 0.3
v -1.1 0 0.2
v -1.1 0.1 0.2
v -1.1 0.2 0.2
v -1 0 0.2
v -1 0.1 0.2
v -1 0.2 0.2
v -1 0.3 0.2
v -1 0.4 0.2
v -0.9 0.3 0.2
v -0.9 0.4 0.2
v 0 1.4 0.2
v 0 1.5 0.2
v 0 1.6 0.2
v 0 1.7 0.2
v 0 1.8 0.2
v 0 1.9 0.2
v 0 2 0.2
v 0.1 1.4 0.2
v 0.1 1.5 0.2
v 0.1 1.6 0.2
v 0.1 1.7 0.2
v 0.1 1.8 0.2
v 0.1 1.9 0.2
v 0.1 2 0.2
v 0.4 0.9 0.2
v 0.4 1 0.2
v 0.4 1.2 0.2
v 0.5 0.8 0.2
v 0.5 0.9 0.2
v 0.5 1 0.2
v 0.5 1.2 0.2
v 0.5 1.3 0.2
v 0.5 1.4 0.2
v 0.6 0.6 0.2
v 0.6 0.8 0.2
v 0.6 0.9 0.2
v 0.6 1 0.2
v 0.6 1.3 0.2
v 0.6 1.4 0.2
v 0.6 2.7 0.2
v 0.6 2.8 0.2
v 0.7 0.5 0.2
v 0.7 0.6 0.2
v 0.7 0.8 0.2
v 0.7 0.9 0.2
v 0.7 2.7 0.2
v 0.7 2.8 0.2
v 0.8 0.4 0.2
v 0.8 0.5 0.2
v 0.8 0.6 0.2
v 0.8 0.8 0.2
v 0.8 2.2 0.2
v 0.8 2.3 0.2
v 0.8 2.7 0.2
v 0.8 2.8 0.2
v 0.9 0.3 0.2
v 0.9 0.4 0.2
v 0.9 0.5 0.2
v 0.9 0.6 0.2
v 0.9 2.3 0.2
v 0.9 2.4 0.2
v 0.9 2.6 0.2
v 0.9 2.7 0.2
v 0.9 2.8 0.2
v 1 0.3 0.2
v 1 0.4 0.2
v 1 0.5 0.2
v 1 2.4 0.2
v 1 2.5 0.2
v 1.1 0 0.2
v 1.1 0.1 0.2
v 1.1 0.2 0.2
v 1.1 2.2 0.2
v 1.1 2.3 0.2
v 1.1 2.5 0.2
v 1.1 2.6 0.2
v 1.2 0 0.2
v 1.2 0.1 0.2
v 1.2 0.2 0.2
v 1.2 2.3 0.2
v 1.2 2.4 0.2
v 1.2 2.6 0.2
v 1.2 2.7 0.2
v 1.3 2.5 0.2
v 1.3 2.6 0.2
v 1.4 2.4 0.2
v 1.4 2.5 0.2
v -1.1 0.2 0.0999999
v -1.1 0.3 0.0999999
v -1 0.2 0.0999999
v -1 0.3 0.0999999
v 0 1 0.0999999
v 0 1.1 0.0999999
v 0 1.3 0.0999999
v 0 1.4 0.0999999
v 0 2 0.0999999
v 0 2.1 0.0999999
v 0.1 0.9 0.0999999
v 0.1 1 0.0999999
v 0.1 1.1 0.0999999
v 0.1 1.3 0.0999999
v 0.1 1.4 0.0999999
v 0.1 2 0.0999999
v 0.1 2.1 0.0999999
v 0.2 0.8 0.0999999
v 0.2 0.9 0.0999999
v 0.2 1 0.0999999
v 0.3 0.6 0.0999999
v 0.3 0.7 0.0999999
v 0.3 0.8 0.0999999
v 0.3 0.9 0.0999999
v 0.4 0.5 0.0999999
v 0.4 0.6 0.0999999
v 0.4 0.7 0.0999999
v 0.4 0.8 0.0999999
v 0.5 0.5 0.0999999
v 0.5 0.6 0.0999999
v 0.5 1 0.0999999
v 0.5 1.3 0.0999999
v 0.5 2.7 0.0999999
v 0.5 2.8 0.0999999
v 0.6 0.9 0.0999999
v 0.6 1 0.0999999
v 0.6 1.3 0.0999999
v 0.6 1.5 0.0999999
v 0.6 1.7 0.0999999
v 0.6 2.7 0.0999999
v 0.6 2.8 0.0999999
v 0.7 0.8 0.0999999
v 0.7 0.9 0.0999999
v 0.7 1 0.0999999
v 0.7 1.3 0.0999999
v 0.7 1.5 0.0999999
v 0.7 1.7 0.0999999
v 0.7 1.8 0.0999999
v 0.8 0.6 0.0999999
v 0.8 0.8 0.0999999
v 0.8 0.9 0.0999999
v 0.8 1.7 0.0999999
v 0.8 1.8 0.0999999
v 0.8 2.1 0.0999999
v 0.8 2.2 0.0999999
v 0.9 0.5 0.0999999
v 0.9 0.6 0.0999999
v 0.9 0.8 0.0999999
v 0.9 2.7 0.0999999
v 0.9 2.8 0.0999999
v 1 0.3 0.0999999
v 1 0.4 0.0999999
v 1 0.5 0.0999999
v 1 0.6 0.0999999
v 1 2.1 0.0999999
v 1 2.2 0.0999999
v 1.1 0.2 0.0999999
v 1.1 0.3 0.0999999
v 1.1 0.4 0.0999999
v 1.1 0.5 0.0999999
v 1.1 2.2 0.0999999
v 1.1 2.3 0.0999999
v 1.1 2.7 0.0999999
v 1.1 2.8 0.0999999
v 1.2 0.2 0.0999999
v 1.2 0.3 0.0999999
v 1.2 2.2 0.0999999
v 1.2 2.3 0.0999999
v 1.2 2.4 0.0999999
v 1.2 2.6 0.0999999
v 1.2 2.7 0.0999999
v 1.3 2.3 0.0999999
v 1.3 2.4 0.0999999
v 1.3 2.5 0.0999999
v 1.3 2.6 0.0999999
v 1.4 2.3 0.0999999
v 1.4 2.4 0.0999999
v 1.4 2.5 0.0999999
v 1.4 2.6 0.0999999
v 1.4 2.7 0.0999999
v 1.5 2.4 0.0999999
v 1.5 2.5 0.0999999
v 1.5 2.6 0.0999999
v 0.5 0.4 0
v 0.5 0.5 0
v 0.6 0.4 0
v 0.6 0.5 0
v 0.8 0.3 0
v 0.8 0.4 0
v 0.8 2 0
v 0.8 2.1 0
v 0.9 0.3 0
v 0.9 0.4 0
v 1 2 0
v 1 2.1 0
v 1 2.2 0
v 1.1 0.3 0
v 1.1 0.4 0
v 1.1 2.1 0
v 1.1 2.2 0
v 1.1 2.7 0
v 1.1 2.8 0
v 1.2 0.3 0
v 1.2 0.4 0
v 1.2 2.2 0
v 1.2 2.3 0
v 1.2 2.7 0
v 1.3 2.2 0
v 1.3 2.3 0
v 1.3 2.7 0
v 1.3 2.8 0
v 1.4 2.6 0
v 1.4 2.7 0
v 1.5 2.6 0
v 1.5 2.7 0
v 1.4 2.4 -0.2
v 1.4 2.5 -0.2
v 1.5 2.4 -0.2
v 1.5 2.5 -0.2
v 0.9 0 -0.4
v 0.9 0.3 -0.4
v 1 0 -0.4
v 1 0.3 -0.4
v 0.8 0 -0.5
v 0.8 0.3 -0.5
v 0.9 0 -0.5
v 0.9 0.3 -0.5
v -0.7 0 -0.6
v -0.7 0.2 -0.6
v -0.6 0 -0.6
v -0.6 0.2 -0.6
v 0.7 0 -0.6
v 0.7 0.3 -0.6
v 0.8 0 -0.6
v 0.8 0.3 -0.6
v -0.6 0 -0.7
v -0.6 0.2 -0.7
v -0.5 0 -0.7
v -0.5 0.2 -0.7
v 0.7 0.3 -0.7
v 0.7 0.4 -0.7
v 0.8 0.3 -0.7
v 0.8 0.4 -0.7
v -0.7 0.2 -0.8
v -0.7 0.3 -0.8
v -0.7 0.4 -0.8
v -0.6 0.3 -0.8
v -0.6 0.4 -0.8
v -0.5 0 -0.8
v -0.5 0.2 -0.8
v -0.5 0.3 -0.8
v -0.4 0 -0.8
v -0.4 0.2 -0.8
v -0.6 0.3 -0.9
v -0.6 0.4 -0.9
v -0.5 0.3 -0.9
v -0.5 0.4 -0.9
v -0.4 0 -0.9
v -0.4 0.2 -0.9
v -0.3 0 -0.9
v -0.3 0.2 -0.9
v 0.6 0 -0.9
v 0.6 0.4 -0.9
v 0.7 0 -0.9
v 0.7 0.4 -0.9
v -0.5 0.2 -1
v -0.5 0.3 -1
v -0.5 0.4 -1
v -0.4 0.2 -1
v -0.4 0.3 -1
v -0.4 0.4 -1
v -0.3 0 -1
v -0.3 0.2 -1
v -0.2 0 -1
v -0.2 0.2 -1
v 0.2 0 -1
v 0.2 0.2 -1
v 0.3 0.2 -1
v 0.3 0.3 -1
v 0.5 0.3 -1
v 0.5 0.4 -1
v 0.6 0 -1
v 0.6 0.3 -1
v 0.6 0.4 -1
v -0.4 0.2 -1.1
v -0.4 0.3 -1.1
v -0.4 0.4 -1.1
v -0.3 0.2 -1.1
v -0.3 0.3 -1.1
v -0.3 0.4 -1.1
v -0.2 0 -1.1
v -0.2 0.2 -1.1
v -0.2 0.3 -1.1
v -0.2 0.4 -1.1
v 0 0.2 -1.1
v 0 0.3 -1.1
v 0.2 0 -1.1
v 0.2 0.2 -1.1
v 0.2 0.3 -1.1
v 0.3 0.2 -1.1
v 0.3 0.3 -1.1
v 0.4 0.3 -1.1
v 0.4 0.4 -1.1
v 0.5 0.3 -1.1
v 0.5 0.4 -1.1
v -0.2 0.3 -1.2
v -0.2 0.4 -1.2
v 0 0.3 -1.2
v 0 0.4 -1.2
v 0.2 0.3 -1.2
v 0.2 0.4 -1.2
v 0.4 0.3 -1.2
v 0.4 0.4 -1.2
v -1.3 0 1
v -1.3 0.1 1
v -1.2 0 1
v -1.2 0.1 1
v -1.2 0 0.8
v -1.2 0.1 0.8
v -1.2 0.2 0.8
v -1.1 0 0.8
v -1.1 0.1 0.8
v -1.1 0.2 0.8
v -0.5 0 0.7
v -0.5 0.3 0.7
v -0.4 0.3 0.7
v -0.3 0.3 0.7
v -0.0999999 0.3 0.7
v 0.1 0.3 0.7
v 0.4 0.3 0.7
v 0.6 0 0.7
v 0.6 0.3 0.7
v -1.1 0 0.6
v -1.1 0.2 0.6
v -1 0 0.6
v -1 0.2 0.6
v -0.6 0 0.6
v -0.6 0.3 0.6
v -0.5 0 0.6
v -0.5 0.3 0.6
v -0.4 0.3 0.6
v -0.4 0.4 0.6
v -0.3 0.3 0.6
v -0.3 0.4 0.6
v -0.0999999 0.3 0.6
v -0.0999999 0.4 0.6
v 0.1 0.3 0.6
v 0.1 0.4 0.6
v 0.4 0.3 0.6
v 0.4 0.4 0.6
v 0.6 0 0.6
v 0.6 0.3 0.6
v 0.6 0.4 0.6
v 0.7 0 0.6
v 0.7 0.3 0.6
v -1 0 0.5
v -1 0.2 0.5
v -0.9 0 0.5
v -0.9 0.2 0.5
v -0.7 0 0.5
v -0.7 0.3 0.5
v -0.6 0 0.5
v -0.6 0.3 0.5
v -0.5 0.3 0.5
v -0.5 0.4 0.5
v -0.4 0.3 0.5
v -0.4 0.4 0.5
v 0.6 0.3 0.5
v 0.6 0.4 0.5
v 0.7 0 0.5
v 0.7 0.3 0.5
v 0.7 0.4 0.5
v 0.8 0 0.5
v 0.8 0.3 0.5
v -0.6 0.3 0.4
v -0.6 0.4 0.4
v -0.5 0.3 0.4
v -0.5 0.4 0.4
v 0.7 0.3 0.4
v 0.7 0.4 0.4
v 0.8 0.3 0.4
v 0.8 0.4 0.4
v -0.7 0.3 0.3
v -0.7 0.4 0.3
v -0.6 0.3 0.3
v -0.6 0.4 0.3
v 0.8 0 0.3
v 0.8 0.3 0.3
v 0.9 0 0.3
v 0.9 0.2 0.3
v 0.9 0.3 0.3
v 0.8 0.3 0.2
v 0.8 0.4 0.2
v 0.9 0.3 0.2
v 0.9 0.4 0.2
v 0.9 0 0
v 0.9 0.3 0
v 1 0 0
v 1 0.3 0
v 1.4 2.4 0
v 1.4 2.5 0
v 1.5 2.4 0
v 1.5 2.5 0
v 0.8 2 -0.2
v 0.8 2.1 -0.2
v 1 2 -0.2
v 1 2.1 -0.2
v 1 2.2 -0.2
v 1.1 2.1 -0.2
v 1.1 2.2 -0.2
v 1.1 2.7 -0.2
v 1.1 2.8 -0.2
v 1.2 2.2 -0.2
v 1.2 2.3 -0.2
v 1.2 2.7 -0.2
v 1.3 2.2 -0.2
v 1.3 2.3 -0.2
v 1.3 2.7 -0.2
v 1.3 2.8 -0.2
v 1.4 2.6 -0.2
v 1.4 2.7 -0.2
v 1.5 2.6 -0.2
v 1.5 2.7 -0.2
v 0 1 -0.3
v 0 1.1 -0.3
v 0 1.3 -0.3
v 0 1.4 -0.3
v 0 2 -0.3
v 0 2.1 -0.3
v 0.1 0.9 -0.3
v 0.1 1 -0.3
v 0.1 1.1 -0.3
v 0.1 1.3 -0.3
v 0.1 1.4 -0.3
v 0.1 2 -0.3
v 0.1 2.1 -0.3
v 0.2 0.8 -0.3
v 0.2 0.9 -0.3
v 0.2 1 -0.3
v 0.3 0.6 -0.3
v 0.3 0.7 -0.3
v 0.3 0.8 -0.3
v 0.3 0.9 -0.3
v 0.4 0.5 -0.3
v 0.4 0.6 -0.3
v 0.4 0.7 -0.3
v 0.4 0.8 -0.3
v 0.5 0.5 -0.3
v 0.5 0.6 -0.3
v 0.5 1 -0.3
v 0.5 1.3 -0.3
v 0.5 2.7 -0.3
v 0.5 2.8 -0.3
v 0.6 0.9 -0.3
v 0.6 1 -0.3
v 0.6 1.3 -0.3
v 0.6 1.5 -0.3
v 0.6 1.7 -0.3
v 0.6 2.7 -0.3
v 0.6 2.8 -0.3
v 0.7 0.8 -0.3
v 0.7 0.9 -0.3
v 0.7 1 -0.3
v 0.7 1.3 -0.3
v 0.7 1.5 -0.3
v 0.7 1.7 -0.3
v 0.7 1.8 -0.3
v 0.8 0.6 -0.3
v 0.8 0.8 -0.3
v 0.8 0.9 -0.3
v 0.8 1.7 -0.3
v 0.8 1.8 -0.3
v 0.8 2.1 -0.3
v 0.8 2.2 -0.3
v 0.9 0.5 -0.3
v 0.9 0.6 -0.3
v 0.9 0.8 -0.3
v 0.9 2.7 -0.3
v 0.9 2.8 -0.3
v 1 0.4 -0.3
v 1 0.5 -0.3
v 1 0.6 -0.3
v 1 2.1 -0.3
v 1 2.2 -0.3
v 1.1 0.4 -0.3
v 1.1 0.5 -0.3
v 1.1 2.2 -0.3
v 1.1 2.3 -0.3
v 1.1 2.7 -0.3
v 1.1 2.8 -0.3
v 1.2 2.2 -0.3
v 1.2 2.3 -0.3
v 1.2 2.4 -0.3
v 1.2 2.6 -0.3
v 1.2 2.7 -0.3
v 1.3 2.3 -0.3
v 1.3 2.4 -0.3
v 1.3 2.5 -0.3
v 1.3 2.6 -0.3
v 1.4 2.3 -0.3
v 1.4 2.4 -0.3
v 1.4 2.5 -0.3
v 1.4 2.6 -0.3
v 1.4 2.7 -0.3
v 1.5 2.4 -0.3
v 1.5 2.5 -0.3
v 1.5 2.6 -0.3
v 0 1.4 -0.4
v 0 1.5 -0.4
v 0 1.6 -0.4
v 0 1.7 -0.4
v 0 1.8 -0.4
v 0 1.9 -0.4
v 0 2 -0.4
v 0.1 1.4 -0.4
v 0.1 1.5 -0.4
v 0.1 1.6 -0.4
v 0.1 1.7 -0.4
v 0.1 1.8 -0.4
v 0.1 1.9 -0.4
v 0.1 2 -0.4
v 0.4 1 -0.4
v 0.4 1.2 -0.4
v 0.5 0.4 -0.4
v 0.5 0.5 -0.4
v 0.5 0.9 -0.4
v 0.5 1 -0.4
v 0.5 1.2 -0.4
v 0.5 1.3 -0.4
v 0.5 1.4 -0.4
v 0.6 0.4 -0.4
v 0.6 0.5 -0.4
v 0.6 0.8 -0.4
v 0.6 0.9 -0.4
v 0.6 1 -0.4
v 0.6 1.3 -0.4
v 0.6 1.4 -0.4
v 0.6 2.7 -0.4
v 0.6 2.8 -0.4
v 0.7 0.6 -0.4
v 0.7 0.8 -0.4
v 0.7 0.9 -0.4
v 0.7 2.7 -0.4
v 0.7 2.8 -0.4
v 0.8 0.4 -0.4
v 0.8 0.6 -0.4
v 0.8 0.8 -0.4
v 0.8 2.2 -0.4
v 0.8 2.3 -0.4
v 0.8 2.7 -0.4
v 0.8 2.8 -0.4
v 0.9 0.4 -0.4
v 0.9 0.5 -0.4
v 0.9 0.6 -0.4
v 0.9 2.3 -0.4
v 0.9 2.4 -0.4
v 0.9 2.6 -0.4
v 0.9 2.7 -0.4
v 0.9 2.8 -0.4
v 1 0.4 -0.4
v 1 0.5 -0.4
v 1 2.4 -0.4
v 1 2.5 -0.4
v 1.1 0.3 -0.4
v 1.1 0.4 -0.4
v 1.1 2.2 -0.4
v 1.1 2.3 -0.4
v 1.1 2.5 -0.4
v 1.1 2.6 -0.4
v 1.2 0.3 -0.4
v 1.2 0.4 -0.4
v 1.2 2.3 -0.4
v 1.2 2.4 -0.4
v 1.2 2.6 -0.4
v 1.2 2.7 -0.4
v 1.3 2.5 -0.4
v 1.3 2.6 -0.4
v 1.4 2.4 -0.4
v 1.4 2.5 -0.4
v -1.1 0.2 -0.5
v -1.1 0.3 -0.5
v -1 0.2 -0.5
v -1 0.3 -0.5
v 0.1 1 -0.5
v 0.1 1.2 -0.5
v 0.1 1.3 -0.5
v 0.1 1.4 -0.5
v 0.1 1.5 -0.5
v 0.2 0.9 -0.5
v 0.2 1 -0.5
v 0.2 1.2 -0.5
v 0.2 1.3 -0.5
v 0.2 1.4 -0.5
v 0.2 1.5 -0.5
v 0.3 0.8 -0.5
v 0.3 0.9 -0.5
v 0.3 1 -0.5
v 0.3 1.2 -0.5
v 0.4 0.6 -0.5
v 0.4 0.8 -0.5
v 0.4 1 -0.5
v 0.4 1.2 -0.5
v 0.4 1.3 -0.5
v 0.4 1.4 -0.5
v 0.5 0.5 -0.5
v 0.5 0.6 -0.5
v 0.5 0.9 -0.5
v 0.5 1 -0.5
v 0.5 1.2 -0.5
v 0.5 1.3 -0.5
v 0.5 1.6 -0.5
v 0.5 1.7 -0.5
v 0.5 2.6 -0.5
v 0.5 2.7 -0.5
v 0.6 0.4 -0.5
v 0.6 0.5 -0.5
v 0.6 0.8 -0.5
v 0.6 0.9 -0.5
v 0.6 1.6 -0.5
v 0.6 1.7 -0.5
v 0.6 1.8 -0.5
v 0.6 2.6 -0.5
v 0.6 2.7 -0.5
v 0.7 0.6 -0.5
v 0.7 0.8 -0.5
v 0.7 1.7 -0.5
v 0.7 1.8 -0.5
v 0.7 1.9 -0.5
v 0.7 2.1 -0.5
v 0.7 2.2 -0.5
v 0.7 2.7 -0.5
v 0.7 2.8 -0.5
v 0.8 0.4 -0.5
v 0.8 0.6 -0.5
v 0.8 1.8 -0.5
v 0.8 1.9 -0.5
v 0.8 2.1 -0.5
v 0.8 2.2 -0.5
v 0.8 2.3 -0.5
v 0.8 2.4 -0.5
v 0.8 2.6 -0.5
v 0.8 2.7 -0.5
v 0.8 2.8 -0.5
v 0.9 2.3 -0.5
v 0.9 2.4 -0.5
v 0.9 2.6 -0.5
v 0.9 2.7 -0.5
v 1 2.4 -0.5
v 1 2.5 -0.5
v 1.1 0.2 -0.5
v 1.1 0.3 -0.5
v 1.1 2.5 -0.5
v 1.1 2.6 -0.5
v 1.2 0.2 -0.5
v 1.2 0.3 -0.5
v -1.1 0 -0.6
v -1.1 0.1 -0.6
v -1.1 0.2 -0.6
v -1 0 -0.6
v -1 0.1 -0.6
v -1 0.2 -0.6
v -1 0.3 -0.6
v -1 0.4 -0.6
v -0.9 0.3 -0.6
v -0.9 0.4 -0.6
v 0.1 1.5 -0.6
v 0.1 1.6 -0.6
v 0.1 2.1 -0.6
v 0.1 2.2 -0.6
v 0.2 1.4 -0.6
v 0.2 1.5 -0.6
v 0.2 1.6 -0.6
v 0.2 2.1 -0.6
v 0.2 2.2 -0.6
v 0.3 1.4 -0.6
v 0.3 1.5 -0.6
v 0.4 1.3 -0.6
v 0.4 1.4 -0.6
v 0.4 1.6 -0.6
v 0.4 1.7 -0.6
v 0.5 1.3 -0.6
v 0.5 1.4 -0.6
v 0.5 1.5 -0.6
v 0.5 1.6 -0.6
v 0.5 1.7 -0.6
v 0.6 1.4 -0.6
v 0.6 1.6 -0.6
v 0.6 1.8 -0.6
v 0.6 1.9 -0.6
v 0.6 2.1 -0.6
v 0.6 2.2 -0.6
v 0.6 2.6 -0.6
v 0.6 2.7 -0.6
v 0.7 1.8 -0.6
v 0.7 1.9 -0.6
v 0.7 2.1 -0.6
v 0.7 2.2 -0.6
v 0.7 2.6 -0.6
v 0.7 2.7 -0.6
v 0.8 1.9 -0.6
v 0.8 2.1 -0.6
v 0.8 2.4 -0.6
v 0.8 2.5 -0.6
v 0.8 2.6 -0.6
v 0.8 2.7 -0.6
v 0.9 2.4 -0.6
v 0.9 2.6 -0.6
v 1.1 0 -0.6
v 1.1 0.1 -0.6
v 1.1 0.2 -0.6
v 1.2 0 -0.6
v 1.2 0.1 -0.6
v 1.2 0.2 -0.6
v 0.1 1.6 -0.7
v 0.1 1.8 -0.7
v 0.1 1.9 -0.7
v 0.1 2 -0.7
v 0.1 2.1 -0.7
v 0.2 1.5 -0.7
v 0.2 1.6 -0.7
v 0.2 1.7 -0.7
v 0.2 1.8 -0.7
v 0.2 1.9 -0.7
v 0.2 2 -0.7
v 0.2 2.1 -0.7
v 0.2 2.2 -0.7
v 0.2 2.3 -0.7
v 0.2 2.4 -0.7
v 0.3 1.5 -0.7
v 0.3 1.6 -0.7
v 0.3 1.7 -0.7
v 0.3 2.2 -0.7
v 0.3 2.3 -0.7
v 0.3 2.4 -0.7
v 0.4 1.6 -0.7
v 0.4 1.7 -0.7
v 0.4 2.5 -0.7
v 0.4 2.6 -0.7
v 0.5 1.7 -0.7
v 0.5 1.8 -0.7
v 0.5 2.5 -0.7
v 0.5 2.6 -0.7
v 0.6 1.7 -0.7
v 0.6 1.8 -0.7
v 0.7 2.2 -0.7
v 0.7 2.3 -0.7
v 0.7 2.5 -0.7
v 0.7 2.6 -0.7
v 0.8 2.2 -0.7
v 0.8 2.3 -0.7
v 0.8 2.5 -0.7
v 0.8 2.6 -0.7
v 1 0.3 -0.7
v 1 0.4 -0.7
v 1.1 0.3 -0.7
v 1.1 0.4 -0.7
v -1 0 -0.8
v -1 0.1 -0.8
v -1 0.3 -0.8
v -0.9 0 -0.8
v -0.9 0.1 -0.8
v -0.9 0.2 -0.8
v -0.9 0.3 -0.8
v -0.9 0.4 -0.8
v -0.8 0.3 -0.8
v -0.8 0.4 -0.8
v 0.2 1.6 -0.8
v 0.2 1.7 -0.8
v 0.2 1.8 -0.8
v 0.2 1.9 -0.8
v 0.2 2.1 -0.8
v 0.2 2.2 -0.8
v 0.3 1.4 -0.8
v 0.3 1.5 -0.8
v 0.3 1.6 -0.8
v 0.3 1.7 -0.8
v 0.3 1.8 -0.8
v 0.3 1.9 -0.8
v 0.3 2.1 -0.8
v 0.3 2.2 -0.8
v 0.3 2.4 -0.8
v 0.3 2.5 -0.8
v 0.4 1.4 -0.8
v 0.4 1.5 -0.8
v 0.4 1.7 -0.8
v 0.4 1.8 -0.8
v 0.4 2.4 -0.8
v 0.4 2.5 -0.8
v 0.5 1.4 -0.8
v 0.5 1.6 -0.8
v 0.5 1.7 -0.8
v 0.5 1.8 -0.8
v 0.5 1.9 -0.8
v 0.5 2.1 -0.8
v 0.5 2.2 -0.8
v 0.5 2.5 -0.8
v 0.5 2.6 -0.8
v 0.6 1.8 -0.8
v 0.6 1.9 -0.8
v 0.6 2.1 -0.8
v 0.6 2.2 -0.8
v 0.6 2.3 -0.8
v 0.6 2.5 -0.8
v 0.7 1.9 -0.8
v 0.7 2.1 -0.8
v 0.7 2.2 -0.8
v 0.7 2.3 -0.8
v 0.7 2.4 -0.8
v 0.7 2.5 -0.8
v 0.7 2.6 -0.8
v 0.8 2.4 -0.8
v 0.8 2.5 -0.8
v 0.9 0.3 -0.8
v 0.9 0.4 -0.8
v 1 0 -0.8
v 1 0.1 -0.8
v 1 0.2 -0.8
v 1 0.3 -0.8
v 1 0.4 -0.8
v 1.1 0 -0.8
v 1.1 0.1 -0.8
v 1.1 0.2 -0.8
v 1.1 0.3 -0.8
v 0.3 1.7 -0.9
v 0.3 1.8 -0.9
v 0.3 1.9 -0.9
v 0.3 2.1 -0.9
v 0.3 2.4 -0.9
v 0.4 1.7 -0.9
v 0.4 1.8 -0.9
v 0.4 1.9 -0.9
v 0.4 2.1 -0.9
v 0.4 2.2 -0.9
v 0.4 2.4 -0.9
v 0.4 2.5 -0.9
v 0.5 1.8 -0.9
v 0.5 1.9 -0.9
v 0.5 2.1 -0.9
v 0.5 2.2 -0.9
v 0.5 2.4 -0.9
v 0.5 2.5 -0.9
v 0.6 1.9 -0.9
v 0.6 2.1 -0.9
v 0.6 2.3 -0.9
v 0.6 2.4 -0.9
v 0.6 2.5 -0.9
v 0.7 2.4 -0.9
v 0.7 2.5 -0.9
v 0.8 2.3 -0.9
v 0.8 2.4 -0.9
v -0.9 0 -1
v -0.9 0.1 -1
v -0.9 0.2 -1
v -0.9 0.3 -1
v -0.8 0 -1
v -0.8 0.1 -1
v -0.8 0.2 -1
v -0.8 0.3 -1
v -0.8 0.4 -1
v -0.7 0.3 -1
v -0.7 0.4 -1
v 0.3 1.9 -1
v 0.3 2.1 -1
v 0.4 2.2 -1
v 0.4 2.4 -1
v 0.5 1.9 -1
v 0.5 2.1 -1
v 0.6 2.2 -1
v 0.6 2.4 -1
v 0.8 0.3 -1
v 0.8 0.4 -1
v 0.9 0 -1
v 0.9 0.1 -1
v 0.9 0.2 -1
v 0.9 0.3 -1
v 0.9 0.4 -1
v 1 0 -1
v 1 0.1 -1
v 1 0.3 -1
v -0.8 0 -1.1
v -0.8 0.1 -1.1
v -0.8 0.3 -1.1
v -0.7 0 -1.1
v -0.7 0.1 -1.1
v -0.7 0.2 -1.1
v -0.7 0.3 -1.1
v -0.7 0.4 -1.1
v -0.6 0.3 -1.1
v -0.6 0.4 -1.1
v 0.7 0.3 -1.1
v 0.7 0.4 -1.1
v 0.8 0 -1.1
v 0.8 0.1 -1.1
v 0.8 0.2 -1.1
v 0.8 0.3 -1.1
v 0.8 0.4 -1.1
v 0.9 0 -1.1
v 0.9 0.1 -1.1
v 0.9 0.2 -1.1
v 0.9 0.3 -1.1
v -0.7 0 -1.2
v -0.7 0.1 -1.2
v -0.7 0.2 -1.2
v -0.7 0.3 -1.2
v -0.6 0 -1.2
v -0.6 0.1 -1.2
v -0.6 0.2 -1.2
v -0.6 0.3 -1.2
v -0.6 0.4 -1.2
v -0.5 0.3 -1.2
v -0.5 0.4 -1.2
v 0.6 0.3 -1.2
v 0.6 0.4 -1.2
v 0.7 0 -1.2
v 0.7 0.1 -1.2
v 0.7 0.2 -1.2
v 0.7 0.3 -1.2
v 0.7 0.4 -1.2
v 0.8 0 -1.2
v 0.8 0.1 -1.2
v 0.8 0.2 -1.2
v 0.8 0.3 -1.2
v -0.6 0 -1.3
v -0.6 0.1 -1.3
v -0.6 0.2 -1.3
v -0.6 0.3 -1.3
v -0.5 0 -1.3
v -0.5 0.1 -1.3
v -0.5 0.2 -1.3
v -0.5 0.3 -1.3
v -0.5 0.4 -1.3
v -0.4 0.3 -1.3
v -0.4 0.4 -1.3
v -0.3 0.3 -1.3
v -0.3 0.4 -1.3
v 0.5 0.3 -1.3
v 0.5 0.4 -1.3
v 0.6 0 -1.3
v 0.6 0.1 -1.3
v 0.6 0.2 -1.3
v 0.6 0.3 -1.3
v 0.6 0.4 -1.3
v 0.7 0 -1.3
v 0.7 0.1 -1.3
v 0.7 0.2 -1.3
v 0.7 0.3 -1.3
v -0.5 0 -1.4
v -0.5 0.1 -1.4
v -0.5 0.2 -1.4
v -0.5 0.3 -1.4
v -0.4 0 -1.4
v -0.4 0.1 -1.4
v -0.4 0.2 -1.4
v -0.4 0.3 -1.4
v -0.3 0 -1.4
v -0.3 0.1 -1.4
v -0.3 0.2 -1.4
v -0.3 0.3 -1.4
v -0.3 0.4 -1.4
v -0.2 0.3 -1.4
v -0.2 0.4 -1.4
v 0 0.3 -1.4
v 0 0.4 -1.4
v 0.2 0.3 -1.4
v 0.2 0.4 -1.4
v 0.4 0 -1.4
v 0.4 0.1 -1.4
v 0.4 0.2 -1.4
v 0.4 0.3 -1.4
v 0.4 0.4 -1.4
v 0.5 0.3 -1.4
v 0.5 0.4 -1.4
v 0.6 0 -1.4
v 0.6 0.1 -1.4
v 0.6 0.2 -1.4
v 0.6 0.3 -1.4
v -0.3 0 -1.5
v -0.3 0.1 -1.5
v -0.3 0.2 -1.5
v -0.3 0.3 -1.5
v -0.2 0 -1.5
v -0.2 0.1 -1.5
v -0.2 0.2 -1.5
v -0.2 0.3 -1.5
v 0 0 -1.5
v 0 0.1 -1.5
v 0 0.2 -1.5
v 0 0.3 -1.5
v 0.2 0 -1.5
v 0.2 0.1 -1.5
v 0.2 0.2 -1.5
v 0.2 0.3 -1.5
v 0.4 0 -1.5
v 0.4 0.1 -1.5
v 0.4 0.2 -1.5
v 0.4 0.3 -1.5
v -1.3 0 1.3
v -1.2 0 1.3
v -1.1 0 1.3
v -1.3 0 1.1
v -1.2 0 1.1
v -1.1 0 1.1
v -0.3 0 1.1
v -0.0999999 0 1.1
v 0.1 0 1.1
v 0.4 0 1.1
v -1.3 0 1
v -1.2 0 1
v -1.1 0 1
v -1 0 1
v -0.5 0 1
v -0.4 0 1
v -0.3 0 1
v -0.0999999 0 1
v 0.1 0 1
v 0.4 0 1
v 0.6 0 1
v -1.1 0 0.9
v -1 0 0.9
v -0.9 0 0.9
v -0.6 0 0.9
v -0.5 0 0.9
v -0.4 0 0.9
v 0.4 0 0.9
v 0.6 0 0.9
v 0.7 0 0.9
v -1.2 0 0.8
v -1.1 0 0.8
v -1 0 0.8
v -0.9 0 0.8
v -0.7 0 0.8
v -0.6 0 0.8
v 0.7 0 0.8
v 0.8 0 0.8
v -0.9 0 0.7
v -0.8 0 0.7
v -0.7 0 0.7
v -0.6 0 0.7
v -0.5 0 0.7
v 0.6 0 0.7
v 0.7 0 0.7
v 0.8 0 0.7
v 0.9 0 0.7
v -1.1 0 0.6
v -1 0 0.6
v -0.8 0 0.6
v -0.7 0 0.6
v -0.6 0 0.6
v -0.5 0 0.6
v 0.6 0 0.6
v 0.7 0 0.6
v 0.8 0 0.6
v 0.9 0 0.6
v 1 0 0.6
v -1 0 0.5
v -0.9 0 0.5
v -0.7 0 0.5
v -0.6 0 0.5
v 0.7 0 0.5
v 0.8 0 0.5
v -1 0 0.4
v -0.9 0 0.4
v 1 0 0.4
v 1.1 0 0.4
v -1 0 0.3
v -0.9 0 0.3
v 0.8 0 0.3
v 0.9 0 0.3
v -1.1 0 0.2
v -1 0 0.2
v -0.9 0 0.2
v 1 0 0.2
v 1.1 0 0.2
v 1.2 0 0.2
v 1.1 0 0.0999999
v 1.2 0 0.0999999
v 0.9 0 0
v 1 0 0
v -1.1 0 -0.1
v -1 0 -0.1
v -1.1 0 -0.3
v -1 0 -0.3
v 1.1 0 -0.3
v 1.2 0 -0.3
v 0.9 0 -0.4
v 1 0 -0.4
v -1.1 0 -0.5
v -1 0 -0.5
v 0.8 0 -0.5
v 0.9 0 -0.5
v 1.1 0 -0.5
v 1.2 0 -0.5
v -1.1 0 -0.6
v -1 0 -0.6
v -0.9 0 -0.6
v -0.7 0 -0.6
v -0.6 0 -0.6
v 0.7 0 -0.6
v 0.8 0 -0.6
v 1.1 0 -0.6
v 1.2 0 -0.6
v -1 0 -0.7
v -0.9 0 -0.7
v -0.6 0 -0.7
v -0.5 0 -0.7
v -1 0 -0.8
v -0.9 0 -0.8
v -0.5 0 -0.8
v -0.4 0 -0.8
v 1 0 -0.8
v 1.1 0 -0.8
v -0.4 0 -0.9
v -0.3 0 -0.9
v 0.6 0 -0.9
v 0.7 0 -0.9
v -0.9 0 -1
v -0.8 0 -1
v -0.3 0 -1
v -0.2 0 -1
v 0.2 0 -1
v 0.6 0 -1
v 0.8 0 -1
v 0.9 0 -1
v 1 0 -1
v -0.8 0 -1.1
v -0.7 0 -1.1
v -0.6 0 -1.1
v -0.2 0 -1.1
v 0.2 0 -1.1
v 0.7 0 -1.1
v 0.8 0 -1.1
v 0.9 0 -1.1
v -0.7 0 -1.2
v -0.6 0 -1.2
v -0.5 0 -1.2
v 0.7 0 -1.2
v 0.8 0 -1.2
v -0.6 0 -1.3
v -0.5 0 -1.3
v -0.4 0 -1.3
v -0.3 0 -1.3
v 0.4 0 -1.3
v 0.6 0 -1.3
v 0.7 0 -1.3
v -0.5 0 -1.4
v -0.4 0 -1.4
v -0.3 0 -1.4
v -0.2 0 -1.4
v 0 0 -1.4
v 0.2 0 -1.4
v 0.4 0 -1.4
v 0.6 0 -1.4
v -0.3 0 -1.5
v -0.2 0 -1.5
v 0 0 -1.5
v 0.2 0 -1.5
v 0.4 0 -1.5
v -1 0.2 0.5
v -0.9 0.2 0.5
v -1 0.2 0.4
v -0.9 0.2 0.4
v -0.5 0.3 0.7
v -0.4 0.3 0.7
v -0.3 0.3 0.7
v -0.0999999 0.3 0.7
v 0.1 0.3 0.7
v 0.4 0.3 0.7
v 0.6 0.3 0.7
v -0.6 0.3 0.6
v -0.5 0.3 0.6
v -0.4 0.3 0.6
v -0.3 0.3 0.6
v -0.0999999 0.3 0.6
v 0.1 0.3 0.6
v 0.4 0.3 0.6
v 0.6 0.3 0.6
v 0.7 0.3 0.6
v -0.7 0.3 0.5
v -0.6 0.3 0.5
v -0.5 0.3 0.5
v -0.4 0.3 0.5
v 0.6 0.3 0.5
v 0.7 0.3 0.5
v 0.8 0.3 0.5
v -0.7 0.3 0.4
v -0.6 0.3 0.4
v -0.5 0.3 0.4
v 0.7 0.3 0.4
v 0.8 0.3 0.4
v -0.7 0.3 0.3
v -0.6 0.3 0.3
v 0.8 0.3 0.3
v 0.9 0.3 0.3
v 0.8 0.3 0.2
v 0.9 0.3 0.2
v 0.8 0.3 0
v 0.9 0.3 0
v 1 0.3 0
v 0.9 0.3 -0.4
v 1 0.3 -0.4
v 0.8 0.3 -0.5
v 0.9 0.3 -0.5
v 0.6 0.4 0.3
v 0.8 0.4 0.3
v 0.6 0.4 0.2
v 0.8 0.4 0.2
v 0.9 0.4 0.2
v 0.9 0.4 0.0999999
v 0.5 0.4 0
v 0.6 0.4 0
v 0.8 0.4 0
v 0.9 0.4 0
v 0.5 0.4 -0.2
v 0.8 0.4 -0.2
v 0.5 0.4 -0.4
v 0.6 0.4 -0.4
v 0.8 0.4 -0.4
v 0.6 0.4 -0.5
v 0.8 0.4 -0.5
v 0.5 0.5 0.3
v 0.6 0.5 0.3
v 0.5 0.5 0.2
v 0.6 0.5 0.2
v 0.4 0.5 0.0999999
v 0.5 0.5 0.0999999
v 0.6 0.5 0.0999999
v 0.4 0.5 0
v 0.5 0.5 0
v 0.6 0.5 0
v 0.4 0.5 -0.2
v 0.5 0.5 -0.2
v 0.4 0.5 -0.3
v 0.5 0.5 -0.3
v 0.5 0.5 -0.4
v 0.6 0.5 -0.4
v 0.5 0.5 -0.5
v 0.6 0.5 -0.5
v 0.4 0.6 0.3
v 0.5 0.6 0.3
v 0.4 0.6 0.2
v 0.5 0.6 0.2
v 0.3 0.6 0.0999999
v 0.4 0.6 0.0999999
v 0.5 0.6 0.0999999
v 0.4 0.6 0
v 0.4 0.6 -0.2
v 0.3 0.6 -0.3
v 0.4 0.6 -0.3
v 0.5 0.6 -0.3
v 0.4 0.6 -0.4
v 0.5 0.6 -0.4
v 0.4 0.6 -0.5
v 0.5 0.6 -0.5
v 0.3 0.8 0.3
v 0.4 0.8 0.3
v 0.3 0.8 0.2
v 0.4 0.8 0.2
v 0.2 0.8 0.0999999
v 0.3 0.8 0.0999999
v 0.4 0.8 0.0999999
v 0.2 0.8 0
v 0.3 0.8 0
v 0.2 0.8 -0.2
v 0.3 0.8 -0.2
v 0.2 0.8 -0.3
v 0.3 0.8 -0.3
v 0.4 0.8 -0.3
v 0.3 0.8 -0.4
v 0.4 0.8 -0.4
v 0.3 0.8 -0.5
v 0.4 0.8 -0.5
v 0.2 0.9 0.3
v 0.3 0.9 0.3
v 0.2 0.9 0.2
v 0.3 0.9 0.2
v 0.1 0.9 0.0999999
v 0.2 0.9 0.0999999
v 0.3 0.9 0.0999999
v 0.2 0.9 0
v 0.2 0.9 -0.2
v 0.1 0.9 -0.3
v 0.2 0.9 -0.3
v 0.3 0.9 -0.3
v 0.2 0.9 -0.4
v 0.3 0.9 -0.4
v 0.2 0.9 -0.5
v 0.3 0.9 -0.5
v 0.1 1 0.3
v 0.2 1 0.3
v 0.1 1 0.2
v 0.2 1 0.2
v 0 1 0.0999999
v 0.1 1 0.0999999
v 0.2 1 0.0999999
v 0 1 0
v 0.1 1 0
v 0 1 -0.2
v 0.1 1 -0.2
v 0 1 -0.3
v 0.1 1 -0.3
v 0.2 1 -0.3
v 0.1 1 -0.4
v 0.2 1 -0.4
v 0.1 1 -0.5
v 0.2 1 -0.5
v 0.4 1.2 0.3
v 0.5 1.2 0.3
v 0.4 1.2 0.2
v 0.5 1.2 0.2
v 0.4 1.2 -0.4
v 0.5 1.2 -0.4
v 0.4 1.2 -0.5
v 0.5 1.2 -0.5
v 0.3 1.3 0.4
v 0.4 1.3 0.4
v 0.5 1.3 0.4
v 0.3 1.3 0.3
v 0.4 1.3 0.3
v 0.5 1.3 0.3
v 0.5 1.3 0.2
v 0.6 1.3 0.2
v 0.5 1.3 0.0999999
v 0.6 1.3 0.0999999
v 0.7 1.3 0.0999999
v 0.5 1.3 -0.3
v 0.6 1.3 -0.3
v 0.7 1.3 -0.3
v 0.5 1.3 -0.4
v 0.6 1.3 -0.4
v 0.4 1.3 -0.5
v 0.5 1.3 -0.5
v 0.4 1.3 -0.6
v 0.5 1.3 -0.6
v 0.3 1.4 0.6
v 0.4 1.4 0.6
v 0.5 1.4 0.6
v 0.3 1.4 0.5
v 0.4 1.4 0.5
v 0.2 1.4 0.4
v 0.3 1.4 0.4
v 0.4 1.4 0.4
v 0.5 1.4 0.4
v 0.6 1.4 0.4
v 0.2 1.4 0.3
v 0.3 1.4 0.3
v 0 1.4 0.2
v 0.1 1.4 0.2
v 0.5 1.4 0.2
v 0.6 1.4 0.2
v 0 1.4 0.0999999
v 0.1 1.4 0.0999999
v 0 1.4 -0.3
v 0.1 1.4 -0.3
v 0 1.4 -0.4
v 0.1 1.4 -0.4
v 0.5 1.4 -0.4
v 0.6 1.4 -0.4
v 0.2 1.4 -0.5
v 0.4 1.4 -0.5
v 0.2 1.4 -0.6
v 0.3 1.4 -0.6
v 0.4 1.4 -0.6
v 0.5 1.4 -0.6
v 0.6 1.4 -0.6
v 0.3 1.4 -0.7
v 0.4 1.4 -0.7
v 0.3 1.4 -0.8
v 0.4 1.4 -0.8
v 0.5 1.4 -0.8
v 0.2 1.5 0.5
v 0.3 1.5 0.5
v 0.1 1.5 0.4
v 0.2 1.5 0.4
v 0.3 1.5 0.4
v 0.1 1.5 0.3
v 0.2 1.5 0.3
v 0.1 1.5 -0.5
v 0.2 1.5 -0.5
v 0.1 1.5 -0.6
v 0.2 1.5 -0.6
v 0.3 1.5 -0.6
v 0.2 1.5 -0.7
v 0.3 1.5 -0.7
v 0.2 1.6 0.6
v 0.3 1.6 0.6
v 0.1 1.6 0.5
v 0.2 1.6 0.5
v 0.3 1.6 0.5
v 0.1 1.6 0.4
v 0.2 1.6 0.4
v 0.1 1.6 -0.6
v 0.2 1.6 -0.6
v 0.1 1.6 -0.7
v 0.2 1.6 -0.7
v 0.3 1.6 -0.7
v 0.2 1.6 -0.8
v 0.3 1.6 -0.8
v 0.3 1.7 0.7
v 0.4 1.7 0.7
v 0.3 1.7 0.6
v 0.4 1.7 0.6
v 0.5 1.7 0.6
v 0.3 1.7 0.5
v 0.4 1.7 0.5
v 0.5 1.7 0.5
v 0.6 1.7 0.5
v 0.4 1.7 0.4
v 0.5 1.7 0.4
v 0.5 1.7 0.3
v 0.6 1.7 0.3
v 0.7 1.7 0.3
v 0.6 1.7 0.0999999
v 0.7 1.7 0.0999999
v 0.8 1.7 0.0999999
v 0.6 1.7 -0.3
v 0.7 1.7 -0.3
v 0.8 1.7 -0.3
v 0.5 1.7 -0.5
v 0.6 1.7 -0.5
v 0.7 1.7 -0.5
v 0.4 1.7 -0.6
v 0.5 1.7 -0.6
v 0.3 1.7 -0.7
v 0.4 1.7 -0.7
v 0.5 1.7 -0.7
v 0.6 1.7 -0.7
v 0.3 1.7 -0.8
v 0.4 1.7 -0.8
v 0.5 1.7 -0.8
v 0.3 1.7 -0.9
v 0.4 1.7 -0.9
v 0.4 1.8 0.7
v 0.5 1.8 0.7
v 0.4 1.8 0.6
v 0.5 1.8 0.6
v 0.6 1.8 0.6
v 0.5 1.8 0.5
v 0.6 1.8 0.5
v 0.6 1.8 0.4
v 0.7 1.8 0.4
v 0.6 1.8 0.3
v 0.7 1.8 0.3
v 0.8 1.8 0.3
v 0.7 1.8 0.0999999
v 0.8 1.8 0.0999999
v 0.7 1.8 -0.3
v 0.8 1.8 -0.3
v 0.6 1.8 -0.5
v 0.7 1.8 -0.5
v 0.8 1.8 -0.5
v 0.6 1.8 -0.6
v 0.7 1.8 -0.6
v 0.5 1.8 -0.7
v 0.6 1.8 -0.7
v 0.4 1.8 -0.8
v 0.5 1.8 -0.8
v 0.6 1.8 -0.8
v 0.4 1.8 -0.9
v 0.5 1.8 -0.9
v 0.3 1.9 0.8
v 0.5 1.9 0.8
v 0.3 1.9 0.7
v 0.5 1.9 0.7
v 0.6 1.9 0.7
v 0.5 1.9 0.6
v 0.6 1.9 0.6
v 0.7 1.9 0.6
v 0.6 1.9 0.4
v 0.7 1.9 0.4
v 0.8 1.9 0.4
v 0.7 1.9 0.3
v 0.8 1.9 0.3
v 0.7 1.9 -0.5
v 0.8 1.9 -0.5
v 0.6 1.9 -0.6
v 0.7 1.9 -0.6
v 0.8 1.9 -0.6
v 0.5 1.9 -0.8
v 0.6 1.9 -0.8
v 0.7 1.9 -0.8
v 0.3 1.9 -0.9
v 0.4 1.9 -0.9
v 0.5 1.9 -0.9
v 0.6 1.9 -0.9
v 0.3 1.9 -1
v 0.5 1.9 -1
v 0.8 2 0
v 1 2 0
v 0.8 2 -0.2
v 1 2 -0.2
v 0.8 2.1 0.0999999
v 1 2.1 0.0999999
v 0.8 2.1 0
v 1 2.1 0
v 1.1 2.1 0
v 0.8 2.1 -0.2
v 1 2.1 -0.2
v 1.1 2.1 -0.2
v 0.8 2.1 -0.3
v 1 2.1 -0.3
v 0.4 2.2 0.8
v 0.6 2.2 0.8
v 0.4 2.2 0.7
v 0.5 2.2 0.7
v 0.5 2.2 0.6
v 0.6 2.2 0.6
v 0.7 2.2 0.6
v 0.7 2.2 0.5
v 0.8 2.2 0.5
v 0.6 2.2 0.4
v 0.7 2.2 0.4
v 0.7 2.2 0.3
v 0.8 2.2 0.3
v 0.8 2.2 0.2
v 1.1 2.2 0.2
v 0.8 2.2 0.0999999
v 1 2.2 0.0999999
v 1.1 2.2 0.0999999
v 1.2 2.2 0.0999999
v 1 2.2 0
v 1.1 2.2 0
v 1.2 2.2 0
v 1.3 2.2 0
v 1 2.2 -0.2
v 1.1 2.2 -0.2
v 1.2 2.2 -0.2
v 1.3 2.2 -0.2
v 0.8 2.2 -0.3
v 1 2.2 -0.3
v 1.1 2.2 -0.3
v 1.2 2.2 -0.3
v 0.8 2.2 -0.4
v 1.1 2.2 -0.4
v 0.7 2.2 -0.5
v 0.8 2.2 -0.5
v 0.6 2.2 -0.6
v 0.7 2.2 -0.6
v 0.7 2.2 -0.7
v 0.8 2.2 -0.7
v 0.5 2.2 -0.8
v 0.6 2.2 -0.8
v 0.7 2.2 -0.8
v 0.4 2.2 -0.9
v 0.5 2.2 -0.9
v 0.6 2.2 -0.9
v 0.4 2.2 -1
v 0.6 2.2 -1
v 0.6 2.3 0.7
v 0.8 2.3 0.7
v 0.6 2.3 0.6
v 0.7 2.3 0.6
v 0.7 2.3 0.5
v 0.8 2.3 0.5
v 0.8 2.3 0.3
v 0.9 2.3 0.3
v 0.8 2.3 0.2
v 0.9 2.3 0.2
v 1.1 2.3 0.2
v 1.2 2.3 0.2
v 1.1 2.3 0.0999999
v 1.2 2.3 0.0999999
v 1.3 2.3 0.0999999
v 1.4 2.3 0.0999999
v 1.2 2.3 0
v 1.3 2.3 0
v 1.4 2.3 0
v 1.2 2.3 -0.2
v 1.3 2.3 -0.2
v 1.4 2.3 -0.2
v 1.1 2.3 -0.3
v 1.2 2.3 -0.3
v 1.3 2.3 -0.3
v 1.4 2.3 -0.3
v 0.8 2.3 -0.4
v 0.9 2.3 -0.4
v 1.1 2.3 -0.4
v 1.2 2.3 -0.4
v 0.8 2.3 -0.5
v 0.9 2.3 -0.5
v 0.7 2.3 -0.7
v 0.8 2.3 -0.7
v 0.6 2.3 -0.8
v 0.7 2.3 -0.8
v 0.6 2.3 -0.9
v 0.8 2.3 -0.9
v 0.8 2.4 0.4
v 0.9 2.4 0.4
v 0.8 2.4 0.3
v 0.9 2.4 0.3
v 1 2.4 0.3
v 0.9 2.4 0.2
v 1 2.4 0.2
v 1.2 2.4 0.2
v 1.4 2.4 0.2
v 1.2 2.4 0.0999999
v 1.3 2.4 0.0999999
v 1.4 2.4 0.0999999
v 1.5 2.4 0.0999999
v 1.4 2.4 0
v 1.5 2.4 0
v 1.4 2.4 -0.2
v 1.5 2.4 -0.2
v 1.2 2.4 -0.3
v 1.3 2.4 -0.3
v 1.4 2.4 -0.3
v 1.5 2.4 -0.3
v 0.9 2.4 -0.4
v 1 2.4 -0.4
v 1.2 2.4 -0.4
v 1.4 2.4 -0.4
v 0.8 2.4 -0.5
v 0.9 2.4 -0.5
v 1 2.4 -0.5
v 0.8 2.4 -0.6
v 0.9 2.4 -0.6
v 1 2.5 0.3
v 1.1 2.5 0.3
v 1 2.5 0.2
v 1.1 2.5 0.2
v 1.4 2.5 0
v 1.5 2.5 0
v 1.4 2.5 -0.2
v 1.5 2.5 -0.2
v 1 2.5 -0.4
v 1.1 2.5 -0.4
v 1 2.5 -0.5
v 1.1 2.5 -0.5
v -1.3 0.1 1.3
v -1.2 0.1 1.3
v -1.1 0.1 1.3
v -1.3 0.1 1.1
v -1.2 0.1 1.1
v -1.1 0.1 1.1
v -1.3 0.1 1
v -1.2 0.1 1
v -1.1 0.1 1
v -1 0.1 1
v -1.1 0.1 0.9
v -1 0.1 0.9
v -0.9 0.1 0.9
v -1 0.1 0.8
v -0.9 0.1 0.8
v -1.2 0.2 1
v -1.1 0.2 1
v -1.2 0.2 0.9
v -1.1 0.2 0.9
v -1 0.2 0.9
v -1.2 0.2 0.8
v -1.1 0.2 0.8
v -1 0.2 0.8
v -0.9 0.2 0.8
v -1.1 0.2 0.7
v -0.9 0.2 0.7
v -1.1 0.2 0.6
v -1 0.2 0.6
v -0.9 0.2 0.6
v -1.1 0.2 0.2
v -1 0.2 0.2
v 1.1 0.2 0.2
v 1.2 0.2 0.2
v -1.1 0.2 0.0999999
v -1 0.2 0.0999999
v 1.1 0.2 0.0999999
v 1.2 0.2 0.0999999
v -1.1 0.2 -0.5
v -1 0.2 -0.5
v 1.1 0.2 -0.5
v 1.2 0.2 -0.5
v -1.1 0.2 -0.6
v -1 0.2 -0.6
v -0.7 0.2 -0.6
v -0.6 0.2 -0.6
v 1.1 0.2 -0.6
v 1.2 0.2 -0.6
v -0.6 0.2 -0.7
v -0.5 0.2 -0.7
v -0.7 0.2 -0.8
v -0.5 0.2 -0.8
v -0.4 0.2 -0.8
v -0.4 0.2 -0.9
v -0.3 0.2 -0.9
v -0.5 0.2 -1
v -0.4 0.2 -1
v -0.3 0.2 -1
v -0.2 0.2 -1
v 0.2 0.2 -1
v 0.3 0.2 -1
v -0.4 0.2 -1.1
v -0.3 0.2 -1.1
v -0.2 0.2 -1.1
v 0.2 0.2 -1.1
v 0.3 0.2 -1.1
v -0.3 0.3 1.1
v -0.0999999 0.3 1.1
v 0.3 0.3 1.1
v 0.4 0.3 1.1
v -0.5 0.3 1
v -0.4 0.3 1
v -0.3 0.3 1
v -0.2 0.3 1
v -0.0999999 0.3 1
v 0 0.3 1
v 0.1 0.3 1
v 0.2 0.3 1
v 0.3 0.3 1
v 0.4 0.3 1
v 0.6 0.3 1
v -0.6 0.3 0.9
v -0.5 0.3 0.9
v -0.4 0.3 0.9
v -0.3 0.3 0.9
v -0.2 0.3 0.9
v 0.2 0.3 0.9
v 0.3 0.3 0.9
v 0.4 0.3 0.9
v 0.5 0.3 0.9
v 0.6 0.3 0.9
v 0.7 0.3 0.9
v -0.7 0.3 0.8
v -0.6 0.3 0.8
v -0.5 0.3 0.8
v -0.4 0.3 0.8
v 0.5 0.3 0.8
v 0.6 0.3 0.8
v 0.7 0.3 0.8
v 0.8 0.3 0.8
v -0.9 0.3 0.7
v -0.8 0.3 0.7
v -0.7 0.3 0.7
v -0.6 0.3 0.7
v -0.5 0.3 0.7
v 0.6 0.3 0.7
v 0.7 0.3 0.7
v 0.8 0.3 0.7
v 0.9 0.3 0.7
v -1 0.3 0.6
v -0.9 0.3 0.6
v -0.8 0.3 0.6
v -0.7 0.3 0.6
v -0.6 0.3 0.6
v 0.7 0.3 0.6
v 0.8 0.3 0.6
v 0.9 0.3 0.6
v 1 0.3 0.6
v -0.9 0.3 0.5
v -0.8 0.3 0.5
v 0.8 0.3 0.5
v 0.9 0.3 0.5
v -1 0.3 0.4
v -0.9 0.3 0.4
v -0.8 0.3 0.4
v 0.9 0.3 0.4
v 1 0.3 0.4
v 1.1 0.3 0.4
v -0.9 0.3 0.3
v -1 0.3 0.2
v -0.9 0.3 0.2
v 0.9 0.3 0.2
v 1 0.3 0.2
v -1.1 0.3 0.0999999
v -1 0.3 0.0999999
v 1 0.3 0.0999999
v 1.1 0.3 0.0999999
v 1.2 0.3 0.0999999
v -1.1 0.3 0
v -1 0.3 0
v 1.1 0.3 0
v 1.2 0.3 0
v -1.1 0.3 -0.1
v -1 0.3 -0.1
v -1.1 0.3 -0.3
v -1 0.3 -0.3
v 1.1 0.3 -0.4
v 1.2 0.3 -0.4
v -1.1 0.3 -0.5
v -1 0.3 -0.5
v 1.1 0.3 -0.5
v 1.2 0.3 -0.5
v -1 0.3 -0.6
v -0.9 0.3 -0.6
v 0.7 0.3 -0.6
v 0.8 0.3 -0.6
v -0.9 0.3 -0.7
v 0.7 0.3 -0.7
v 0.8 0.3 -0.7
v 1 0.3 -0.7
v 1.1 0.3 -0.7
v -1 0.3 -0.8
v -0.9 0.3 -0.8
v -0.8 0.3 -0.8
v -0.6 0.3 -0.8
v -0.5 0.3 -0.8
v 0.9 0.3 -0.8
v 1 0.3 -0.8
v 1.1 0.3 -0.8
v -0.6 0.3 -0.9
v -0.5 0.3 -0.9
v 0.9 0.3 -0.9
v -0.9 0.3 -1
v -0.8 0.3 -1
v -0.7 0.3 -1
v 0.3 0.3 -1
v 0.5 0.3 -1
v 0.8 0.3 -1
v 0.9 0.3 -1
v 1 0.3 -1
v -0.8 0.3 -1.1
v -0.7 0.3 -1.1
v -0.6 0.3 -1.1
v -0.2 0.3 -1.1
v 0 0.3 -1.1
v 0.2 0.3 -1.1
v 0.3 0.3 -1.1
v 0.4 0.3 -1.1
v 0.5 0.3 -1.1
v 0.7 0.3 -1.1
v 0.8 0.3 -1.1
v 0.9 0.3 -1.1
v -0.7 0.3 -1.2
v -0.6 0.3 -1.2
v -0.5 0.3 -1.2
v -0.2 0.3 -1.2
v 0 0.3 -1.2
v 0.2 0.3 -1.2
v 0.4 0.3 -1.2
v 0.6 0.3 -1.2
v 0.7 0.3 -1.2
v 0.8 0.3 -1.2
v -0.6 0.3 -1.3
v -0.5 0.3 -1.3
v -0.4 0.3 -1.3
v -0.3 0.3 -1.3
v 0.5 0.3 -1.3
v 0.6 0.3 -1.3
v 0.7 0.3 -1.3
v -0.5 0.3 -1.4
v -0.4 0.3 -1.4
v -0.3 0.3 -1.4
v -0.2 0.3 -1.4
v 0 0.3 -1.4
v 0.2 0.3 -1.4
v 0.4 0.3 -1.4
v 0.5 0.3 -1.4
v 0.6 0.3 -1.4
v -0.3 0.3 -1.5
v -0.2 0.3 -1.5
v 0 0.3 -1.5
v 0.2 0.3 -1.5
v 0.4 0.3 -1.5
v -0.2 0.4 1
v 0 0.4 1
v 0.1 0.4 1
v 0.2 0.4 1
v -0.4 0.4 0.9
v -0.3 0.4 0.9
v -0.2 0.4 0.9
v -0.0999999 0.4 0.9
v 0 0.4 0.9
v 0.1 0.4 0.9
v 0.2 0.4 0.9
v 0.3 0.4 0.9
v 0.4 0.4 0.9
v 0.5 0.4 0.9
v -0.5 0.4 0.8
v -0.4 0.4 0.8
v -0.3 0.4 0.8
v -0.0999999 0.4 0.8
v 0.1 0.4 0.8
v 0.2 0.4 0.8
v 0.3 0.4 0.8
v 0.4 0.4 0.8
v 0.5 0.4 0.8
v 0.6 0.4 0.8
v -0.6 0.4 0.7
v -0.5 0.4 0.7
v -0.4 0.4 0.7
v -0.3 0.4 0.7
v -0.0999999 0.4 0.7
v 0.1 0.4 0.7
v 0.2 0.4 0.7
v 0.3 0.4 0.7
v 0.4 0.4 0.7
v 0.6 0.4 0.7
v 0.7 0.4 0.7
v -0.8 0.4 0.6
v -0.7 0.4 0.6
v -0.6 0.4 0.6
v -0.5 0.4 0.6
v -0.4 0.4 0.6
v -0.3 0.4 0.6
v -0.0999999 0.4 0.6
v 0.1 0.4 0.6
v 0.4 0.4 0.6
v 0.6 0.4 0.6
v 0.7 0.4 0.6
v 0.8 0.4 0.6
v -0.8 0.4 0.5
v -0.7 0.4 0.5
v -0.6 0.4 0.5
v -0.5 0.4 0.5
v -0.4 0.4 0.5
v 0.6 0.4 0.5
v 0.7 0.4 0.5
v 0.8 0.4 0.5
v 0.9 0.4 0.5
v -0.9 0.4 0.4
v -0.8 0.4 0.4
v -0.7 0.4 0.4
v -0.6 0.4 0.4
v -0.5 0.4 0.4
v 0.7 0.4 0.4
v 0.8 0.4 0.4
v -0.9 0.4 0.3
v -0.8 0.4 0.3
v -0.7 0.4 0.3
v -0.6 0.4 0.3
v 0.8 0.4 0.3
v -1 0.4 0.2
v -0.9 0.4 0.2
v -0.8 0.4 0.2
v 0.8 0.4 0.2
v 0.9 0.4 0.2
v -1 0.4 0.0999999
v -0.9 0.4 0.0999999
v -0.9 0.4 0
v -0.8 0.4 0
v 1.1 0.4 0
v 1.2 0.4 0
v -1 0.4 -0.1
v -0.9 0.4 -0.1
v -0.8 0.4 -0.1
v -0.7 0.4 -0.1
v 1.1 0.4 -0.1
v 1.2 0.4 -0.1
v 1.1 0.4 -0.2
v -1 0.4 -0.3
v -0.9 0.4 -0.3
v -0.8 0.4 -0.3
v -0.7 0.4 -0.3
v 1 0.4 -0.3
v 1.1 0.4 -0.3
v 1.2 0.4 -0.3
v -0.9 0.4 -0.4
v -0.8 0.4 -0.4
v -0.7 0.4 -0.4
v 0.8 0.4 -0.4
v 0.9 0.4 -0.4
v 1 0.4 -0.4
v 1.1 0.4 -0.4
v 1.2 0.4 -0.4
v -0.9 0.4 -0.5
v -0.8 0.4 -0.5
v -0.7 0.4 -0.5
v 0.8 0.4 -0.5
v 1 0.4 -0.5
v 1.1 0.4 -0.5
v -1 0.4 -0.6
v -0.9 0.4 -0.6
v -0.8 0.4 -0.6
v -0.7 0.4 -0.6
v 0.8 0.4 -0.6
v 0.9 0.4 -0.6
v 1 0.4 -0.6
v -0.9 0.4 -0.7
v -0.8 0.4 -0.7
v -0.7 0.4 -0.7
v 0.7 0.4 -0.7
v 0.8 0.4 -0.7
v 0.9 0.4 -0.7
v 1 0.4 -0.7
v 1.1 0.4 -0.7
v -0.9 0.4 -0.8
v -0.8 0.4 -0.8
v -0.7 0.4 -0.8
v -0.6 0.4 -0.8
v 0.7 0.4 -0.8
v 0.8 0.4 -0.8
v 0.9 0.4 -0.8
v 1 0.4 -0.8
v -0.7 0.4 -0.9
v -0.6 0.4 -0.9
v -0.5 0.4 -0.9
v 0.6 0.4 -0.9
v 0.7 0.4 -0.9
v 0.8 0.4 -0.9
v 0.9 0.4 -0.9
v -0.8 0.4 -1
v -0.7 0.4 -1
v -0.6 0.4 -1
v -0.5 0.4 -1
v -0.4 0.4 -1
v 0.5 0.4 -1
v 0.6 0.4 -1
v 0.7 0.4 -1
v 0.8 0.4 -1
v 0.9 0.4 -1
v -0.7 0.4 -1.1
v -0.6 0.4 -1.1
v -0.5 0.4 -1.1
v -0.4 0.4 -1.1
v -0.3 0.4 -1.1
v -0.2 0.4 -1.1
v 0.4 0.4 -1.1
v 0.5 0.4 -1.1
v 0.6 0.4 -1.1
v 0.7 0.4 -1.1
v 0.8 0.4 -1.1
v -0.6 0.4 -1.2
v -0.5 0.4 -1.2
v -0.4 0.4 -1.2
v -0.3 0.4 -1.2
v -0.2 0.4 -1.2
v 0 0.4 -1.2
v 0.2 0.4 -1.2
v 0.4 0.4 -1.2
v 0.5 0.4 -1.2
v 0.6 0.4 -1.2
v 0.7 0.4 -1.2
v -0.5 0.4 -1.3
v -0.4 0.4 -1.3
v -0.3 0.4 -1.3
v -0.2 0.4 -1.3
v 0 0.4 -1.3
v 0.2 0.4 -1.3
v 0.4 0.4 -1.3
v 0.5 0.4 -1.3
v 0.6 0.4 -1.3
v -0.3 0.4 -1.4
v -0.2 0.4 -1.4
v 0 0.4 -1.4
v 0.2 0.4 -1.4
v 0.4 0.4 -1.4
v 0.5 0.4 -1.4
v 0.7 0.5 0.3
v 0.8 0.5 0.3
v 0.7 0.5 0.2
v 0.8 0.5 0.2
v 0.9 0.5 0.2
v 1 0.5 0.2
v 0.9 0.5 0.0999999
v 1 0.5 0.0999999
v 1.1 0.5 0.0999999
v 1 0.5 0
v 1.1 0.5 0
v 1 0.5 -0.2
v 1.1 0.5 -0.2
v 0.9 0.5 -0.3
v 1 0.5 -0.3
v 1.1 0.5 -0.3
v 0.9 0.5 -0.4
v 1 0.5 -0.4
v 0.6 0.6 0.3
v 0.7 0.6 0.3
v 0.6 0.6 0.2
v 0.7 0.6 0.2
v 0.8 0.6 0.2
v 0.9 0.6 0.2
v 0.8 0.6 0.0999999
v 0.9 0.6 0.0999999
v 1 0.6 0.0999999
v 0.9 0.6 0
v 1 0.6 0
v 0.8 0.6 -0.3
v 0.9 0.6 -0.3
v 1 0.6 -0.3
v 0.7 0.6 -0.4
v 0.8 0.6 -0.4
v 0.9 0.6 -0.4
v 0.7 0.6 -0.5
v 0.8 0.6 -0.5
v 0.5 0.8 0.3
v 0.6 0.8 0.3
v 0.5 0.8 0.2
v 0.6 0.8 0.2
v 0.7 0.8 0.2
v 0.8 0.8 0.2
v 0.7 0.8 0.0999999
v 0.8 0.8 0.0999999
v 0.9 0.8 0.0999999
v 0.7 0.8 -0.3
v 0.8 0.8 -0.3
v 0.9 0.8 -0.3
v 0.6 0.8 -0.4
v 0.7 0.8 -0.4
v 0.8 0.8 -0.4
v 0.6 0.8 -0.5
v 0.7 0.8 -0.5
v 0.4 0.9 0.3
v 0.5 0.9 0.3
v 0.4 0.9 0.2
v 0.5 0.9 0.2
v 0.6 0.9 0.2
v 0.7 0.9 0.2
v 0.6 0.9 0.0999999
v 0.7 0.9 0.0999999
v 0.8 0.9 0.0999999
v 0.6 0.9 -0.3
v 0.7 0.9 -0.3
v 0.8 0.9 -0.3
v 0.5 0.9 -0.4
v 0.6 0.9 -0.4
v 0.7 0.9 -0.4
v 0.5 0.9 -0.5
v 0.6 0.9 -0.5
v 0.5 1 0.2
v 0.6 1 0.2
v 0.5 1 0.0999999
v 0.6 1 0.0999999
v 0.7 1 0.0999999
v 0.5 1 -0.3
v 0.6 1 -0.3
v 0.7 1 -0.3
v 0.4 1 -0.4
v 0.5 1 -0.4
v 0.6 1 -0.4
v 0.4 1 -0.5
v 0.5 1 -0.5
v 0.3 1.6 0.6
v 0.5 1.6 0.6
v 0.3 1.6 0.5
v 0.4 1.6 0.5
v 0.5 1.6 0.5
v 0.4 1.6 0.4
v 0.5 1.6 0.4
v 0.6 1.6 0.4
v 0.5 1.6 0.3
v 0.6 1.6 0.3
v 0.5 1.6 -0.5
v 0.6 1.6 -0.5
v 0.4 1.6 -0.6
v 0.5 1.6 -0.6
v 0.6 1.6 -0.6
v 0.3 1.6 -0.7
v 0.4 1.6 -0.7
v 0.5 1.6 -0.7
v 0.3 1.6 -0.8
v 0.5 1.6 -0.8
v 0 2 0.2
v 0.1 2 0.2
v 0 2 0.0999999
v 0.1 2 0.0999999
v 0 2 -0.3
v 0.1 2 -0.3
v 0 2 -0.4
v 0.1 2 -0.4
v 0.3 2.1 0.8
v 0.5 2.1 0.8
v 0.3 2.1 0.7
v 0.4 2.1 0.7
v 0.5 2.1 0.7
v 0.6 2.1 0.7
v 0.5 2.1 0.6
v 0.6 2.1 0.6
v 0.7 2.1 0.6
v 0.1 2.1 0.5
v 0.2 2.1 0.5
v 0.1 2.1 0.4
v 0.2 2.1 0.4
v 0.6 2.1 0.4
v 0.7 2.1 0.4
v 0.8 2.1 0.4
v 0.7 2.1 0.3
v 0.8 2.1 0.3
v 0 2.1 0.0999999
v 0.1 2.1 0.0999999
v 0 2.1 0
v 0.1 2.1 0
v 0 2.1 -0.2
v 0.1 2.1 -0.2
v 0 2.1 -0.3
v 0.1 2.1 -0.3
v 0.7 2.1 -0.5
v 0.8 2.1 -0.5
v 0.1 2.1 -0.6
v 0.2 2.1 -0.6
v 0.6 2.1 -0.6
v 0.7 2.1 -0.6
v 0.8 2.1 -0.6
v 0.1 2.1 -0.7
v 0.2 2.1 -0.7
v 0.5 2.1 -0.8
v 0.6 2.1 -0.8
v 0.7 2.1 -0.8
v 0.3 2.1 -0.9
v 0.4 2.1 -0.9
v 0.5 2.1 -0.9
v 0.6 2.1 -0.9
v 0.3 2.1 -1
v 0.5 2.1 -1
v 0.2 2.2 0.6
v 0.3 2.2 0.6
v 0.2 2.2 0.5
v 0.3 2.2 0.5
v 0.1 2.2 0.4
v 0.2 2.2 0.4
v 0.1 2.2 0
v 0.2 2.2 0
v 0.1 2.2 -0.2
v 0.2 2.2 -0.2
v 0.1 2.2 -0.6
v 0.2 2.2 -0.6
v 0.2 2.2 -0.7
v 0.3 2.2 -0.7
v 0.2 2.2 -0.8
v 0.3 2.2 -0.8
v 0.4 2.4 0.8
v 0.6 2.4 0.8
v 0.3 2.4 0.7
v 0.4 2.4 0.7
v 0.5 2.4 0.7
v 0.6 2.4 0.7
v 0.7 2.4 0.7
v 0.8 2.4 0.7
v 0.3 2.4 0.6
v 0.4 2.4 0.6
v 0.7 2.4 0.6
v 0.8 2.4 0.6
v 0.2 2.4 0.5
v 0.3 2.4 0.5
v 0.2 2.4 0
v 0.3 2.4 0
v 0.2 2.4 -0.2
v 0.3 2.4 -0.2
v 0.2 2.4 -0.7
v 0.3 2.4 -0.7
v 0.3 2.4 -0.8
v 0.4 2.4 -0.8
v 0.7 2.4 -0.8
v 0.8 2.4 -0.8
v 0.3 2.4 -0.9
v 0.4 2.4 -0.9
v 0.5 2.4 -0.9
v 0.6 2.4 -0.9
v 0.7 2.4 -0.9
v 0.8 2.4 -0.9
v 0.4 2.4 -1
v 0.6 2.4 -1
v 0.4 2.5 0.7
v 0.5 2.5 0.7
v 0.6 2.5 0.7
v 0.7 2.5 0.7
v 0.3 2.5 0.6
v 0.4 2.5 0.6
v 0.5 2.5 0.6
v 0.6 2.5 0.6
v 0.7 2.5 0.6
v 0.8 2.5 0.6
v 0.3 2.5 0.5
v 0.4 2.5 0.5
v 0.5 2.5 0.5
v 0.7 2.5 0.5
v 0.8 2.5 0.5
v 1.3 2.5 0.2
v 1.4 2.5 0.2
v 1.3 2.5 0.0999999
v 1.4 2.5 0.0999999
v 0.4 2.5 0
v 0.4 2.5 -0.2
v 1.3 2.5 -0.3
v 1.4 2.5 -0.3
v 1.3 2.5 -0.4
v 1.4 2.5 -0.4
v 0.3 2.5 -0.7
v 0.4 2.5 -0.7
v 0.5 2.5 -0.7
v 0.7 2.5 -0.7
v 0.8 2.5 -0.7
v 0.3 2.5 -0.8
v 0.4 2.5 -0.8
v 0.5 2.5 -0.8
v 0.6 2.5 -0.8
v 0.7 2.5 -0.8
v 0.8 2.5 -0.8
v 0.4 2.5 -0.9
v 0.5 2.5 -0.9
v 0.6 2.5 -0.9
v 0.7 2.5 -0.9
v 0.5 2.6 0.6
v 0.7 2.6 0.6
v 0.4 2.6 0.5
v 0.5 2.6 0.5
v 0.6 2.6 0.5
v 0.7 2.6 0.5
v 0.8 2.6 0.5
v 0.6 2.6 0.4
v 0.7 2.6 0.4
v 0.8 2.6 0.4
v 0.9 2.6 0.4
v 0.5 2.6 0.3
v 0.6 2.6 0.3
v 0.8 2.6 0.3
v 0.9 2.6 0.3
v 1.1 2.6 0.3
v 0.9 2.6 0.2
v 1.1 2.6 0.2
v 1.2 2.6 0.2
v 1.3 2.6 0.2
v 1.2 2.6 0.0999999
v 1.3 2.6 0.0999999
v 1.4 2.6 0.0999999
v 1.5 2.6 0.0999999
v 0.4 2.6 0
v 0.5 2.6 0
v 1.4 2.6 0
v 1.5 2.6 0
v 0.4 2.6 -0.2
v 0.5 2.6 -0.2
v 1.4 2.6 -0.2
v 1.5 2.6 -0.2
v 1.2 2.6 -0.3
v 1.3 2.6 -0.3
v 1.4 2.6 -0.3
v 1.5 2.6 -0.3
v 0.9 2.6 -0.4
v 1.1 2.6 -0.4
v 1.2 2.6 -0.4
v 1.3 2.6 -0.4
v 0.5 2.6 -0.5
v 0.6 2.6 -0.5
v 0.8 2.6 -0.5
v 0.9 2.6 -0.5
v 1.1 2.6 -0.5
v 0.6 2.6 -0.6
v 0.7 2.6 -0.6
v 0.8 2.6 -0.6
v 0.9 2.6 -0.6
v 0.4 2.6 -0.7
v 0.5 2.6 -0.7
v 0.6 2.6 -0.7
v 0.7 2.6 -0.7
v 0.8 2.6 -0.7
v 0.5 2.6 -0.8
v 0.7 2.6 -0.8
v 0.6 2.7 0.4
v 0.8 2.7 0.4
v 0.5 2.7 0.3
v 0.6 2.7 0.3
v 0.7 2.7 0.3
v 0.8 2.7 0.3
v 0.9 2.7 0.3
v 0.6 2.7 0.2
v 0.7 2.7 0.2
v 0.8 2.7 0.2
v 0.9 2.7 0.2
v 1.2 2.7 0.2
v 0.5 2.7 0.0999999
v 0.6 2.7 0.0999999
v 0.9 2.7 0.0999999
v 1.1 2.7 0.0999999
v 1.2 2.7 0.0999999
v 1.4 2.7 0.0999999
v 1.1 2.7 0
v 1.2 2.7 0
v 1.3 2.7 0
v 1.4 2.7 0
v 1.5 2.7 0
v 1.1 2.7 -0.2
v 1.2 2.7 -0.2
v 1.3 2.7 -0.2
v 1.4 2.7 -0.2
v 1.5 2.7 -0.2
v 0.5 2.7 -0.3
v 0.6 2.7 -0.3
v 0.9 2.7 -0.3
v 1.1 2.7 -0.3
v 1.2 2.7 -0.3
v 1.4 2.7 -0.3
v 0.6 2.7 -0.4
v 0.7 2.7 -0.4
v 0.8 2.7 -0.4
v 0.9 2.7 -0.4
v 1.2 2.7 -0.4
v 0.5 2.7 -0.5
v 0.6 2.7 -0.5
v 0.7 2.7 -0.5
v 0.8 2.7 -0.5
v 0.9 2.7 -0.5
v 0.6 2.7 -0.6
v 0.7 2.7 -0.6
v 0.8 2.7 -0.6
v 0.7 2.8 0.3
v 0.8 2.8 0.3
v 0.6 2.8 0.2
v 0.7 2.8 0.2
v 0.8 2.8 0.2
v 0.9 2.8 0.2
v 0.5 2.8 0.0999999
v 0.6 2.8 0.0999999
v 0.9 2.8 0.0999999
v 1.1 2.8 0.0999999
v 0.5 2.8 0
v 0.6 2.8 0
v 0.7 2.8 0
v 0.9 2.8 0
v 1 2.8 0
v 1.1 2.8 0
v 1.3 2.8 0
v 0.6 2.8 -0.1
v 0.7 2.8 -0.1
v 0.9 2.8 -0.1
v 1 2.8 -0.1
v 0.5 2.8 -0.2
v 0.6 2.8 -0.2
v 0.8 2.8 -0.2
v 0.9 2.8 -0.2
v 1.1 2.8 -0.2
v 1.3 2.8 -0.2
v 0.5 2.8 -0.3
v 0.6 2.8 -0.3
v 0.7 2.8 -0.3
v 0.8 2.8 -0.3
v 0.9 2.8 -0.3
v 1.1 2.8 -0.3
v 0.6 2.8 -0.4
v 0.7 2.8 -0.4
v 0.8 2.8 -0.4
v 0.9 2.8 -0.4
v 0.7 2.8 -0.5
v 0.8 2.8 -0.5

# faces
f 4/4/1 2/4/1 1/4/1
f 5/3/1 3/3/1 2/3/1
f 5/4/1 2/4/1 4/4/1
f 6/3/1 3/3/1 5/3/1
f 9/3/1 8/3/1 7/3/1
f 10/3/1 8/3/1 9/3/1
f 11/3/1 8/3/1 10/3/1
f 12/1/1 10/1/1 9/1/1
f 13/4/1 11/4/1 10/4/1
f 13/1/1 10/1/1 12/1/1
f 14/4/1 11/4/1 13/4/1
f 22/3/1 16/3/1 15/3/1
f 23/3/1 16/3/1 22/3/1
f 24/3/1 18/3/1 17/3/1
f 25/3/1 18/3/1 24/3/1
f 26/3/1 18/3/1 25/3/1
f 27/4/1 19/4/1 18/4/1
f 27/3/1 18/3/1 26/3/1
f 28/3/1 20/3/1 19/3/1
f 28/4/1 19/4/1 27/4/1
f 29/4/1 21/4/1 20/4/1
f 29/3/1 20/3/1 28/3/1
f 30/4/1 21/4/1 29/4/1
f 31/4/1 23/4/1 22/4/1
f 32/3/1 16/3/1 23/3/1
f 32/4/1 23/4/1 31/4/1
f 33/3/1 16/3/1 32/3/1
f 34/4/1 25/4/1 24/4/1
f 35/3/1 26/3/1 25/3/1
f 35/4/1 25/4/1 34/4/1
f 36/4/1 27/4/1 26/4/1
f 36/3/1 26/3/1 35/3/1
f 37/1/1 28/1/1 27/1/1
f 37/4/1 27/4/1 36/4/1
f 38/4/1 29/4/1 28/4/1
f 38/1/1 28/1/1 37/1/1
f 39/1/1 30/1/1 29/1/1
f 39/4/1 29/4/1 38/4/1
f 40/1/1 30/1/1 39/1/1
f 41/4/1 36/4/1 35/4/1
f 42/3/1 37/3/1 36/3/1
f 42/4/1 36/4/1 41/4/1
f 43/4/1 38/4/1 37/4/1
f 43/3/1 37/3/1 42/3/1
f 44/3/1 39/3/1 38/3/1
f 44/4/1 38/4/1 43/4/1
f 45/3/1 39/3/1 44/3/1
f 54/3/1 49/3/1 48/3/1
f 55/4/1 50/4/1 49/4/1
f 55/3/1 49/3/1 54/3/1
f 56/4/1 50/4/1 55/4/1
f 57/4/1 52/4/1 51/4/1
f 58/3/1 53/3/1 52/3/1
f 58/4/1 52/4/1 57/4/1
f 59/3/1 53/3/1 58/3/1
f 60/3/1 47/3/1 46/3/1
f 61/3/1 47/3/1 60/3/1
f 62/4/1 55/4/1 54/4/1
f 63/1/1 56/1/1 55/1/1
f 63/4/1 55/4/1 62/4/1
f 64/1/1 56/1/1 63/1/1
f 67/1/1 58/1/1 57/1/1
f 68/4/1 59/4/1 58/4/1
f 68/1/1 58/1/1 67/1/1
f 69/3/1 62/3/1 61/3/1
f 69/3/1 61/3/1 60/3/1
f 70/4/1 63/4/1 62/4/1
f 70/3/1 62/3/1 69/3/1
f 70/4/1 64/4/1 63/4/1
f 71/1/1 65/1/1 64/1/1
f 71/4/1 64/4/1 70/4/1
f 72/1/1 65/1/1 71/1/1
f 76/4/1 68/4/1 67/4/1
f 76/4/1 67/4/1 66/4/1
f 77/4/1 68/4/1 76/4/1
f 78/4/1 59/4/1 68/4/1
f 78/4/1 68/4/1 77/4/1
f 79/4/1 72/4/1 71/4/1
f 80/3/1 74/3/1 73/3/1
f 80/4/1 72/4/1 79/4/1
f 80/3/1 73/3/1 72/3/1
f 81/4/1 75/4/1 74/4/1
f 81/3/1 74/3/1 80/3/1
f 82/3/1 77/3/1 76/3/1
f 82/4/1 75/4/1 81/4/1
f 82/3/1 76/3/1 75/3/1
f 83/3/1 77/3/1 82/3/1
f 88/3/1 85/3/1 84/3/1
f 89/3/1 87/3/1 86/3/1
f 90/3/1 87/3/1 89/3/1
f 93/3/1 88/3/1 84/3/1
f 94/3/1 88/3/1 93/3/1
f 95/4/1 90/4/1 89/4/1
f 96/4/1 90/4/1 95/4/1
f 97/3/1 92/3/1 91/3/1
f 98/3/1 92/3/1 97/3/1
f 104/1/1 96/1/1 95/1/1
f 105/1/1 96/1/1 104/1/1
f 106/1/1 100/1/1 99/1/1
f 107/4/1 101/4/1 100/4/1
f 107/1/1 100/1/1 106/1/1
f 108/4/1 101/4/1 107/4/1
f 109/1/1 103/1/1 102/1/1
f 110/4/1 104/4/1 103/4/1
f 110/1/1 103/1/1 109/1/1
f 111/4/1 104/4/1 110/4/1
f 114/3/1 113/3/1 112/3/1
f 115/3/1 113/3/1 114/3/1
f 116/4/1 115/4/1 114/4/1
f 121/4/1 115/4/1 116/4/1
f 122/4/1 115/4/1 121/4/1
f 123/4/1 118/4/1 117/4/1
f 124/1/1 119/1/1 118/1/1
f 124/4/1 118/4/1 123/4/1
f 125/1/1 119/1/1 124/1/1
f 126/4/1 121/4/1 120/4/1
f 127/4/1 121/4/1 126/4/1
f 132/4/1 129/4/1 128/4/1
f 133/4/1 129/4/1 132/4/1
f 134/4/1 131/4/1 130/4/1
f 135/4/1 131/4/1 134/4/1
f 136/1/1 133/1/1 132/1/1
f 137/1/1 133/1/1 136/1/1
f 138/1/1 135/1/1 134/1/1
f 139/1/1 135/1/1 138/1/1
f 140/4/1 137/4/1 136/4/1
f 141/4/1 137/4/1 140/4/1
f 143/4/1 139/4/1 138/4/1
f 144/4/1 139/4/1 143/4/1
f 145/4/1 143/4/1 142/4/1
f 146/4/1 143/4/1 145/4/1
f 151/3/1 148/3/1 147/3/1
f 152/3/1 148/3/1 151/3/1
f 153/4/1 150/4/1 149/4/1
f 154/4/1 150/4/1 153/4/1
f 155/4/1 152/4/1 151/4/1
f 156/4/1 152/4/1 155/4/1
f 157/1/1 154/1/1 153/1/1
f 158/1/1 154/1/1 157/1/1
f 159/3/1 156/3/1 155/3/1
f 160/3/1 156/3/1 159/3/1
f 164/4/1 158/4/1 157/4/1
f 165/4/1 158/4/1 164/4/1
f 166/4/1 162/4/1 161/4/1
f 167/4/1 162/4/1 166/4/1
f 168/4/1 164/4/1 163/4/1
f 169/4/1 164/4/1 168/4/1
f 174/4/1 171/4/1 170/4/1
f 175/4/1 171/4/1 174/4/1
f 176/3/1 173/3/1 172/3/1
f 177/3/1 173/3/1 176/3/1
f 178/1/1 175/1/1 174/1/1
f 179/1/1 175/1/1 178/1/1
f 180/4/1 177/4/1 176/4/1
f 181/4/1 177/4/1 180/4/1
f 182/4/1 179/4/1 178/4/1
f 183/4/1 179/4/1 182/4/1
f 187/3/1 181/3/1 180/3/1
f 188/3/1 181/3/1 187/3/1
f 189/4/1 185/4/1 184/4/1
f 190/4/1 185/4/1 189/4/1
f 191/3/1 187/3/1 186/3/1
f 192/3/1 187/3/1 191/3/1
f 195/4/1 194/4/1 193/4/1
f 196/4/1 194/4/1 195/4/1
f 201/3/1 198/3/1 197/3/1
f 202/4/1 200/4/1 199/4/1
f 203/4/1 200/4/1 202/4/1
f 204/3/1 201/3/1 197/3/1
f 205/1/1 203/1/1 202/1/1
f 206/1/1 203/1/1 205/1/1
f 207/3/1 204/3/1 197/3/1
f 208/3/1 204/3/1 207/3/1
f 210/4/1 206/4/1 205/4/1
f 211/4/1 206/4/1 210/4/1
f 212/4/1 210/4/1 209/4/1
f 213/4/1 210/4/1 212/4/1
f 216/3/1 215/3/1 214/3/1
f 217/3/1 215/3/1 216/3/1
f 222/4/1 219/4/1 218/4/1
f 223/5/1 220/5/1 219/5/1
f 223/4/1 219/4/1 222/4/1
f 224/4/1 221/4/1 220/4/1
f 224/5/1 220/5/1 223/5/1
f 225/4/1 221/4/1 224/4/1
f 226/3/1 223/3/1 222/3/1
f 227/5/1 224/5/1 223/5/1
f 227/3/1 223/3/1 226/3/1
f 228/3/1 225/3/1 224/3/1
f 228/5/1 224/5/1 227/5/1
f 229/3/1 225/3/1 228/3/1
f 231/5/1 227/5/1 226/5/1
f 231/5/1 228/5/1 227/5/1
f 231/5/1 229/5/1 228/5/1
f 232/5/1 229/5/1 231/5/1
f 233/5/1 229/5/1 232/5/1
f 234/5/1 229/5/1 233/5/1
f 236/4/1 231/4/1 230/4/1
f 236/4/1 232/4/1 231/4/1
f 237/5/1 233/5/1 232/5/1
f 237/4/1 232/4/1 236/4/1
f 238/4/1 234/4/1 233/4/1
f 238/5/1 233/5/1 237/5/1
f 238/4/1 235/4/1 234/4/1
f 239/4/1 235/4/1 238/4/1
f 240/3/1 237/3/1 236/3/1
f 241/5/1 238/5/1 237/5/1
f 241/3/1 237/3/1 240/3/1
f 242/3/1 239/3/1 238/3/1
f 242/5/1 238/5/1 241/5/1
f 243/3/1 239/3/1 242/3/1
f 244/5/1 241/5/1 240/5/1
f 244/5/1 242/5/1 241/5/1
f 244/5/1 243/5/1 242/5/1
f 245/5/1 243/5/1 244/5/1
f 246/5/1 243/5/1 245/5/1
f 247/5/1 243/5/1 246/5/1
f 248/4/1 245/4/1 244/4/1
f 249/5/1 246/5/1 245/5/1
f 249/4/1 245/4/1 248/4/1
f 250/4/1 247/4/1 246/4/1
f 250/5/1 246/5/1 249/5/1
f 251/4/1 247/4/1 250/4/1
f 252/3/1 249/3/1 248/3/1
f 253/5/1 250/5/1 249/5/1
f 253/3/1 249/3/1 252/3/1
f 254/3/1 251/3/1 250/3/1
f 254/5/1 250/5/1 253/5/1
f 255/3/1 251/3/1 254/3/1
f 256/5/1 253/5/1 252/5/1
f 256/5/1 254/5/1 253/5/1
f 256/5/1 255/5/1 254/5/1
f 257/5/1 255/5/1 256/5/1
f 258/5/1 255/5/1 257/5/1
f 259/5/1 255/5/1 258/5/1
f 260/5/1 255/5/1 259/5/1
f 261/5/1 255/5/1 260/5/1
f 262/4/1 258/4/1 257/4/1
f 263/5/1 259/5/1 258/5/1
f 263/4/1 258/4/1 262/4/1
f 264/4/1 260/4/1 259/4/1
f 264/5/1 259/5/1 263/5/1
f 265/4/1 260/4/1 264/4/1
f 270/5/1 267/5/1 266/5/1
f 271/5/1 267/5/1 270/5/1
f 272/5/1 267/5/1 271/5/1
f 273/5/1 267/5/1 272/5/1
f 276/3/1 269/3/1 268/3/1
f 276/4/1 270/4/1 269/4/1
f 277/4/1 270/4/1 276/4/1
f 278/4/1 274/4/1 273/4/1
f 279/3/1 275/3/1 274/3/1
f 279/4/1 274/4/1 278/4/1
f 280/3/1 277/3/1 276/3/1
f 280/3/1 276/3/1 268/3/1
f 281/3/1 277/3/1 280/3/1
f 282/3/1 275/3/1 279/3/1
f 282/3/1 279/3/1 278/3/1
f 283/3/1 275/3/1 282/3/1
f 284/5/1 281/5/1 280/5/1
f 285/3/1 277/3/1 281/3/1
f 285/5/1 281/5/1 284/5/1
f 286/3/1 277/3/1 285/3/1
f 287/3/1 282/3/1 278/3/1
f 288/5/1 283/5/1 282/5/1
f 288/3/1 282/3/1 287/3/1
f 289/5/1 283/5/1 288/5/1
f 290/4/1 285/4/1 284/4/1
f 291/5/1 286/5/1 285/5/1
f 291/4/1 285/4/1 290/4/1
f 292/5/1 286/5/1 291/5/1
f 293/5/1 288/5/1 287/5/1
f 294/4/1 289/4/1 288/4/1
f 294/5/1 288/5/1 293/5/1
f 295/4/1 289/4/1 294/4/1
f 297/3/1 291/3/1 290/3/1
f 298/3/1 291/3/1 297/3/1
f 299/3/1 295/3/1 294/3/1
f 300/3/1 295/3/1 299/3/1
f 303/5/1 297/5/1 296/5/1
f 303/5/1 298/5/1 297/5/1
f 304/5/1 298/5/1 303/5/1
f 305/5/1 298/5/1 304/5/1
f 306/5/1 300/5/1 299/5/1
f 306/5/1 301/5/1 300/5/1
f 307/5/1 301/5/1 306/5/1
f 308/5/1 301/5/1 307/5/1
f 310/4/1 304/4/1 303/4/1
f 310/3/1 303/3/1 302/3/1
f 311/5/1 305/5/1 304/5/1
f 311/4/1 304/4/1 310/4/1
f 312/5/1 305/5/1 311/5/1
f 313/5/1 307/5/1 306/5/1
f 314/4/1 308/4/1 307/4/1
f 314/5/1 307/5/1 313/5/1
f 315/3/1 309/3/1 308/3/1
f 315/4/1 308/4/1 314/4/1
f 316/3/1 310/3/1 302/3/1
f 316/3/1 311/3/1 310/3/1
f 317/4/1 312/4/1 311/4/1
f 317/3/1 311/3/1 316/3/1
f 318/4/1 312/4/1 317/4/1
f 319/4/1 314/4/1 313/4/1
f 320/3/1 315/3/1 314/3/1
f 320/4/1 314/4/1 319/4/1
f 321/3/1 309/3/1 315/3/1
f 321/3/1 315/3/1 320/3/1
f 322/5/1 318/5/1 317/5/1
f 322/5/1 317/5/1 316/5/1
f 323/5/1 318/5/1 322/5/1
f 324/5/1 318/5/1 323/5/1
f 325/5/1 320/5/1 319/5/1
f 325/5/1 321/5/1 320/5/1
f 326/5/1 321/5/1 325/5/1
f 327/5/1 321/5/1 326/5/1
f 328/4/1 323/4/1 322/4/1
f 329/5/1 324/5/1 323/5/1
f 329/4/1 323/4/1 328/4/1
f 330/5/1 324/5/1 329/5/1
f 333/5/1 326/5/1 325/5/1
f 334/4/1 327/4/1 326/4/1
f 334/5/1 326/5/1 333/5/1
f 335/4/1 327/4/1 334/4/1
f 336/3/1 329/3/1 328/3/1
f 337/3/1 329/3/1 336/3/1
f 338/4/1 331/4/1 330/4/1
f 338/3/1 329/3/1 337/3/1
f 338/4/1 330/4/1 329/4/1
f 339/4/1 331/4/1 338/4/1
f 342/4/1 333/4/1 332/4/1
f 342/4/1 334/4/1 333/4/1
f 343/3/1 335/3/1 334/3/1
f 343/4/1 334/4/1 342/4/1
f 344/3/1 335/3/1 343/3/1
f 345/3/1 335/3/1 344/3/1
f 346/3/1 340/3/1 339/3/1
f 346/3/1 338/3/1 337/3/1
f 346/3/1 339/3/1 338/3/1
f 347/5/1 341/5/1 340/5/1
f 347/3/1 340/3/1 346/3/1
f 348/3/1 344/3/1 343/3/1
f 348/5/1 341/5/1 347/5/1
f 348/3/1 342/3/1 341/3/1
f 348/3/1 343/3/1 342/3/1
f 349/3/1 344/3/1 348/3/1
f 352/3/1 351/3/1 350/3/1
f 353/3/1 351/3/1 352/3/1
f 360/3/1 355/3/1 354/3/1
f 361/5/1 356/5/1 355/5/1
f 361/3/1 355/3/1 360/3/1
f 362/3/1 357/3/1 356/3/1
f 362/5/1 356/5/1 361/5/1
f 363/3/1 357/3/1 362/3/1
f 366/4/1 359/4/1 358/4/1
f 367/5/1 360/5/1 359/5/1
f 367/4/1 359/4/1 366/4/1
f 368/5/1 360/5/1 367/5/1
f 369/5/1 364/5/1 363/5/1
f 370/4/1 365/4/1 364/4/1
f 370/5/1 364/5/1 369/5/1
f 371/4/1 365/4/1 370/4/1
f 377/3/1 373/3/1 372/3/1
f 378/3/1 373/3/1 377/3/1
f 379/3/1 375/3/1 374/3/1
f 380/3/1 375/3/1 379/3/1
f 383/4/1 377/4/1 376/4/1
f 384/4/1 377/4/1 383/4/1
f 385/4/1 381/4/1 380/4/1
f 386/4/1 381/4/1 385/4/1
f 388/1/1 383/1/1 382/1/1
f 389/1/1 383/1/1 388/1/1
f 390/1/1 387/1/1 386/1/1
f 391/1/1 387/1/1 390/1/1
f 392/5/1 389/5/1 388/5/1
f 393/5/1 389/5/1 392/5/1
f 394/5/1 391/5/1 390/5/1
f 395/5/1 391/5/1 394/5/1
f 396/4/1 393/4/1 392/4/1
f 397/4/1 393/4/1 396/4/1
f 398/4/1 395/4/1 394/4/1
f 399/4/1 395/4/1 398/4/1
f 400/3/1 397/3/1 396/3/1
f 401/3/1 399/3/1 398/3/1
f 402/3/1 400/3/1 396/3/1
f 403/3/1 400/3/1 402/3/1
f 406/3/1 399/3/1 401/3/1
f 407/3/1 399/3/1 406/3/1
f 408/5/1 403/5/1 402/5/1
f 409/4/1 404/4/1 403/4/1
f 409/5/1 403/5/1 408/5/1
f 410/4/1 404/4/1 409/4/1
f 413/4/1 406/4/1 405/4/1
f 414/5/1 407/5/1 406/5/1
f 414/4/1 406/4/1 413/4/1
f 415/5/1 407/5/1 414/5/1
f 416/4/1 410/4/1 409/4/1
f 416/4/1 411/4/1 410/4/1
f 417/5/1 412/5/1 411/5/1
f 417/4/1 411/4/1 416/4/1
f 418/4/1 413/4/1 412/4/1
f 418/5/1 412/5/1 417/5/1
f 418/4/1 414/4/1 413/4/1
f 419/4/1 414/4/1 418/4/1
f 420/3/1 417/3/1 416/3/1
f 421/5/1 418/5/1 417/5/1
f 421/3/1 417/3/1 420/3/1
f 422/3/1 419/3/1 418/3/1
f 422/5/1 418/5/1 421/5/1
f 423/3/1 419/3/1 422/3/1
f 426/3/1 425/3/1 424/3/1
f 427/3/1 425/3/1 426/3/1
f 430/5/1 429/5/1 428/5/1
f 431/5/1 429/5/1 430/5/1
f 432/5/1 429/5/1 431/5/1
f 433/5/1 429/5/1 432/5/1
f 436/4/1 431/4/1 430/4/1
f 437/5/1 432/5/1 431/5/1
f 437/4/1 431/4/1 436/4/1
f 438/4/1 433/4/1 432/4/1
f 438/5/1 432/5/1 437/5/1
f 439/4/1 433/4/1 438/4/1
f 442/1/1 435/1/1 434/1/1
f 443/5/1 436/5/1 435/5/1
f 443/1/1 435/1/1 442/1/1
f 444/5/1 436/5/1 443/5/1
f 445/5/1 440/5/1 439/5/1
f 446/1/1 441/1/1 440/1/1
f 446/5/1 440/5/1 445/5/1
f 447/1/1 441/1/1 446/1/1
f 452/3/1 449/3/1 448/3/1
f 453/3/1 449/3/1 452/3/1
f 457/4/1 451/4/1 450/4/1
f 458/5/1 452/5/1 451/5/1
f 458/4/1 451/4/1 457/4/1
f 459/5/1 452/5/1 458/5/1
f 460/5/1 455/5/1 454/5/1
f 461/4/1 456/4/1 455/4/1
f 461/5/1 455/5/1 460/5/1
f 462/4/1 456/4/1 461/4/1
f 463/1/1 458/1/1 457/1/1
f 464/1/1 458/1/1 463/1/1
f 465/1/1 462/1/1 461/1/1
f 466/1/1 462/1/1 465/1/1
f 471/1/1 468/1/1 467/1/1
f 472/1/1 470/1/1 469/1/1
f 473/1/1 470/1/1 472/1/1
f 475/1/1 471/1/1 467/1/1
f 476/1/1 471/1/1 475/1/1
f 477/3/1 473/3/1 472/3/1
f 478/3/1 473/3/1 477/3/1
f 480/1/1 475/1/1 474/1/1
f 481/3/1 476/3/1 475/3/1
f 481/1/1 475/1/1 480/1/1
f 482/3/1 476/3/1 481/3/1
f 483/3/1 478/3/1 477/3/1
f 484/1/1 479/1/1 478/1/1
f 484/3/1 478/3/1 483/3/1
f 485/1/1 479/1/1 484/1/1
f 486/3/1 482/3/1 481/3/1
f 489/3/1 484/3/1 483/3/1
f 490/4/1 487/4/1 486/4/1
f 490/3/1 486/3/1 481/3/1
f 491/4/1 487/4/1 490/4/1
f 492/4/1 489/4/1 488/4/1
f 493/3/1 484/3/1 489/3/1
f 493/4/1 489/4/1 492/4/1
f 494/3/1 490/3/1 481/3/1
f 495/5/1 491/5/1 490/5/1
f 495/3/1 490/3/1 494/3/1
f 496/5/1 491/5/1 495/5/1
f 499/5/1 493/5/1 492/5/1
f 500/3/1 484/3/1 493/3/1
f 500/5/1 493/5/1 499/5/1
f 501/3/1 484/3/1 500/3/1
f 502/4/1 496/4/1 495/4/1
f 503/5/1 499/5/1 498/5/1
f 503/4/1 496/4/1 502/4/1
f 503/5/1 498/5/1 497/5/1
f 503/5/1 497/5/1 496/5/1
f 504/4/1 500/4/1 499/4/1
f 504/5/1 499/5/1 503/5/1
f 505/4/1 500/4/1 504/4/1
f 508/4/1 507/4/1 506/4/1
f 509/4/1 507/4/1 508/4/1
f 516/3/1 511/3/1 510/3/1
f 517/5/1 512/5/1 511/5/1
f 517/3/1 511/3/1 516/3/1
f 518/3/1 513/3/1 512/3/1
f 518/5/1 512/5/1 517/5/1
f 519/3/1 513/3/1 518/3/1
f 522/1/1 515/1/1 514/1/1
f 522/5/1 516/5/1 515/5/1
f 523/5/1 516/5/1 522/5/1
f 524/5/1 520/5/1 519/5/1
f 525/1/1 521/1/1 520/1/1
f 525/5/1 520/5/1 524/5/1
f 526/1/1 522/1/1 514/1/1
f 527/4/1 523/4/1 522/4/1
f 527/1/1 522/1/1 526/1/1
f 528/4/1 523/4/1 527/4/1
f 529/4/1 525/4/1 524/4/1
f 530/1/1 521/1/1 525/1/1
f 530/4/1 525/4/1 529/4/1
f 531/1/1 521/1/1 530/1/1
f 534/1/1 533/1/1 532/1/1
f 535/1/1 533/1/1 534/1/1
f 540/1/1 537/1/1 536/1/1
f 541/1/1 537/1/1 540/1/1
f 544/1/1 539/1/1 538/1/1
f 545/1/1 539/1/1 544/1/1
f 546/1/1 542/1/1 541/1/1
f 547/1/1 542/1/1 546/1/1
f 552/1/1 544/1/1 543/1/1
f 553/1/1 544/1/1 552/1/1
f 554/4/1 549/4/1 548/4/1
f 555/5/1 550/5/1 549/5/1
f 555/4/1 549/4/1 554/4/1
f 556/4/1 551/4/1 550/4/1
f 556/5/1 550/5/1 555/5/1
f 557/4/1 551/4/1 556/4/1
f 563/4/1 559/4/1 558/4/1
f 564/4/1 559/4/1 563/4/1
f 568/5/1 561/5/1 560/5/1
f 569/3/1 562/3/1 561/3/1
f 569/5/1 561/5/1 568/5/1
f 570/3/1 562/3/1 569/3/1
f 571/3/1 562/3/1 570/3/1
f 573/1/1 566/1/1 565/1/1
f 574/5/1 567/5/1 566/5/1
f 574/1/1 566/1/1 573/1/1
f 575/5/1 567/5/1 574/5/1
f 576/5/1 571/5/1 570/5/1
f 577/1/1 572/1/1 571/1/1
f 577/5/1 571/5/1 576/5/1
f 578/1/1 572/1/1 577/1/1
f 583/1/1 580/1/1 579/1/1
f 584/1/1 580/1/1 583/1/1
f 589/1/1 582/1/1 581/1/1
f 590/1/1 582/1/1 589/1/1
f 591/3/1 586/3/1 585/3/1
f 592/3/1 586/3/1 591/3/1
f 593/5/1 587/5/1 586/5/1
f 593/3/1 586/3/1 592/3/1
f 594/3/1 588/3/1 587/3/1
f 594/5/1 587/5/1 593/5/1
f 595/3/1 588/3/1 594/3/1
f 596/3/1 588/3/1 595/3/1
f 597/1/1 593/1/1 592/1/1
f 598/3/1 594/3/1 593/3/1
f 598/1/1 593/1/1 597/1/1
f 599/1/1 595/1/1 594/1/1
f 599/3/1 594/3/1 598/3/1
f 600/1/1 595/1/1 599/1/1
f 605/3/1 602/3/1 601/3/1
f 606/3/1 602/3/1 605/3/1
f 608/3/1 604/3/1 603/3/1
f 609/4/1 607/4/1 606/4/1
f 610/4/1 607/4/1 609/4/1
f 616/3/1 608/3/1 603/3/1
f 617/3/1 608/3/1 616/3/1
f 618/1/1 612/1/1 611/1/1
f 619/3/1 613/3/1 612/3/1
f 619/1/1 612/1/1 618/1/1
f 620/3/1 613/3/1 619/3/1
f 621/3/1 613/3/1 620/3/1
f 622/1/1 615/1/1 614/1/1
f 623/1/1 615/1/1 622/1/1
f 628/1/1 625/1/1 624/1/1
f 629/1/1 625/1/1 628/1/1
f 634/3/1 627/3/1 626/3/1
f 635/3/1 627/3/1 634/3/1
f 636/1/1 631/1/1 630/1/1
f 637/1/1 631/1/1 636/1/1
f 638/3/1 633/3/1 632/3/1
f 639/3/1 633/3/1 638/3/1
f 644/3/1 641/3/1 640/3/1
f 645/3/1 641/3/1 644/3/1
f 647/3/1 643/3/1 642/3/1
f 648/3/1 643/3/1 647/3/1
f 649/3/1 643/3/1 648/3/1
f 650/4/1 646/4/1 645/4/1
f 651/4/1 646/4/1 650/4/1
f 652/4/1 649/4/1 648/4/1
f 653/3/1 643/3/1 649/3/1
f 653/4/1 649/4/1 652/4/1
f 654/3/1 643/3/1 653/3/1
f 659/1/1 656/1/1 655/1/1
f 660/1/1 656/1/1 659/1/1
f 661/1/1 658/1/1 657/1/1
f 662/1/1 658/1/1 661/1/1
f 667/3/1 664/3/1 663/3/1
f 668/3/1 664/3/1 667/3/1
f 669/3/1 664/3/1 668/3/1
f 672/3/1 666/3/1 665/3/1
f 673/3/1 666/3/1 672/3/1
f 675/4/1 670/4/1 669/4/1
f 675/4/1 669/4/1 668/4/1
f 676/4/1 670/4/1 675/4/1
f 677/4/1 670/4/1 676/4/1
f 678/3/1 673/3/1 672/3/1
f 678/3/1 672/3/1 671/3/1
f 679/3/1 673/3/1 678/3/1
f 680/3/1 673/3/1 679/3/1
f 681/3/1 673/3/1 680/3/1
f 682/4/1 674/4/1 673/4/1
f 682/3/1 673/3/1 681/3/1
f 683/4/1 674/4/1 682/4/1
f 688/3/1 685/3/1 684/3/1
f 689/3/1 685/3/1 688/3/1
f 690/1/1 689/1/1 688/1/1
f 691/3/1 685/3/1 689/3/1
f 691/1/1 689/1/1 690/1/1
f 692/3/1 685/3/1 691/3/1
f 693/3/1 685/3/1 692/3/1
f 694/3/1 687/3/1 686/3/1
f 695/3/1 687/3/1 694/3/1
f 696/4/1 692/4/1 691/4/1
f 697/3/1 693/3/1 692/3/1
f 697/4/1 692/4/1 696/4/1
f 698/3/1 693/3/1 697/3/1
f 701/3/1 700/3/1 699/3/1
f 702/3/1 700/3/1 701/3/1
f 703/1/2 704/1/2 706/1/2
f 704/4/2 705/4/2 707/4/2
f 706/1/2 704/1/2 707/1/2
f 707/4/2 705/4/2 708/4/2
f 708/1/2 709/1/2 710/1/2
f 710/1/2 709/1/2 711/1/2
f 712/4/2 713/4/2 714/4/2
f 714/4/2 713/4/2 715/4/2
f 715/1/2 716/1/2 717/1/2
f 717/1/2 716/1/2 718/1/2
f 719/4/2 720/4/2 722/4/2
f 720/3/2 721/3/2 723/3/2
f 722/4/2 720/4/2 723/4/2
f 723/3/2 721/3/2 724/3/2
f 723/4/2 724/4/2 725/4/2
f 725/4/2 724/4/2 726/4/2
f 727/3/2 728/3/2 729/3/2
f 729/3/2 728/3/2 730/3/2
f 727/3/2 729/3/2 732/3/2
f 732/3/2 729/3/2 733/3/2
f 733/3/2 729/3/2 734/3/2
f 734/3/2 729/3/2 735/3/2
f 735/3/2 729/3/2 736/3/2
f 736/3/2 729/3/2 737/3/2
f 729/4/2 730/4/2 738/4/2
f 737/3/2 729/3/2 738/3/2
f 730/3/2 731/3/2 739/3/2
f 738/4/2 730/4/2 739/4/2
f 739/3/2 731/3/2 740/3/2
f 740/3/2 731/3/2 741/3/2
f 734/3/2 735/3/2 742/3/2
f 735/4/2 736/4/2 743/4/2
f 742/3/2 735/3/2 743/3/2
f 736/3/2 737/3/2 744/3/2
f 743/4/2 736/4/2 744/4/2
f 737/4/2 738/4/2 745/4/2
f 744/3/2 737/3/2 745/3/2
f 738/1/2 739/1/2 746/1/2
f 745/4/2 738/4/2 746/4/2
f 739/4/2 740/4/2 747/4/2
f 746/1/2 739/1/2 747/1/2
f 740/3/2 741/3/2 748/3/2
f 747/4/2 740/4/2 748/4/2
f 748/3/2 741/3/2 749/3/2
f 752/3/2 753/3/2 754/3/2
f 754/3/2 753/3/2 755/3/2
f 750/3/2 751/3/2 756/3/2
f 756/3/2 751/3/2 757/3/2
f 758/3/2 759/3/2 762/3/2
f 762/3/2 759/3/2 763/3/2
f 760/4/2 761/4/2 764/4/2
f 764/4/2 761/4/2 765/4/2
f 768/3/2 769/3/2 770/3/2
f 770/3/2 769/3/2 771/3/2
f 766/3/2 767/3/2 773/3/2
f 773/3/2 767/3/2 774/3/2
f 771/3/2 772/3/2 777/3/2
f 777/3/2 772/3/2 778/3/2
f 778/3/2 772/3/2 779/3/2
f 775/3/2 776/3/2 780/3/2
f 780/3/2 776/3/2 781/3/2
f 778/4/2 779/4/2 782/4/2
f 782/4/2 779/4/2 783/4/2
f 784/3/2 785/3/2 786/3/2
f 786/3/2 785/3/2 787/3/2
f 788/3/2 789/3/2 792/3/2
f 792/3/2 789/3/2 793/3/2
f 790/4/2 791/4/2 794/4/2
f 794/4/2 791/4/2 795/4/2
f 792/4/2 793/4/2 796/4/2
f 796/4/2 793/4/2 797/4/2
f 798/3/2 799/3/2 800/3/2
f 800/3/2 799/3/2 801/3/2
f 802/3/2 803/3/2 804/3/2
f 804/3/2 803/3/2 805/3/2
f 806/4/2 807/4/2 808/4/2
f 808/4/2 807/4/2 809/4/2
f 810/1/2 811/1/2 812/1/2
f 812/1/2 811/1/2 813/1/2
f 814/1/2 815/1/2 818/1/2
f 818/1/2 815/1/2 819/1/2
f 816/1/2 817/1/2 820/1/2
f 820/1/2 817/1/2 821/1/2
f 822/3/2 823/3/2 826/3/2
f 826/3/2 823/3/2 827/3/2
f 824/3/2 825/3/2 828/3/2
f 828/3/2 825/3/2 829/3/2
f 826/4/2 827/4/2 830/4/2
f 830/4/2 827/4/2 831/4/2
f 828/4/2 829/4/2 832/4/2
f 832/4/2 829/4/2 833/4/2
f 830/3/2 831/3/2 834/3/2
f 834/3/2 831/3/2 835/3/2
f 832/3/2 833/3/2 836/3/2
f 836/3/2 833/3/2 837/3/2
f 838/1/2 839/1/2 840/1/2
f 838/1/2 840/1/2 843/1/2
f 843/1/2 840/1/2 844/1/2
f 841/1/2 842/1/2 845/1/2
f 845/1/2 842/1/2 846/1/2
f 847/1/2 848/1/2 853/1/2
f 853/1/2 848/1/2 854/1/2
f 849/1/2 850/1/2 855/1/2
f 855/1/2 850/1/2 856/1/2
f 851/1/2 852/1/2 859/1/2
f 859/1/2 852/1/2 860/1/2
f 857/1/2 858/1/2 861/1/2
f 861/1/2 858/1/2 862/1/2
f 863/4/2 864/4/2 867/4/2
f 867/4/2 864/4/2 868/4/2
f 865/4/2 866/4/2 869/4/2
f 869/4/2 866/4/2 870/4/2
f 871/1/2 872/1/2 873/1/2
f 873/1/2 872/1/2 874/1/2
f 875/1/2 876/1/2 880/1/2
f 880/1/2 876/1/2 881/1/2
f 877/4/2 878/4/2 883/4/2
f 879/4/2 880/4/2 884/4/2
f 882/1/2 883/1/2 887/1/2
f 883/4/2 878/4/2 888/4/2
f 887/1/2 883/1/2 888/1/2
f 888/4/2 878/4/2 889/4/2
f 879/4/2 884/4/2 890/4/2
f 884/1/2 885/1/2 891/1/2
f 890/4/2 884/4/2 891/4/2
f 891/1/2 885/1/2 892/1/2
f 886/1/2 887/1/2 895/1/2
f 887/1/2 888/1/2 895/1/2
f 895/1/2 888/1/2 896/1/2
f 891/1/2 892/1/2 897/1/2
f 892/1/2 893/1/2 897/1/2
f 897/1/2 893/1/2 898/1/2
f 894/1/2 895/1/2 900/1/2
f 900/1/2 895/1/2 901/1/2
f 898/1/2 899/1/2 902/1/2
f 902/1/2 899/1/2 903/1/2
f 894/1/2 900/1/2 904/1/2
f 900/3/2 901/3/2 905/3/2
f 904/1/2 900/1/2 905/1/2
f 905/3/2 901/3/2 906/3/2
f 902/3/2 903/3/2 909/3/2
f 903/1/2 899/1/2 910/1/2
f 909/3/2 903/3/2 910/3/2
f 910/1/2 899/1/2 911/1/2
f 906/1/2 907/1/2 914/1/2
f 914/1/2 907/1/2 915/1/2
f 908/1/2 909/1/2 916/1/2
f 916/1/2 909/1/2 917/1/2
f 912/3/2 913/3/2 921/3/2
f 921/3/2 913/3/2 922/3/2
f 918/3/2 919/3/2 923/3/2
f 923/3/2 919/3/2 924/3/2
f 920/1/2 921/1/2 927/1/2
f 927/1/2 921/1/2 928/1/2
f 924/1/2 925/1/2 929/1/2
f 929/1/2 925/1/2 930/1/2
f 926/1/2 927/1/2 932/1/2
f 932/1/2 927/1/2 933/1/2
f 930/1/2 931/1/2 936/1/2
f 936/1/2 931/1/2 937/1/2
f 933/1/2 934/1/2 938/1/2
f 938/1/2 934/1/2 939/1/2
f 935/1/2 936/1/2 940/1/2
f 940/1/2 936/1/2 941/1/2
f 942/4/2 943/4/2 946/4/2
f 946/4/2 943/4/2 947/4/2
f 944/4/2 945/4/2 948/4/2
f 948/4/2 945/4/2 949/4/2
f 946/1/2 947/1/2 950/1/2
f 950/1/2 947/1/2 951/1/2
f 948/1/2 949/1/2 952/1/2
f 952/1/2 949/1/2 953/1/2
f 950/4/2 951/4/2 954/4/2
f 954/4/2 951/4/2 955/4/2
f 952/4/2 953/4/2 959/4/2
f 959/4/2 953/4/2 960/4/2
f 956/1/2 957/1/2 961/1/2
f 961/1/2 957/1/2 962/1/2
f 958/4/2 959/4/2 963/4/2
f 963/4/2 959/4/2 964/4/2
f 965/1/2 966/1/2 967/1/2
f 967/1/2 966/1/2 968/1/2
f 969/1/2 970/1/2 974/1/2
f 974/1/2 970/1/2 975/1/2
f 971/3/2 972/3/2 976/3/2
f 976/3/2 972/3/2 977/3/2
f 973/3/2 974/3/2 978/3/2
f 978/3/2 974/3/2 979/3/2
f 977/4/2 978/4/2 981/4/2
f 981/4/2 978/4/2 982/4/2
f 980/3/2 981/3/2 985/3/2
f 982/3/2 983/3/2 986/3/2
f 985/3/2 981/3/2 988/3/2
f 984/3/2 985/3/2 988/3/2
f 982/3/2 986/3/2 989/3/2
f 986/3/2 987/3/2 989/3/2
f 984/3/2 988/3/2 990/3/2
f 990/3/2 988/3/2 991/3/2
f 989/3/2 987/3/2 992/3/2
f 992/3/2 987/3/2 993/3/2
f 991/3/2 988/3/2 995/3/2
f 995/3/2 988/3/2 996/3/2
f 989/3/2 992/3/2 997/3/2
f 997/3/2 992/3/2 998/3/2
f 994/3/2 995/3/2 1001/3/2
f 1001/3/2 995/3/2 1002/3/2
f 1002/3/2 995/3/2 1003/3/2
f 998/3/2 999/3/2 1004/3/2
f 1004/3/2 999/3/2 1005/3/2
f 1005/3/2 999/3/2 1006/3/2
f 1000/3/2 1001/3/2 1009/3/2
f 1001/3/2 1002/3/2 1009/3/2
f 1009/3/2 1002/3/2 1010/3/2
f 1006/3/2 1007/3/2 1011/3/2
f 1005/3/2 1006/3/2 1011/3/2
f 1011/3/2 1007/3/2 1012/3/2
f 1008/3/2 1009/3/2 1014/3/2
f 1014/3/2 1009/3/2 1015/3/2
f 1012/3/2 1013/3/2 1018/3/2
f 1018/3/2 1013/3/2 1019/3/2
f 1015/1/2 1016/1/2 1021/1/2
f 1021/1/2 1016/1/2 1022/1/2
f 1017/1/2 1018/1/2 1023/1/2
f 1023/1/2 1018/1/2 1024/1/2
f 1020/1/2 1021/1/2 1027/1/2
f 1027/1/2 1021/1/2 1028/1/2
f 1024/3/2 1025/3/2 1029/3/2
f 1025/1/2 1026/1/2 1030/1/2
f 1029/3/2 1025/3/2 1030/3/2
f 1020/1/2 1027/1/2 1031/1/2
f 1031/1/2 1027/1/2 1032/1/2
f 1030/1/2 1026/1/2 1033/1/2
f 1033/1/2 1026/1/2 1034/1/2
f 1035/3/2 1036/3/2 1039/3/2
f 1039/3/2 1036/3/2 1040/3/2
f 1037/3/2 1038/3/2 1041/3/2
f 1041/3/2 1038/3/2 1042/3/2
f 1039/4/2 1040/4/2 1043/4/2
f 1043/4/2 1040/4/2 1044/4/2
f 1041/4/2 1042/4/2 1045/4/2
f 1045/4/2 1042/4/2 1046/4/2
f 1043/3/2 1044/3/2 1047/3/2
f 1047/3/2 1044/3/2 1048/3/2
f 1045/3/2 1046/3/2 1052/3/2
f 1052/3/2 1046/3/2 1053/3/2
f 1049/4/2 1050/4/2 1054/4/2
f 1054/4/2 1050/4/2 1055/4/2
f 1051/4/2 1052/4/2 1056/4/2
f 1056/4/2 1052/4/2 1057/4/2
f 1058/1/2 1059/1/2 1060/1/2
f 1060/1/2 1059/1/2 1061/1/2
f 1062/1/2 1063/1/2 1067/1/2
f 1067/1/2 1063/1/2 1068/1/2
f 1064/3/2 1065/3/2 1069/3/2
f 1069/3/2 1065/3/2 1070/3/2
f 1066/3/2 1067/3/2 1071/3/2
f 1071/3/2 1067/3/2 1072/3/2
f 1070/3/2 1071/3/2 1073/3/2
f 1073/3/2 1071/3/2 1074/3/2
f 1075/3/2 1076/3/2 1077/3/2
f 1077/3/2 1076/3/2 1078/3/2
f 1077/4/2 1078/4/2 1080/4/2
f 1080/4/2 1078/4/2 1081/4/2
f 1079/3/2 1080/3/2 1084/3/2
f 1084/3/2 1080/3/2 1085/3/2
f 1081/3/2 1082/3/2 1086/3/2
f 1086/3/2 1082/3/2 1087/3/2
f 1083/3/2 1084/3/2 1090/3/2
f 1090/3/2 1084/3/2 1091/3/2
f 1087/3/2 1088/3/2 1092/3/2
f 1092/3/2 1088/3/2 1093/3/2
f 1089/3/2 1090/3/2 1095/3/2
f 1095/3/2 1090/3/2 1096/3/2
f 1093/3/2 1094/3/2 1099/3/2
f 1099/3/2 1094/3/2 1100/3/2
f 1096/1/2 1097/1/2 1103/1/2
f 1103/1/2 1097/1/2 1104/1/2
f 1098/1/2 1099/1/2 1105/1/2
f 1105/1/2 1099/1/2 1106/1/2
f 1101/3/2 1102/3/2 1109/3/2
f 1109/3/2 1102/3/2 1110/3/2
f 1107/3/2 1108/3/2 1111/3/2
f 1111/3/2 1108/3/2 1112/3/2
f 1113/1/2 1114/1/2 1117/1/2
f 1117/1/2 1114/1/2 1118/1/2
f 1115/1/2 1116/1/2 1121/1/2
f 1121/1/2 1116/1/2 1122/1/2
f 1118/1/2 1119/1/2 1123/1/2
f 1123/1/2 1119/1/2 1124/1/2
f 1120/1/2 1121/1/2 1125/1/2
f 1125/1/2 1121/1/2 1126/1/2
f 1127/4/2 1128/4/2 1131/4/2
f 1131/4/2 1128/4/2 1132/4/2
f 1129/4/2 1130/4/2 1133/4/2
f 1133/4/2 1130/4/2 1134/4/2
f 1131/1/2 1132/1/2 1135/1/2
f 1135/1/2 1132/1/2 1136/1/2
f 1133/1/2 1134/1/2 1137/1/2
f 1137/1/2 1134/1/2 1138/1/2
f 1135/4/2 1136/4/2 1139/4/2
f 1139/4/2 1136/4/2 1140/4/2
f 1137/4/2 1138/4/2 1144/4/2
f 1144/4/2 1138/4/2 1145/4/2
f 1141/1/2 1142/1/2 1146/1/2
f 1146/1/2 1142/1/2 1147/1/2
f 1143/1/2 1144/1/2 1152/1/2
f 1152/1/2 1144/1/2 1153/1/2
f 1148/1/2 1149/1/2 1154/1/2
f 1154/1/2 1149/1/2 1155/1/2
f 1150/1/2 1151/1/2 1159/1/2
f 1159/1/2 1151/1/2 1160/1/2
f 1156/4/2 1157/4/2 1161/4/2
f 1161/4/2 1157/4/2 1162/4/2
f 1158/4/2 1159/4/2 1163/4/2
f 1163/4/2 1159/4/2 1164/4/2
f 1162/3/2 1163/3/2 1165/3/2
f 1165/3/2 1163/3/2 1166/3/2
f 1167/3/2 1168/3/2 1170/3/2
f 1170/3/2 1168/3/2 1171/3/2
f 1170/3/2 1171/3/2 1174/3/2
f 1171/3/2 1172/3/2 1174/3/2
f 1169/3/2 1170/3/2 1174/3/2
f 1174/3/2 1172/3/2 1175/3/2
f 1175/3/2 1172/3/2 1176/3/2
f 1176/3/2 1172/3/2 1177/3/2
f 1175/4/2 1176/4/2 1179/4/2
f 1179/4/2 1176/4/2 1180/4/2
f 1173/3/2 1174/3/2 1181/3/2
f 1174/3/2 1175/3/2 1181/3/2
f 1181/3/2 1175/3/2 1182/3/2
f 1182/3/2 1175/3/2 1183/3/2
f 1175/4/2 1179/4/2 1184/4/2
f 1183/3/2 1175/3/2 1184/3/2
f 1184/4/2 1179/4/2 1185/4/2
f 1180/4/2 1176/4/2 1186/4/2
f 1176/3/2 1177/3/2 1187/3/2
f 1186/4/2 1176/4/2 1187/4/2
f 1177/3/2 1178/3/2 1187/3/2
f 1187/3/2 1178/3/2 1188/3/2
f 1188/3/2 1178/3/2 1189/3/2
f 1189/3/2 1178/3/2 1190/3/2
f 1182/3/2 1183/3/2 1192/3/2
f 1183/1/2 1184/1/2 1193/1/2
f 1192/3/2 1183/3/2 1193/3/2
f 1193/1/2 1184/1/2 1194/1/2
f 1187/1/2 1188/1/2 1195/1/2
f 1188/3/2 1189/3/2 1196/3/2
f 1195/1/2 1188/1/2 1196/1/2
f 1196/3/2 1189/3/2 1197/3/2
f 1191/3/2 1192/3/2 1200/3/2
f 1192/3/2 1193/3/2 1200/3/2
f 1200/3/2 1193/3/2 1201/3/2
f 1201/3/2 1193/3/2 1202/3/2
f 1196/3/2 1197/3/2 1203/3/2
f 1197/3/2 1198/3/2 1203/3/2
f 1203/3/2 1198/3/2 1204/3/2
f 1204/3/2 1198/3/2 1205/3/2
f 1200/3/2 1201/3/2 1207/3/2
f 1199/3/2 1200/3/2 1207/3/2
f 1207/3/2 1201/3/2 1208/3/2
f 1208/3/2 1201/3/2 1209/3/2
f 1209/3/2 1201/3/2 1210/3/2
f 1205/3/2 1206/3/2 1211/3/2
f 1204/3/2 1205/3/2 1211/3/2
f 1211/3/2 1206/3/2 1212/3/2
f 1212/3/2 1206/3/2 1213/3/2
f 1213/3/2 1206/3/2 1214/3/2
f 1208/3/2 1209/3/2 1215/3/2
f 1215/3/2 1209/3/2 1216/3/2
f 1212/3/2 1213/3/2 1217/3/2
f 1217/3/2 1213/3/2 1218/3/2
f 1218/3/2 1213/3/2 1219/3/2
f 1216/3/2 1209/3/2 1220/3/2
f 1220/3/2 1209/3/2 1221/3/2
f 1217/1/2 1218/1/2 1224/1/2
f 1224/1/2 1218/1/2 1225/1/2
f 1221/1/2 1222/1/2 1226/1/2
f 1226/1/2 1222/1/2 1227/1/2
f 1223/1/2 1224/1/2 1230/1/2
f 1230/1/2 1224/1/2 1231/1/2
f 1227/1/2 1228/1/2 1232/1/2
f 1232/1/2 1228/1/2 1233/1/2
f 1229/1/2 1230/1/2 1234/1/2
f 1234/1/2 1230/1/2 1235/1/2
f 1236/4/2 1237/4/2 1240/4/2
f 1240/4/2 1237/4/2 1241/4/2
f 1238/4/2 1239/4/2 1242/4/2
f 1242/4/2 1239/4/2 1243/4/2
f 1240/1/2 1241/1/2 1244/1/2
f 1244/1/2 1241/1/2 1245/1/2
f 1242/1/2 1243/1/2 1246/1/2
f 1246/1/2 1243/1/2 1247/1/2
f 1244/4/2 1245/4/2 1248/4/2
f 1248/4/2 1245/4/2 1249/4/2
f 1246/4/2 1247/4/2 1255/4/2
f 1255/4/2 1247/4/2 1256/4/2
f 1250/4/2 1251/4/2 1257/4/2
f 1251/4/2 1252/4/2 1257/4/2
f 1257/4/2 1252/4/2 1258/4/2
f 1253/4/2 1254/4/2 1259/4/2
f 1254/1/2 1255/1/2 1260/1/2
f 1259/4/2 1254/4/2 1260/4/2
f 1260/1/2 1255/1/2 1261/1/2
f 1262/3/2 1263/3/2 1266/3/2
f 1266/3/2 1263/3/2 1267/3/2
f 1264/3/2 1265/3/2 1269/3/2
f 1269/3/2 1265/3/2 1270/3/2
f 1267/4/2 1268/4/2 1271/4/2
f 1268/4/2 1269/4/2 1271/4/2
f 1271/4/2 1269/4/2 1272/4/2
f 1273/3/2 1274/3/2 1278/3/2
f 1278/3/2 1274/3/2 1279/3/2
f 1275/3/2 1276/3/2 1280/3/2
f 1280/3/2 1276/3/2 1281/3/2
f 1277/3/2 1278/3/2 1283/3/2
f 1283/3/2 1278/3/2 1284/3/2
f 1281/3/2 1282/3/2 1287/3/2
f 1287/3/2 1282/3/2 1288/3/2
f 1284/3/2 1285/3/2 1289/3/2
f 1289/3/2 1285/3/2 1290/3/2
f 1286/3/2 1287/3/2 1293/3/2
f 1293/3/2 1287/3/2 1294/3/2
f 1290/1/2 1291/1/2 1295/1/2
f 1295/1/2 1291/1/2 1296/1/2
f 1292/1/2 1293/1/2 1297/1/2
f 1297/1/2 1293/1/2 1298/1/2
f 1299/3/2 1300/3/2 1303/3/2
f 1303/3/2 1300/3/2 1304/3/2
f 1301/3/2 1302/3/2 1305/3/2
f 1305/3/2 1302/3/2 1306/3/2
f 1306/3/2 1302/3/2 1307/3/2
f 1303/4/2 1304/4/2 1308/4/2
f 1305/3/2 1306/3/2 1309/3/2
f 1306/4/2 1307/4/2 1310/4/2
f 1309/3/2 1306/3/2 1310/3/2
f 1303/4/2 1308/4/2 1311/4/2
f 1311/4/2 1308/4/2 1312/4/2
f 1309/4/2 1310/4/2 1316/4/2
f 1310/4/2 1307/4/2 1317/4/2
f 1316/4/2 1310/4/2 1317/4/2
f 1313/4/2 1314/4/2 1318/4/2
f 1318/4/2 1314/4/2 1319/4/2
f 1315/4/2 1316/4/2 1322/4/2
f 1322/4/2 1316/4/2 1323/4/2
f 1318/3/2 1319/3/2 1324/3/2
f 1324/3/2 1319/3/2 1325/3/2
f 1320/4/2 1321/4/2 1328/4/2
f 1328/4/2 1321/4/2 1329/4/2
f 1325/4/2 1326/4/2 1330/4/2
f 1326/3/2 1327/3/2 1331/3/2
f 1330/4/2 1326/4/2 1331/4/2
f 1327/3/2 1328/3/2 1331/3/2
f 1331/3/2 1328/3/2 1332/3/2
f 1333/4/2 1334/4/2 1336/4/2
f 1336/4/2 1334/4/2 1337/4/2
f 1335/3/2 1336/3/2 1339/3/2
f 1339/3/2 1336/3/2 1340/3/2
f 1337/3/2 1338/3/2 1341/3/2
f 1341/3/2 1338/3/2 1342/3/2
f 1343/3/2 1344/3/2 1347/3/2
f 1347/3/2 1344/3/2 1348/3/2
f 1345/3/2 1346/3/2 1349/3/2
f 1349/3/2 1346/3/2 1350/3/2
f 1351/4/2 1352/4/2 1355/4/2
f 1355/4/2 1352/4/2 1356/4/2
f 1353/3/2 1354/3/2 1357/3/2
f 1357/3/2 1354/3/2 1358/3/2
f 1355/1/2 1356/1/2 1359/1/2
f 1359/1/2 1356/1/2 1360/1/2
f 1357/4/2 1358/4/2 1363/4/2
f 1363/4/2 1358/4/2 1364/4/2
f 1360/4/2 1361/4/2 1365/4/2
f 1359/4/2 1360/4/2 1365/4/2
f 1365/4/2 1361/4/2 1366/4/2
f 1362/4/2 1363/4/2 1369/4/2
f 1363/1/2 1364/1/2 1370/1/2
f 1369/4/2 1363/4/2 1370/4/2
f 1370/1/2 1364/1/2 1371/1/2
f 1371/1/2 1364/1/2 1372/1/2
f 1366/4/2 1367/4/2 1373/4/2
f 1373/4/2 1367/4/2 1374/4/2
f 1368/1/2 1369/1/2 1378/1/2
f 1370/4/2 1371/4/2 1379/4/2
f 1378/1/2 1369/1/2 1379/1/2
f 1369/4/2 1370/4/2 1379/4/2
f 1379/4/2 1371/4/2 1380/4/2
f 1373/1/2 1374/1/2 1381/1/2
f 1375/3/2 1376/3/2 1382/3/2
f 1381/1/2 1374/1/2 1382/1/2
f 1374/3/2 1375/3/2 1382/3/2
f 1376/4/2 1377/4/2 1383/4/2
f 1382/3/2 1376/3/2 1383/3/2
f 1383/4/2 1377/4/2 1384/4/2
f 1385/3/2 1386/3/2 1389/3/2
f 1389/3/2 1386/3/2 1390/3/2
f 1387/1/2 1388/1/2 1393/1/2
f 1393/1/2 1388/1/2 1394/1/2
f 1391/1/2 1392/1/2 1395/1/2
f 1395/1/2 1392/1/2 1396/1/2
f 1397/3/2 1398/3/2 1401/3/2
f 1401/3/2 1398/3/2 1402/3/2
f 1399/3/2 1400/3/2 1403/3/2
f 1403/3/2 1400/3/2 1404/3/2
f 1405/1/2 1406/1/2 1409/1/2
f 1409/1/2 1406/1/2 1410/1/2
f 1407/1/2 1408/1/2 1411/1/2
f 1411/1/2 1408/1/2 1412/1/2
f 1413/4/2 1414/4/2 1418/4/2
f 1414/3/2 1415/3/2 1419/3/2
f 1418/4/2 1414/4/2 1419/4/2
f 1419/3/2 1415/3/2 1420/3/2
f 1420/3/2 1415/3/2 1421/3/2
f 1415/4/2 1416/4/2 1422/4/2
f 1421/3/2 1415/3/2 1422/3/2
f 1416/3/2 1417/3/2 1423/3/2
f 1422/4/2 1416/4/2 1423/4/2
f 1423/3/2 1417/3/2 1424/3/2
f 1418/1/2 1419/1/2 1425/1/2
f 1419/4/2 1420/4/2 1426/4/2
f 1425/1/2 1419/1/2 1426/1/2
f 1421/4/2 1422/4/2 1427/4/2
f 1420/3/2 1421/3/2 1427/3/2
f 1422/1/2 1423/1/2 1428/1/2
f 1427/4/2 1422/4/2 1428/4/2
f 1423/4/2 1424/4/2 1429/4/2
f 1428/1/2 1423/1/2 1429/1/2
f 1429/4/2 1424/4/2 1430/4/2
f 1426/4/2 1420/4/2 1431/4/2
f 1420/3/2 1427/3/2 1432/3/2
f 1431/4/2 1420/4/2 1432/4/2
f 1427/3/2 1428/3/2 1432/3/2
f 1432/3/2 1428/3/2 1433/3/2
f 1428/4/2 1429/4/2 1434/4/2
f 1434/4/2 1429/4/2 1435/4/2
f 1432/4/2 1433/4/2 1436/4/2
f 1433/3/2 1428/3/2 1437/3/2
f 1436/4/2 1433/4/2 1437/4/2
f 1428/4/2 1434/4/2 1438/4/2
f 1437/3/2 1428/3/2 1438/3/2
f 1438/4/2 1434/4/2 1439/4/2
f 1440/3/2 1441/3/2 1445/3/2
f 1445/3/2 1441/3/2 1446/3/2
f 1442/3/2 1443/3/2 1447/3/2
f 1447/3/2 1443/3/2 1448/3/2
f 1444/1/2 1445/1/2 1450/1/2
f 1450/1/2 1445/1/2 1451/1/2
f 1448/1/2 1449/1/2 1452/1/2
f 1452/1/2 1449/1/2 1453/1/2
f 1454/3/2 1455/3/2 1458/3/2
f 1458/3/2 1455/3/2 1459/3/2
f 1456/3/2 1457/3/2 1460/3/2
f 1460/3/2 1457/3/2 1461/3/2
f 1462/3/2 1463/3/2 1464/3/2
f 1464/3/2 1463/3/2 1465/3/2
f 1466/3/2 1467/3/2 1470/3/2
f 1470/3/2 1467/3/2 1471/3/2
f 1468/3/2 1469/3/2 1472/3/2
f 1472/3/2 1469/3/2 1473/3/2
f 1474/1/2 1475/1/2 1476/1/2
f 1476/1/2 1475/1/2 1477/1/2
f 1478/7/2 1479/7/2 1483/7/2
f 1479/3/2 1480/3/2 1484/3/2
f 1483/7/2 1479/7/2 1484/7/2
f 1480/7/2 1481/7/2 1485/7/2
f 1484/3/2 1480/3/2 1485/3/2
f 1485/7/2 1481/7/2 1486/7/2
f 1482/3/2 1483/3/2 1488/3/2
f 1488/3/2 1483/3/2 1489/3/2
f 1484/3/2 1485/3/2 1490/3/2
f 1490/3/2 1485/3/2 1491/3/2
f 1486/3/2 1487/3/2 1492/3/2
f 1492/3/2 1487/3/2 1493/3/2
f 1494/8/2 1495/8/2 1498/8/2
f 1498/8/2 1495/8/2 1499/8/2
f 1496/8/2 1497/8/2 1500/8/2
f 1500/8/2 1497/8/2 1501/8/2
f 1502/7/2 1503/7/2 1506/7/2
f 1506/7/2 1503/7/2 1507/7/2
f 1504/7/2 1505/7/2 1508/7/2
f 1508/7/2 1505/7/2 1509/7/2
f 1506/3/2 1507/3/2 1510/3/2
f 1507/3/2 1508/3/2 1510/3/2
f 1508/3/2 1509/3/2 1510/3/2
f 1510/3/2 1509/3/2 1511/3/2
f 1511/3/2 1509/3/2 1512/3/2
f 1512/3/2 1509/3/2 1513/3/2
f 1511/3/2 1512/3/2 1514/3/2
f 1514/3/2 1512/3/2 1515/3/2
f 1518/4/3 1517/4/3 1516/4/3
f 1519/4/3 1517/4/3 1518/4/3
f 1520/1/3 1519/1/3 1518/1/3
f 1521/1/3 1519/1/3 1520/1/3
f 1524/3/3 1523/3/3 1522/3/3
f 1525/3/3 1523/3/3 1524/3/3
f 1526/3/3 1524/3/3 1522/3/3
f 1527/4/3 1525/4/3 1524/4/3
f 1527/3/3 1524/3/3 1526/3/3
f 1528/3/3 1523/3/3 1525/3/3
f 1528/4/3 1525/4/3 1527/4/3
f 1529/3/3 1523/3/3 1528/3/3
f 1530/4/3 1527/4/3 1526/4/3
f 1531/1/3 1528/1/3 1527/1/3
f 1531/4/3 1527/4/3 1530/4/3
f 1532/4/3 1529/4/3 1528/4/3
f 1532/1/3 1528/1/3 1531/1/3
f 1533/3/3 1531/3/3 1530/3/3
f 1533/4/3 1532/4/3 1531/4/3
f 1534/4/3 1529/4/3 1532/4/3
f 1534/4/3 1532/4/3 1533/4/3
f 1535/3/3 1533/3/3 1530/3/3
f 1535/3/3 1534/3/3 1533/3/3
f 1536/4/3 1529/4/3 1534/4/3
f 1536/3/3 1534/3/3 1535/3/3
f 1537/4/3 1529/4/3 1536/4/3
f 1538/3/3 1535/3/3 1530/3/3
f 1539/4/3 1536/4/3 1535/4/3
f 1539/3/3 1535/3/3 1538/3/3
f 1540/3/3 1537/3/3 1536/3/3
f 1540/4/3 1536/4/3 1539/4/3
f 1541/3/3 1537/3/3 1540/3/3
f 1545/1/3 1543/1/3 1542/1/3
f 1546/1/3 1543/1/3 1545/1/3
f 1547/4/3 1545/4/3 1544/4/3
f 1548/4/3 1545/4/3 1547/4/3
f 1553/4/3 1550/4/3 1549/4/3
f 1554/1/3 1551/1/3 1550/1/3
f 1554/4/3 1550/4/3 1553/4/3
f 1555/4/3 1552/4/3 1551/4/3
f 1555/1/3 1551/1/3 1554/1/3
f 1556/4/3 1552/4/3 1555/4/3
f 1557/3/3 1554/3/3 1553/3/3
f 1558/4/3 1555/4/3 1554/4/3
f 1558/3/3 1554/3/3 1557/3/3
f 1559/1/3 1556/1/3 1555/1/3
f 1559/4/3 1555/4/3 1558/4/3
f 1560/1/3 1556/1/3 1559/1/3
f 1563/3/3 1562/3/3 1561/3/3
f 1564/3/3 1562/3/3 1563/3/3
f 1565/3/3 1562/3/3 1564/3/3
f 1566/4/3 1565/4/3 1564/4/3
f 1567/4/3 1565/4/3 1566/4/3
f 1568/1/3 1567/1/3 1566/1/3
f 1569/1/3 1567/1/3 1568/1/3
f 1574/4/3 1571/4/3 1570/4/3
f 1575/1/3 1572/1/3 1571/1/3
f 1575/4/3 1571/4/3 1574/4/3
f 1576/4/3 1573/4/3 1572/4/3
f 1576/1/3 1572/1/3 1575/1/3
f 1577/4/3 1573/4/3 1576/4/3
f 1581/1/3 1579/1/3 1578/1/3
f 1582/1/3 1579/1/3 1581/1/3
f 1583/4/3 1581/4/3 1580/4/3
f 1584/4/3 1581/4/3 1583/4/3
f 1589/3/3 1586/3/3 1585/3/3
f 1590/4/3 1587/4/3 1586/4/3
f 1590/3/3 1586/3/3 1589/3/3
f 1591/3/3 1588/3/3 1587/3/3
f 1591/4/3 1587/4/3 1590/4/3
f 1592/3/3 1588/3/3 1591/3/3
f 1595/4/3 1594/4/3 1593/4/3
f 1596/4/3 1594/4/3 1595/4/3
f 1597/3/3 1596/3/3 1595/3/3
f 1598/3/3 1596/3/3 1597/3/3
f 1601/4/3 1600/4/3 1599/4/3
f 1602/4/3 1600/4/3 1601/4/3
f 1603/3/3 1602/3/3 1601/3/3
f 1604/3/3 1602/3/3 1603/3/3
f 1605/4/3 1604/4/3 1603/4/3
f 1606/4/3 1604/4/3 1605/4/3
f 1611/3/3 1608/3/3 1607/3/3
f 1612/4/3 1609/4/3 1608/4/3
f 1612/3/3 1608/3/3 1611/3/3
f 1613/3/3 1610/3/3 1609/3/3
f 1613/4/3 1609/4/3 1612/4/3
f 1614/3/3 1610/3/3 1613/3/3
f 1617/4/3 1616/4/3 1615/4/3
f 1618/4/3 1616/4/3 1617/4/3
f 1623/4/3 1620/4/3 1619/4/3
f 1624/1/3 1621/1/3 1620/1/3
f 1624/4/3 1620/4/3 1623/4/3
f 1625/4/3 1622/4/3 1621/4/3
f 1625/1/3 1621/1/3 1624/1/3
f 1626/4/3 1622/4/3 1625/4/3
f 1629/4/3 1628/4/3 1627/4/3
f 1630/4/3 1628/4/3 1629/4/3
f 1637/1/3 1632/1/3 1631/1/3
f 1638/1/3 1632/1/3 1637/1/3
f 1639/1/3 1636/1/3 1635/1/3
f 1640/1/3 1636/1/3 1639/1/3
f 1641/1/3 1634/1/3 1633/1/3
f 1642/1/3 1634/1/3 1641/1/3
f 1647/4/3 1644/4/3 1643/4/3
f 1648/1/3 1645/1/3 1644/1/3
f 1648/4/3 1644/4/3 1647/4/3
f 1649/4/3 1646/4/3 1645/4/3
f 1649/1/3 1645/1/3 1648/1/3
f 1650/4/3 1646/4/3 1649/4/3
f 1655/3/3 1652/3/3 1651/3/3
f 1655/3/3 1654/3/3 1653/3/3
f 1655/3/3 1653/3/3 1652/3/3
f 1656/3/3 1654/3/3 1655/3/3
f 1657/3/3 1654/3/3 1656/3/3
f 1658/3/3 1654/3/3 1657/3/3
f 1659/4/3 1656/4/3 1655/4/3
f 1660/1/3 1657/1/3 1656/1/3
f 1660/4/3 1656/4/3 1659/4/3
f 1661/4/3 1658/4/3 1657/4/3
f 1661/1/3 1657/1/3 1660/1/3
f 1662/4/3 1658/4/3 1661/4/3
f 1665/4/3 1664/4/3 1663/4/3
f 1666/4/3 1664/4/3 1665/4/3
f 1671/1/3 1668/1/3 1667/1/3
f 1672/1/3 1668/1/3 1671/1/3
f 1673/3/3 1670/3/3 1669/3/3
f 1674/3/3 1670/3/3 1673/3/3
f 1675/3/3 1670/3/3 1674/3/3
f 1677/1/3 1668/1/3 1672/1/3
f 1678/1/3 1668/1/3 1677/1/3
f 1679/1/3 1674/1/3 1673/1/3
f 1680/1/3 1674/1/3 1679/1/3
f 1681/1/3 1676/1/3 1675/1/3
f 1682/1/3 1676/1/3 1681/1/3
f 1685/3/3 1679/3/3 1678/3/3
f 1686/3/3 1679/3/3 1685/3/3
f 1688/3/3 1682/3/3 1681/3/3
f 1689/3/3 1682/3/3 1688/3/3
f 1690/4/3 1684/4/3 1683/4/3
f 1691/4/3 1684/4/3 1690/4/3
f 1692/1/3 1689/1/3 1688/1/3
f 1692/3/3 1688/3/3 1687/3/3
f 1693/1/3 1689/1/3 1692/1/3
f 1698/3/3 1692/3/3 1687/3/3
f 1699/3/3 1692/3/3 1698/3/3
f 1700/4/3 1695/4/3 1694/4/3
f 1701/1/3 1696/1/3 1695/1/3
f 1701/4/3 1695/4/3 1700/4/3
f 1702/4/3 1697/4/3 1696/4/3
f 1702/1/3 1696/1/3 1701/1/3
f 1703/4/3 1697/4/3 1702/4/3
f 1706/3/3 1705/3/3 1704/3/3
f 1707/3/3 1705/3/3 1706/3/3
f 1710/4/3 1709/4/3 1708/4/3
f 1711/4/3 1709/4/3 1710/4/3
f 1712/3/3 1711/3/3 1710/3/3
f 1713/3/3 1711/3/3 1712/3/3
f 1722/1/3 1715/1/3 1714/1/3
f 1723/5/3 1716/5/3 1715/5/3
f 1723/1/3 1715/1/3 1722/1/3
f 1724/4/3 1717/4/3 1716/4/3
f 1724/5/3 1716/5/3 1723/5/3
f 1725/3/3 1718/3/3 1717/3/3
f 1725/4/3 1717/4/3 1724/4/3
f 1726/5/3 1719/5/3 1718/5/3
f 1726/3/3 1718/3/3 1725/3/3
f 1727/5/3 1719/5/3 1726/5/3
f 1730/4/3 1721/4/3 1720/4/3
f 1731/1/3 1722/1/3 1721/1/3
f 1731/4/3 1721/4/3 1730/4/3
f 1734/4/3 1729/4/3 1728/4/3
f 1735/4/3 1729/4/3 1734/4/3
f 1736/1/3 1731/1/3 1730/1/3
f 1737/1/3 1722/1/3 1731/1/3
f 1737/1/3 1731/1/3 1736/1/3
f 1738/3/3 1733/3/3 1732/3/3
f 1739/3/3 1733/3/3 1738/3/3
f 1745/3/3 1740/3/3 1739/3/3
f 1746/3/3 1740/3/3 1745/3/3
f 1747/1/3 1742/1/3 1741/1/3
f 1748/1/3 1742/1/3 1747/1/3
f 1750/1/3 1744/1/3 1743/1/3
f 1753/3/3 1747/3/3 1746/3/3
f 1754/3/3 1747/3/3 1753/3/3
f 1755/3/3 1749/3/3 1748/3/3
f 1756/3/3 1749/3/3 1755/3/3
f 1758/1/3 1744/1/3 1750/1/3
f 1759/1/3 1744/1/3 1758/1/3
f 1760/1/3 1752/1/3 1751/1/3
f 1761/1/3 1752/1/3 1760/1/3
f 1762/3/3 1758/3/3 1757/3/3
f 1763/3/3 1758/3/3 1762/3/3
f 1768/3/3 1765/3/3 1764/3/3
f 1769/4/3 1767/4/3 1766/4/3
f 1769/3/3 1765/3/3 1768/3/3
f 1769/4/3 1766/4/3 1765/4/3
f 1770/4/3 1767/4/3 1769/4/3
f 1777/3/3 1772/3/3 1771/3/3
f 1778/3/3 1772/3/3 1777/3/3
f 1779/5/3 1773/5/3 1772/5/3
f 1779/3/3 1772/3/3 1778/3/3
f 1780/4/3 1774/4/3 1773/4/3
f 1780/5/3 1773/5/3 1779/5/3
f 1781/3/3 1775/3/3 1774/3/3
f 1781/4/3 1774/4/3 1780/4/3
f 1782/3/3 1775/3/3 1781/3/3
f 1786/4/3 1777/4/3 1776/4/3
f 1787/4/3 1777/4/3 1786/4/3
f 1789/4/3 1784/4/3 1783/4/3
f 1790/3/3 1785/3/3 1784/3/3
f 1790/4/3 1784/4/3 1789/4/3
f 1791/3/3 1785/3/3 1790/3/3
f 1792/1/3 1788/1/3 1787/1/3
f 1793/1/3 1788/1/3 1792/1/3
f 1798/4/3 1795/4/3 1794/4/3
f 1799/4/3 1795/4/3 1798/4/3
f 1800/3/3 1797/3/3 1796/3/3
f 1801/3/3 1797/3/3 1800/3/3
f 1808/3/3 1803/3/3 1802/3/3
f 1809/3/3 1803/3/3 1808/3/3
f 1810/3/3 1805/3/3 1804/3/3
f 1811/3/3 1805/3/3 1810/3/3
f 1812/4/3 1807/4/3 1806/4/3
f 1813/4/3 1807/4/3 1812/4/3
f 1817/3/3 1815/3/3 1814/3/3
f 1818/4/3 1816/4/3 1815/4/3
f 1818/3/3 1815/3/3 1817/3/3
f 1819/4/3 1816/4/3 1818/4/3
f 1822/1/3 1821/1/3 1820/1/3
f 1823/1/3 1821/1/3 1822/1/3
f 1829/5/3 1825/5/3 1824/5/3
f 1830/5/3 1825/5/3 1829/5/3
f 1831/3/3 1827/3/3 1826/3/3
f 1832/3/3 1827/3/3 1831/3/3
f 1834/3/3 1829/3/3 1828/3/3
f 1835/3/3 1829/3/3 1834/3/3
f 1836/3/3 1834/3/3 1833/3/3
f 1837/3/3 1834/3/3 1836/3/3
f 1840/1/3 1837/1/3 1836/1/3
f 1841/1/3 1837/1/3 1840/1/3
f 1843/1/3 1839/1/3 1838/1/3
f 1844/1/3 1839/1/3 1843/1/3
f 1845/3/3 1842/3/3 1841/3/3
f 1845/3/3 1843/3/3 1842/3/3
f 1846/3/3 1843/3/3 1845/3/3
f 1853/3/3 1848/3/3 1847/3/3
f 1854/3/3 1848/3/3 1853/3/3
f 1855/1/3 1850/1/3 1849/1/3
f 1856/1/3 1850/1/3 1855/1/3
f 1857/1/3 1852/1/3 1851/1/3
f 1858/3/3 1855/3/3 1854/3/3
f 1859/3/3 1855/3/3 1858/3/3
f 1861/1/3 1852/1/3 1857/1/3
f 1862/1/3 1852/1/3 1861/1/3
f 1863/3/3 1861/3/3 1860/3/3
f 1864/3/3 1861/3/3 1863/3/3
f 1869/4/3 1866/4/3 1865/4/3
f 1870/1/3 1867/1/3 1866/1/3
f 1870/4/3 1866/4/3 1869/4/3
f 1871/4/3 1868/4/3 1867/4/3
f 1871/1/3 1867/1/3 1870/1/3
f 1872/4/3 1868/4/3 1871/4/3
f 1879/3/3 1874/3/3 1873/3/3
f 1880/5/3 1875/5/3 1874/5/3
f 1880/3/3 1874/3/3 1879/3/3
f 1881/4/3 1876/4/3 1875/4/3
f 1881/5/3 1875/5/3 1880/5/3
f 1882/3/3 1877/3/3 1876/3/3
f 1882/4/3 1876/4/3 1881/4/3
f 1883/3/3 1877/3/3 1882/3/3
f 1885/4/3 1879/4/3 1878/4/3
f 1886/3/3 1881/3/3 1880/3/3
f 1886/3/3 1880/3/3 1879/3/3
f 1886/4/3 1879/4/3 1885/4/3
f 1886/3/3 1882/3/3 1881/3/3
f 1887/3/3 1882/3/3 1886/3/3
f 1888/3/3 1882/3/3 1887/3/3
f 1889/3/3 1882/3/3 1888/3/3
f 1891/1/3 1885/1/3 1884/1/3
f 1891/1/3 1886/1/3 1885/1/3
f 1891/1/3 1887/1/3 1886/1/3
f 1892/1/3 1887/1/3 1891/1/3
f 1893/3/3 1888/3/3 1887/3/3
f 1893/1/3 1887/1/3 1892/1/3
f 1894/3/3 1888/3/3 1893/3/3
f 1896/1/3 1892/1/3 1891/1/3
f 1896/1/3 1891/1/3 1890/1/3
f 1897/1/3 1892/1/3 1896/1/3
f 1898/1/3 1892/1/3 1897/1/3
f 1899/1/3 1894/1/3 1893/1/3
f 1900/1/3 1894/1/3 1899/1/3
f 1906/1/3 1897/1/3 1896/1/3
f 1906/1/3 1896/1/3 1895/1/3
f 1907/1/3 1897/1/3 1906/1/3
f 1908/1/3 1897/1/3 1907/1/3
f 1909/3/3 1902/3/3 1901/3/3
f 1910/3/3 1902/3/3 1909/3/3
f 1912/3/3 1904/3/3 1903/3/3
f 1913/3/3 1904/3/3 1912/3/3
f 1914/1/3 1906/1/3 1905/1/3
f 1914/1/3 1907/1/3 1906/1/3
f 1915/1/3 1907/1/3 1914/1/3
f 1916/3/3 1911/3/3 1910/3/3
f 1917/3/3 1911/3/3 1916/3/3
f 1923/1/3 1914/1/3 1905/1/3
f 1924/1/3 1914/1/3 1923/1/3
f 1925/3/3 1918/3/3 1917/3/3
f 1926/3/3 1918/3/3 1925/3/3
f 1927/3/3 1920/3/3 1919/3/3
f 1928/3/3 1920/3/3 1927/3/3
f 1932/1/3 1922/1/3 1921/1/3
f 1933/1/3 1922/1/3 1932/1/3
f 1934/3/3 1930/3/3 1929/3/3
f 1935/3/3 1930/3/3 1934/3/3
f 1936/3/3 1932/3/3 1931/3/3
f 1937/3/3 1932/3/3 1936/3/3
f 1938/3/3 1936/3/3 1935/3/3
f 1939/3/3 1936/3/3 1938/3/3
f 1940/3/3 1936/3/3 1939/3/3
f 1941/3/3 1936/3/3 1940/3/3
f 1945/3/3 1943/3/3 1942/3/3
f 1946/4/3 1944/4/3 1943/4/3
f 1946/3/3 1943/3/3 1945/3/3
f 1947/4/3 1944/4/3 1946/4/3
f 1950/4/3 1949/4/3 1948/4/3
f 1951/4/3 1949/4/3 1950/4/3
f 1959/4/3 1953/4/3 1952/4/3
f 1960/3/3 1954/3/3 1953/3/3
f 1960/4/3 1953/4/3 1959/4/3
f 1961/5/3 1955/5/3 1954/5/3
f 1961/3/3 1954/3/3 1960/3/3
f 1962/4/3 1956/4/3 1955/4/3
f 1962/5/3 1955/5/3 1961/5/3
f 1963/3/3 1957/3/3 1956/3/3
f 1963/4/3 1956/4/3 1962/4/3
f 1964/5/3 1958/5/3 1957/5/3
f 1964/3/3 1957/3/3 1963/3/3
f 1965/5/3 1958/5/3 1964/5/3
f 1970/3/3 1967/3/3 1966/3/3
f 1971/4/3 1968/4/3 1967/4/3
f 1971/3/3 1967/3/3 1970/3/3
f 1972/4/3 1968/4/3 1971/4/3
f 1976/3/3 1970/3/3 1969/3/3
f 1976/3/3 1971/3/3 1970/3/3
f 1977/3/3 1971/3/3 1976/3/3
f 1978/3/3 1971/3/3 1977/3/3
f 1979/3/3 1974/3/3 1973/3/3
f 1980/3/3 1974/3/3 1979/3/3
f 1984/3/3 1976/3/3 1975/3/3
f 1984/3/3 1977/3/3 1976/3/3
f 1985/3/3 1977/3/3 1984/3/3
f 1986/3/3 1977/3/3 1985/3/3
f 1987/1/3 1982/1/3 1981/1/3
f 1988/1/3 1982/1/3 1987/1/3
f 1990/3/3 1984/3/3 1983/3/3
f 1991/4/3 1985/4/3 1984/4/3
f 1991/3/3 1984/3/3 1990/3/3
f 1992/4/3 1985/4/3 1991/4/3
f 1998/3/3 1990/3/3 1989/3/3
f 1998/3/3 1991/3/3 1990/3/3
f 1999/3/3 1991/3/3 1998/3/3
f 2000/3/3 1991/3/3 1999/3/3
f 2001/1/3 1994/1/3 1993/1/3
f 2004/1/3 1996/1/3 1995/1/3
f 2005/1/3 1996/1/3 2004/1/3
f 2006/4/3 1998/4/3 1997/4/3
f 2007/3/3 1999/3/3 1998/3/3
f 2007/4/3 1998/4/3 2006/4/3
f 2008/3/3 1999/3/3 2007/3/3
f 2009/1/3 2002/1/3 2001/1/3
f 2014/1/3 2001/1/3 1993/1/3
f 2014/1/3 2009/1/3 2001/1/3
f 2015/1/3 2009/1/3 2014/1/3
f 2016/3/3 2010/3/3 2009/3/3
f 2017/3/3 2004/3/3 2003/3/3
f 2018/4/3 2012/4/3 2011/4/3
f 2019/1/3 2013/1/3 2012/1/3
f 2019/4/3 2012/4/3 2018/4/3
f 2020/1/3 2013/1/3 2019/1/3
f 2021/1/3 2009/1/3 2015/1/3
f 2022/3/3 2016/3/3 2009/3/3
f 2022/1/3 2009/1/3 2021/1/3
f 2022/3/3 2017/3/3 2016/3/3
f 2023/3/3 2004/3/3 2017/3/3
f 2023/3/3 2017/3/3 2022/3/3
f 2024/3/3 2004/3/3 2023/3/3
f 2025/3/3 2023/3/3 2022/3/3
f 2026/3/3 2023/3/3 2025/3/3
f 2027/3/3 2025/3/3 2022/3/3
f 2028/3/3 2025/3/3 2027/3/3
f 2031/4/3 2030/4/3 2029/4/3
f 2032/4/3 2030/4/3 2031/4/3
f 2040/4/3 2034/4/3 2033/4/3
f 2041/3/3 2035/3/3 2034/3/3
f 2041/4/3 2034/4/3 2040/4/3
f 2042/5/3 2036/5/3 2035/5/3
f 2042/3/3 2035/3/3 2041/3/3
f 2043/5/3 2036/5/3 2042/5/3
f 2044/4/3 2038/4/3 2037/4/3
f 2045/4/3 2038/4/3 2044/4/3
f 2047/5/3 2040/5/3 2039/5/3
f 2048/5/3 2040/5/3 2047/5/3
f 2051/3/3 2047/3/3 2046/3/3
f 2052/3/3 2047/3/3 2051/3/3
f 2054/5/3 2050/5/3 2049/5/3
f 2055/4/3 2051/4/3 2050/4/3
f 2055/5/3 2050/5/3 2054/5/3
f 2056/4/3 2051/4/3 2055/4/3
f 2057/3/3 2054/3/3 2053/3/3
f 2058/3/3 2054/3/3 2057/3/3
f 2064/4/3 2060/4/3 2059/4/3
f 2065/4/3 2060/4/3 2064/4/3
f 2068/1/3 2062/1/3 2061/1/3
f 2069/1/3 2062/1/3 2068/1/3
f 2071/3/3 2064/3/3 2063/3/3
f 2072/3/3 2064/3/3 2071/3/3
f 2073/3/3 2066/3/3 2065/3/3
f 2074/4/3 2067/4/3 2066/4/3
f 2074/3/3 2066/3/3 2073/3/3
f 2075/4/3 2067/4/3 2074/4/3
f 2078/3/3 2071/3/3 2070/3/3
f 2079/3/3 2071/3/3 2078/3/3
f 2080/3/3 2076/3/3 2075/3/3
f 2081/3/3 2076/3/3 2080/3/3
f 2085/4/3 2078/4/3 2077/4/3
f 2086/4/3 2078/4/3 2085/4/3
f 2091/4/3 2085/4/3 2084/4/3
f 2092/4/3 2085/4/3 2091/4/3
f 2093/3/3 2083/3/3 2082/3/3
f 2094/3/3 2083/3/3 2093/3/3
f 2096/4/3 2090/4/3 2089/4/3
f 2097/1/3 2091/1/3 2090/1/3
f 2097/4/3 2090/4/3 2096/4/3
f 2098/1/3 2091/1/3 2097/1/3
f 2101/1/3 2088/1/3 2087/1/3
f 2102/1/3 2088/1/3 2101/1/3
f 2103/4/3 2096/4/3 2095/4/3
f 2104/4/3 2096/4/3 2103/4/3
f 2105/3/3 2100/3/3 2099/3/3
f 2106/3/3 2100/3/3 2105/3/3
f 2110/3/3 2107/3/3 2106/3/3
f 2111/3/3 2107/3/3 2110/3/3
f 2113/8/3 2109/8/3 2108/8/3
f 2114/7/3 2111/7/3 2110/7/3
f 2115/7/3 2111/7/3 2114/7/3
f 2116/3/3 2113/3/3 2112/3/3
f 2117/8/3 2109/8/3 2113/8/3
f 2117/3/3 2113/3/3 2116/3/3
f 2118/8/3 2109/8/3 2117/8/3
f 2119/7/3 2116/7/3 2115/7/3
f 2120/3/3 2117/3/3 2116/3/3
f 2120/7/3 2116/7/3 2119/7/3
f 2121/3/3 2117/3/3 2120/3/3
f 2124/5/3 2123/5/3 2122/5/3
f 2125/5/3 2123/5/3 2124/5/3
f 2130/3/3 2127/3/3 2126/3/3
f 2131/3/3 2127/3/3 2130/3/3
f 2132/4/3 2129/4/3 2128/4/3
f 2133/4/3 2129/4/3 2132/4/3
f 2137/3/3 2134/3/3 2133/3/3
f 2138/3/3 2134/3/3 2137/3/3
f 2141/4/3 2136/4/3 2135/4/3
f 2142/4/3 2136/4/3 2141/4/3
f 2145/1/3 2140/1/3 2139/1/3
f 2146/3/3 2144/3/3 2143/3/3
f 2147/3/3 2144/3/3 2146/3/3
f 2148/1/3 2140/1/3 2145/1/3
f 2149/1/3 2140/1/3 2148/1/3
f 2152/3/3 2151/3/3 2150/3/3
f 2153/3/3 2151/3/3 2152/3/3
f 2156/7/3 2155/7/3 2154/7/3
f 2157/7/3 2155/7/3 2156/7/3
f 2160/3/3 2159/3/3 2158/3/3
f 2161/3/3 2159/3/3 2160/3/3
f 2164/3/3 2163/3/3 2162/3/3
f 2165/3/3 2163/3/3 2164/3/3
f 2168/3/3 2167/3/3 2166/3/3
f 2169/3/3 2167/3/3 2168/3/3
f 2172/3/3 2171/3/3 2170/3/3
f 2173/3/3 2171/3/3 2172/3/3
f 2176/3/3 2175/3/3 2174/3/3
f 2177/3/3 2175/3/3 2176/3/3
f 2180/4/3 2179/4/3 2178/4/3
f 2181/4/3 2179/4/3 2180/4/3
f 2185/3/3 2183/3/3 2182/3/3
f 2185/4/3 2184/4/3 2183/4/3
f 2186/4/3 2184/4/3 2185/4/3
f 2188/3/3 2185/3/3 2182/3/3
f 2189/3/3 2185/3/3 2188/3/3
f 2190/3/3 2188/3/3 2187/3/3
f 2191/3/3 2188/3/3 2190/3/3
f 2194/4/3 2193/4/3 2192/4/3
f 2195/4/3 2193/4/3 2194/4/3
f 2198/3/3 2197/3/3 2196/3/3
f 2199/3/3 2197/3/3 2198/3/3
f 2202/3/3 2201/3/3 2200/3/3
f 2203/3/3 2201/3/3 2202/3/3
f 2207/3/3 2205/3/3 2204/3/3
f 2208/4/3 2206/4/3 2205/4/3
f 2208/3/3 2205/3/3 2207/3/3
f 2209/4/3 2206/4/3 2208/4/3
f 2212/3/3 2211/3/3 2210/3/3
f 2213/3/3 2211/3/3 2212/3/3
f 2216/3/3 2215/3/3 2214/3/3
f 2218/3/3 2217/3/3 2216/3/3
f 2220/3/3 2216/3/3 2214/3/3
f 2220/3/3 2218/3/3 2216/3/3
f 2221/4/3 2219/4/3 2218/4/3
f 2221/3/3 2218/3/3 2220/3/3
f 2222/4/3 2219/4/3 2221/4/3
f 2226/4/3 2224/4/3 2223/4/3
f 2227/1/3 2225/1/3 2224/1/3
f 2227/4/3 2224/4/3 2226/4/3
f 2228/1/3 2225/1/3 2227/1/3
f 2230/3/3 2227/3/3 2226/3/3
f 2231/4/3 2228/4/3 2227/4/3
f 2231/3/3 2227/3/3 2230/3/3
f 2232/4/3 2228/4/3 2231/4/3
f 2233/3/3 2230/3/3 2229/3/3
f 2233/3/3 2231/3/3 2230/3/3
f 2234/3/3 2231/3/3 2233/3/3
f 2235/3/3 2233/3/3 2229/3/3
f 2236/4/3 2234/4/3 2233/4/3
f 2236/3/3 2233/3/3 2235/3/3
f 2237/4/3 2234/4/3 2236/4/3
f 2238/3/3 2237/3/3 2236/3/3
f 2239/3/3 2237/3/3 2238/3/3
f 2242/4/3 2241/4/3 2240/4/3
f 2243/4/3 2241/4/3 2242/4/3
f 2246/4/3 2245/4/3 2244/4/3
f 2247/4/3 2245/4/3 2246/4/3
f 2248/1/3 2247/1/3 2246/1/3
f 2249/1/3 2247/1/3 2248/1/3
f 2250/4/3 2249/4/3 2248/4/3
f 2251/4/3 2249/4/3 2250/4/3
f 2252/3/4 2253/3/4 2254/3/4
f 2254/3/4 2253/3/4 2255/3/4
f 2256/3/4 2257/3/4 2259/3/4
f 2257/4/4 2258/4/4 2260/4/4
f 2259/3/4 2257/3/4 2260/3/4
f 2260/4/4 2258/4/4 2261/4/4
f 2262/3/4 2263/3/4 2264/3/4
f 2262/3/4 2264/3/4 2265/3/4
f 2262/3/4 2265/3/4 2266/3/4
f 2262/3/4 2266/3/4 2267/3/4
f 2262/3/4 2267/3/4 2268/3/4
f 2262/3/4 2268/3/4 2269/3/4
f 2269/3/4 2268/3/4 2270/3/4
f 2271/3/4 2272/3/4 2273/3/4
f 2273/3/4 2272/3/4 2274/3/4
f 2275/3/4 2276/3/4 2277/3/4
f 2277/3/4 2276/3/4 2278/3/4
f 2279/4/4 2280/4/4 2281/4/4
f 2281/4/4 2280/4/4 2282/4/4
f 2281/3/4 2282/3/4 2283/3/4
f 2283/3/4 2282/3/4 2284/3/4
f 2283/4/4 2284/4/4 2285/4/4
f 2285/4/4 2284/4/4 2286/4/4
f 2285/3/4 2286/3/4 2287/3/4
f 2287/3/4 2286/3/4 2288/3/4
f 2287/4/4 2288/4/4 2290/4/4
f 2290/4/4 2288/4/4 2291/4/4
f 2289/3/4 2290/3/4 2292/3/4
f 2292/3/4 2290/3/4 2293/3/4
f 2294/3/4 2295/3/4 2296/3/4
f 2296/3/4 2295/3/4 2297/3/4
f 2298/3/4 2299/3/4 2300/3/4
f 2300/3/4 2299/3/4 2301/3/4
f 2302/4/4 2303/4/4 2304/4/4
f 2304/4/4 2303/4/4 2305/4/4
f 2306/4/4 2307/4/4 2309/4/4
f 2309/4/4 2307/4/4 2310/4/4
f 2308/3/4 2309/3/4 2311/3/4
f 2311/3/4 2309/3/4 2312/3/4
f 2313/3/4 2314/3/4 2315/3/4
f 2315/3/4 2314/3/4 2316/3/4
f 2317/4/4 2318/4/4 2319/4/4
f 2319/4/4 2318/4/4 2320/4/4
f 2321/3/4 2322/3/4 2323/3/4
f 2323/3/4 2322/3/4 2324/3/4
f 2325/3/4 2326/3/4 2327/3/4
f 2327/3/4 2326/3/4 2328/3/4
f 2328/3/4 2326/3/4 2329/3/4
f 2330/4/4 2331/4/4 2332/4/4
f 2332/4/4 2331/4/4 2333/4/4
f 2334/3/4 2335/3/4 2336/3/4
f 2336/3/4 2335/3/4 2337/3/4
f 2338/7/4 2339/7/4 2340/7/4
f 2340/7/4 2339/7/4 2341/7/4
f 2342/4/4 2343/4/4 2344/4/4
f 2344/4/4 2343/4/4 2345/4/4
f 2345/3/4 2346/3/4 2347/3/4
f 2347/3/4 2346/3/4 2348/3/4
f 2349/1/4 2350/1/4 2353/1/4
f 2351/3/4 2352/3/4 2354/3/4
f 2354/3/4 2352/3/4 2355/3/4
f 2353/1/4 2350/1/4 2356/1/4
f 2356/1/4 2350/1/4 2357/1/4
f 2358/3/4 2359/3/4 2360/3/4
f 2360/3/4 2359/3/4 2361/3/4
f 2362/4/4 2363/4/4 2369/4/4
f 2363/3/4 2364/3/4 2370/3/4
f 2369/4/4 2363/4/4 2370/4/4
f 2364/5/4 2365/5/4 2371/5/4
f 2370/3/4 2364/3/4 2371/3/4
f 2371/5/4 2365/5/4 2372/5/4
f 2366/4/4 2367/4/4 2373/4/4
f 2373/4/4 2367/4/4 2374/4/4
f 2368/5/4 2369/5/4 2376/5/4
f 2376/5/4 2369/5/4 2377/5/4
f 2375/3/4 2376/3/4 2380/3/4
f 2380/3/4 2376/3/4 2381/3/4
f 2378/5/4 2379/5/4 2383/5/4
f 2379/4/4 2380/4/4 2384/4/4
f 2383/5/4 2379/5/4 2384/5/4
f 2384/4/4 2380/4/4 2385/4/4
f 2382/3/4 2383/3/4 2386/3/4
f 2386/3/4 2383/3/4 2387/3/4
f 2388/4/4 2389/4/4 2393/4/4
f 2393/4/4 2389/4/4 2394/4/4
f 2390/1/4 2391/1/4 2397/1/4
f 2397/1/4 2391/1/4 2398/1/4
f 2392/3/4 2393/3/4 2400/3/4
f 2400/3/4 2393/3/4 2401/3/4
f 2394/3/4 2395/3/4 2402/3/4
f 2395/4/4 2396/4/4 2403/4/4
f 2402/3/4 2395/3/4 2403/3/4
f 2403/4/4 2396/4/4 2404/4/4
f 2399/3/4 2400/3/4 2407/3/4
f 2407/3/4 2400/3/4 2408/3/4
f 2404/3/4 2405/3/4 2409/3/4
f 2409/3/4 2405/3/4 2410/3/4
f 2406/4/4 2407/4/4 2414/4/4
f 2414/4/4 2407/4/4 2415/4/4
f 2413/3/4 2414/3/4 2419/3/4
f 2419/3/4 2414/3/4 2420/3/4
f 2411/3/4 2412/3/4 2421/3/4
f 2421/3/4 2412/3/4 2422/3/4
f 2418/4/4 2419/4/4 2423/4/4
f 2423/4/4 2419/4/4 2424/4/4
f 2416/1/4 2417/1/4 2427/1/4
f 2427/1/4 2417/1/4 2428/1/4
f 2425/3/4 2426/3/4 2429/3/4
f 2429/3/4 2426/3/4 2430/3/4
f 2430/3/4 2431/3/4 2434/3/4
f 2434/3/4 2431/3/4 2435/3/4
f 2432/8/4 2433/8/4 2437/8/4
f 2434/7/4 2435/7/4 2438/7/4
f 2438/7/4 2435/7/4 2439/7/4
f 2436/3/4 2437/3/4 2440/3/4
f 2437/8/4 2433/8/4 2441/8/4
f 2440/3/4 2437/3/4 2441/3/4
f 2441/8/4 2433/8/4 2442/8/4
f 2439/7/4 2440/7/4 2443/7/4
f 2440/3/4 2441/3/4 2444/3/4
f 2443/7/4 2440/7/4 2444/7/4
f 2444/3/4 2441/3/4 2445/3/4
f 2446/4/4 2447/4/4 2453/4/4
f 2447/3/4 2448/3/4 2454/3/4
f 2453/4/4 2447/4/4 2454/4/4
f 2448/5/4 2449/5/4 2455/5/4
f 2454/3/4 2448/3/4 2455/3/4
f 2449/4/4 2450/4/4 2456/4/4
f 2455/5/4 2449/5/4 2456/5/4
f 2450/3/4 2451/3/4 2457/3/4
f 2456/4/4 2450/4/4 2457/4/4
f 2451/5/4 2452/5/4 2458/5/4
f 2457/3/4 2451/3/4 2458/3/4
f 2458/5/4 2452/5/4 2459/5/4
f 2460/4/4 2461/4/4 2465/4/4
f 2465/4/4 2461/4/4 2466/4/4
f 2462/3/4 2463/3/4 2469/3/4
f 2469/3/4 2463/3/4 2470/3/4
f 2464/3/4 2465/3/4 2472/3/4
f 2472/3/4 2465/3/4 2473/3/4
f 2467/3/4 2468/3/4 2474/3/4
f 2474/3/4 2468/3/4 2475/3/4
f 2471/3/4 2472/3/4 2479/3/4
f 2479/3/4 2472/3/4 2480/3/4
f 2476/3/4 2477/3/4 2481/3/4
f 2481/3/4 2477/3/4 2482/3/4
f 2478/4/4 2479/4/4 2484/4/4
f 2484/4/4 2479/4/4 2485/4/4
f 2483/3/4 2484/3/4 2490/3/4
f 2490/3/4 2484/3/4 2491/3/4
f 2491/3/4 2484/3/4 2492/3/4
f 2486/1/4 2487/1/4 2493/1/4
f 2488/1/4 2489/1/4 2496/1/4
f 2496/1/4 2489/1/4 2497/1/4
f 2490/4/4 2491/4/4 2498/4/4
f 2498/4/4 2491/4/4 2499/4/4
f 2493/1/4 2494/1/4 2500/1/4
f 2486/1/4 2493/1/4 2504/1/4
f 2493/1/4 2500/1/4 2504/1/4
f 2504/1/4 2500/1/4 2505/1/4
f 2500/3/4 2501/3/4 2506/3/4
f 2495/3/4 2496/3/4 2507/3/4
f 2502/4/4 2503/4/4 2508/4/4
f 2508/4/4 2503/4/4 2509/4/4
f 2505/1/4 2500/1/4 2510/1/4
f 2500/3/4 2506/3/4 2511/3/4
f 2510/1/4 2500/1/4 2511/1/4
f 2506/3/4 2507/3/4 2511/3/4
f 2507/3/4 2496/3/4 2512/3/4
f 2511/3/4 2507/3/4 2512/3/4
f 2512/3/4 2496/3/4 2513/3/4
f 2511/3/4 2512/3/4 2514/3/4
f 2514/3/4 2512/3/4 2515/3/4
f 2511/3/4 2514/3/4 2516/3/4
f 2516/3/4 2514/3/4 2517/3/4
f 2518/3/4 2519/3/4 2520/3/4
f 2520/3/4 2519/3/4 2521/3/4
f 2522/3/4 2523/3/4 2528/3/4
f 2523/5/4 2524/5/4 2529/5/4
f 2528/3/4 2523/3/4 2529/3/4
f 2524/4/4 2525/4/4 2530/4/4
f 2529/5/4 2524/5/4 2530/5/4
f 2525/3/4 2526/3/4 2531/3/4
f 2530/4/4 2525/4/4 2531/4/4
f 2531/3/4 2526/3/4 2532/3/4
f 2527/4/4 2528/4/4 2534/4/4
f 2529/3/4 2530/3/4 2535/3/4
f 2528/3/4 2529/3/4 2535/3/4
f 2534/4/4 2528/4/4 2535/4/4
f 2530/3/4 2531/3/4 2535/3/4
f 2535/3/4 2531/3/4 2536/3/4
f 2533/1/4 2534/1/4 2538/1/4
f 2534/1/4 2535/1/4 2538/1/4
f 2535/1/4 2536/1/4 2538/1/4
f 2538/1/4 2536/1/4 2539/1/4
f 2536/3/4 2531/3/4 2540/3/4
f 2539/1/4 2536/1/4 2540/1/4
f 2540/3/4 2531/3/4 2541/3/4
f 2541/3/4 2531/3/4 2542/3/4
f 2538/1/4 2539/1/4 2544/1/4
f 2537/1/4 2538/1/4 2544/1/4
f 2544/1/4 2539/1/4 2545/1/4
f 2545/1/4 2539/1/4 2546/1/4
f 2540/1/4 2541/1/4 2547/1/4
f 2547/1/4 2541/1/4 2548/1/4
f 2543/1/4 2544/1/4 2554/1/4
f 2544/1/4 2545/1/4 2554/1/4
f 2554/1/4 2545/1/4 2555/1/4
f 2555/1/4 2545/1/4 2556/1/4
f 2549/3/4 2550/3/4 2557/3/4
f 2557/3/4 2550/3/4 2558/3/4
f 2551/3/4 2552/3/4 2560/3/4
f 2560/3/4 2552/3/4 2561/3/4
f 2553/1/4 2554/1/4 2562/1/4
f 2554/1/4 2555/1/4 2562/1/4
f 2562/1/4 2555/1/4 2563/1/4
f 2558/3/4 2559/3/4 2564/3/4
f 2564/3/4 2559/3/4 2565/3/4
f 2553/1/4 2562/1/4 2571/1/4
f 2571/1/4 2562/1/4 2572/1/4
f 2565/3/4 2566/3/4 2573/3/4
f 2573/3/4 2566/3/4 2574/3/4
f 2567/3/4 2568/3/4 2575/3/4
f 2575/3/4 2568/3/4 2576/3/4
f 2569/1/4 2570/1/4 2580/1/4
f 2580/1/4 2570/1/4 2581/1/4
f 2577/3/4 2578/3/4 2582/3/4
f 2582/3/4 2578/3/4 2583/3/4
f 2579/3/4 2580/3/4 2584/3/4
f 2584/3/4 2580/3/4 2585/3/4
f 2583/3/4 2584/3/4 2586/3/4
f 2586/3/4 2584/3/4 2587/3/4
f 2587/3/4 2584/3/4 2590/3/4
f 2590/3/4 2584/3/4 2591/3/4
f 2588/4/4 2589/4/4 2592/4/4
f 2592/4/4 2589/4/4 2593/4/4
f 2594/4/4 2595/4/4 2597/4/4
f 2595/1/4 2596/1/4 2598/1/4
f 2597/4/4 2595/4/4 2598/4/4
f 2598/1/4 2596/1/4 2599/1/4
f 2600/3/4 2601/3/4 2602/3/4
f 2602/3/4 2601/3/4 2603/3/4
f 2604/5/4 2605/5/4 2609/5/4
f 2609/5/4 2605/5/4 2610/5/4
f 2606/3/4 2607/3/4 2611/3/4
f 2611/3/4 2607/3/4 2612/3/4
f 2608/3/4 2609/3/4 2613/3/4
f 2613/3/4 2609/3/4 2614/3/4
f 2615/1/4 2616/1/4 2619/1/4
f 2619/1/4 2616/1/4 2620/1/4
f 2617/1/4 2618/1/4 2622/1/4
f 2622/1/4 2618/1/4 2623/1/4
f 2620/3/4 2621/3/4 2624/3/4
f 2621/3/4 2622/3/4 2624/3/4
f 2624/3/4 2622/3/4 2625/3/4
f 2626/3/4 2627/3/4 2632/3/4
f 2632/3/4 2627/3/4 2633/3/4
f 2628/1/4 2629/1/4 2634/1/4
f 2634/1/4 2629/1/4 2635/1/4
f 2630/3/4 2631/3/4 2636/3/4
f 2636/3/4 2631/3/4 2637/3/4
f 2633/3/4 2634/3/4 2638/3/4
f 2638/3/4 2634/3/4 2639/3/4
f 2636/1/4 2637/1/4 2642/1/4
f 2642/1/4 2637/1/4 2643/1/4
f 2640/3/4 2641/3/4 2644/3/4
f 2641/3/4 2642/3/4 2644/3/4
f 2644/3/4 2642/3/4 2645/3/4
f 2646/3/4 2647/3/4 2649/3/4
f 2647/4/4 2648/4/4 2650/4/4
f 2649/3/4 2647/3/4 2650/3/4
f 2650/4/4 2648/4/4 2651/4/4
f 2652/3/4 2653/3/4 2658/3/4
f 2658/3/4 2653/3/4 2659/3/4
f 2653/5/4 2654/5/4 2660/5/4
f 2659/3/4 2653/3/4 2660/3/4
f 2654/4/4 2655/4/4 2661/4/4
f 2660/5/4 2654/5/4 2661/5/4
f 2655/3/4 2656/3/4 2662/3/4
f 2661/4/4 2655/4/4 2662/4/4
f 2662/3/4 2656/3/4 2663/3/4
f 2657/4/4 2658/4/4 2667/4/4
f 2667/4/4 2658/4/4 2668/4/4
f 2664/4/4 2665/4/4 2670/4/4
f 2665/3/4 2666/3/4 2671/3/4
f 2670/4/4 2665/4/4 2671/4/4
f 2671/3/4 2666/3/4 2672/3/4
f 2668/1/4 2669/1/4 2673/1/4
f 2673/1/4 2669/1/4 2674/1/4
f 2675/4/4 2676/4/4 2679/4/4
f 2679/4/4 2676/4/4 2680/4/4
f 2677/3/4 2678/3/4 2681/3/4
f 2681/3/4 2678/3/4 2682/3/4
f 2683/3/4 2684/3/4 2687/3/4
f 2687/3/4 2684/3/4 2688/3/4
f 2685/1/4 2686/1/4 2689/1/4
f 2689/1/4 2686/1/4 2690/1/4
f 2691/4/4 2692/4/4 2693/4/4
f 2693/4/4 2692/4/4 2694/4/4
f 2695/3/4 2696/3/4 2698/3/4
f 2696/4/4 2697/4/4 2699/4/4
f 2698/3/4 2696/3/4 2699/3/4
f 2699/4/4 2697/4/4 2700/4/4
f 2700/4/4 2697/4/4 2701/4/4
f 2701/4/4 2702/4/4 2703/4/4
f 2703/4/4 2702/4/4 2704/4/4
f 2705/1/4 2706/1/4 2713/1/4
f 2706/5/4 2707/5/4 2714/5/4
f 2713/1/4 2706/1/4 2714/1/4
f 2707/4/4 2708/4/4 2715/4/4
f 2714/5/4 2707/5/4 2715/5/4
f 2708/3/4 2709/3/4 2716/3/4
f 2715/4/4 2708/4/4 2716/4/4
f 2709/5/4 2710/5/4 2717/5/4
f 2716/3/4 2709/3/4 2717/3/4
f 2717/5/4 2710/5/4 2718/5/4
f 2711/4/4 2712/4/4 2721/4/4
f 2712/1/4 2713/1/4 2722/1/4
f 2721/4/4 2712/4/4 2722/4/4
f 2719/4/4 2720/4/4 2725/4/4
f 2725/4/4 2720/4/4 2726/4/4
f 2721/1/4 2722/1/4 2727/1/4
f 2722/1/4 2713/1/4 2728/1/4
f 2727/1/4 2722/1/4 2728/1/4
f 2723/3/4 2724/3/4 2729/3/4
f 2729/3/4 2724/3/4 2730/3/4
f 2730/3/4 2731/3/4 2736/3/4
f 2736/3/4 2731/3/4 2737/3/4
f 2732/1/4 2733/1/4 2738/1/4
f 2738/1/4 2733/1/4 2739/1/4
f 2734/1/4 2735/1/4 2741/1/4
f 2737/3/4 2738/3/4 2742/3/4
f 2742/3/4 2738/3/4 2743/3/4
f 2739/3/4 2740/3/4 2744/3/4
f 2744/3/4 2740/3/4 2745/3/4
f 2741/1/4 2735/1/4 2747/1/4
f 2747/1/4 2735/1/4 2748/1/4
f 2746/3/4 2747/3/4 2749/3/4
f 2749/3/4 2747/3/4 2750/3/4
f 2751/4/4 2752/4/4 2756/4/4
f 2756/4/4 2752/4/4 2757/4/4
f 2753/3/4 2754/3/4 2758/3/4
f 2754/4/4 2755/4/4 2759/4/4
f 2758/3/4 2754/3/4 2759/3/4
f 2755/1/4 2756/1/4 2760/1/4
f 2759/4/4 2755/4/4 2760/4/4
f 2760/1/4 2756/1/4 2761/1/4
f 2762/1/4 2763/1/4 2767/1/4
f 2763/3/4 2764/3/4 2768/3/4
f 2767/1/4 2763/1/4 2768/1/4
f 2768/3/4 2764/3/4 2769/3/4
f 2765/3/4 2766/3/4 2770/3/4
f 2770/3/4 2766/3/4 2771/3/4
f 2771/3/4 2766/3/4 2772/3/4
f 2768/1/4 2769/1/4 2774/1/4
f 2774/1/4 2769/1/4 2775/1/4
f 2770/1/4 2771/1/4 2776/1/4
f 2776/1/4 2771/1/4 2777/1/4
f 2772/1/4 2773/1/4 2778/1/4
f 2778/1/4 2773/1/4 2779/1/4
f 2775/3/4 2776/3/4 2780/3/4
f 2780/3/4 2776/3/4 2781/3/4
f 2778/3/4 2779/3/4 2783/3/4
f 2783/3/4 2779/3/4 2784/3/4
f 2782/3/4 2783/3/4 2785/3/4
f 2783/1/4 2784/1/4 2785/1/4
f 2785/1/4 2784/1/4 2786/1/4
f 2782/3/4 2785/3/4 2787/3/4
f 2787/3/4 2785/3/4 2788/3/4
f 2789/3/4 2790/3/4 2793/3/4
f 2790/4/4 2791/4/4 2794/4/4
f 2793/3/4 2790/3/4 2794/3/4
f 2791/1/4 2792/1/4 2795/1/4
f 2794/4/4 2791/4/4 2795/4/4
f 2795/1/4 2792/1/4 2796/1/4
f 2796/4/4 2797/4/4 2798/4/4
f 2798/4/4 2797/4/4 2799/4/4
f 2800/1/4 2801/1/4 2804/1/4
f 2804/1/4 2801/1/4 2805/1/4
f 2802/1/4 2803/1/4 2806/1/4
f 2806/1/4 2803/1/4 2807/1/4
f 2808/1/4 2809/1/4 2813/1/4
f 2813/1/4 2809/1/4 2814/1/4
f 2810/3/4 2811/3/4 2815/3/4
f 2811/4/4 2812/4/4 2816/4/4
f 2815/3/4 2811/3/4 2816/3/4
f 2812/4/4 2813/4/4 2816/4/4
f 2816/4/4 2813/4/4 2817/4/4
f 2818/3/4 2819/3/4 2821/3/4
f 2819/4/4 2820/4/4 2822/4/4
f 2821/3/4 2819/3/4 2822/3/4
f 2822/4/4 2820/4/4 2823/4/4
f 2823/4/4 2820/4/4 2824/4/4
f 2824/4/4 2825/4/4 2826/4/4
f 2826/4/4 2825/4/4 2827/4/4
f 2828/1/4 2829/1/4 2833/1/4
f 2833/1/4 2829/1/4 2834/1/4
f 2830/4/4 2831/4/4 2835/4/4
f 2831/1/4 2832/1/4 2836/1/4
f 2835/4/4 2831/4/4 2836/4/4
f 2832/4/4 2833/4/4 2837/4/4
f 2836/1/4 2832/1/4 2837/1/4
f 2837/4/4 2833/4/4 2838/4/4
f 2839/4/4 2840/4/4 2843/4/4
f 2840/1/4 2841/1/4 2844/1/4
f 2843/4/4 2840/4/4 2844/4/4
f 2841/4/4 2842/4/4 2845/4/4
f 2844/1/4 2841/1/4 2845/1/4
f 2845/4/4 2842/4/4 2846/4/4
f 2846/4/4 2847/4/4 2848/4/4
f 2848/4/4 2847/4/4 2849/4/4
f 2850/4/4 2851/4/4 2855/4/4
f 2855/4/4 2851/4/4 2856/4/4
f 2852/4/4 2853/4/4 2857/4/4
f 2853/1/4 2854/1/4 2858/1/4
f 2857/4/4 2853/4/4 2858/4/4
f 2854/4/4 2855/4/4 2859/4/4
f 2858/1/4 2854/1/4 2859/1/4
f 2859/4/4 2855/4/4 2860/4/4
f 2861/4/4 2862/4/4 2865/4/4
f 2862/1/4 2863/1/4 2866/1/4
f 2865/4/4 2862/4/4 2866/4/4
f 2863/4/4 2864/4/4 2867/4/4
f 2866/1/4 2863/1/4 2867/1/4
f 2867/4/4 2864/4/4 2868/4/4
f 2868/3/4 2869/3/4 2870/3/4
f 2870/3/4 2869/3/4 2871/3/4
f 2870/4/4 2871/4/4 2872/4/4
f 2872/4/4 2871/4/4 2873/4/4
f 2874/4/4 2875/4/4 2879/4/4
f 2879/4/4 2875/4/4 2880/4/4
f 2876/3/4 2877/3/4 2881/3/4
f 2877/4/4 2878/4/4 2882/4/4
f 2881/3/4 2877/3/4 2882/3/4
f 2878/3/4 2879/3/4 2883/3/4
f 2882/4/4 2878/4/4 2883/4/4
f 2883/3/4 2879/3/4 2884/3/4
f 2885/3/4 2886/3/4 2889/3/4
f 2886/4/4 2887/4/4 2890/4/4
f 2889/3/4 2886/3/4 2890/3/4
f 2887/3/4 2888/3/4 2891/3/4
f 2890/4/4 2887/4/4 2891/4/4
f 2891/3/4 2888/3/4 2892/3/4
f 2889/4/4 2890/4/4 2893/4/4
f 2890/1/4 2891/1/4 2894/1/4
f 2893/4/4 2890/4/4 2894/4/4
f 2891/4/4 2892/4/4 2895/4/4
f 2894/1/4 2891/1/4 2895/1/4
f 2895/4/4 2892/4/4 2896/4/4
f 2896/4/4 2897/4/4 2898/4/4
f 2898/4/4 2897/4/4 2899/4/4
f 2898/3/4 2899/3/4 2900/3/4
f 2900/3/4 2899/3/4 2901/3/4
f 2900/4/4 2901/4/4 2902/4/4
f 2902/4/4 2901/4/4 2903/4/4
f 2902/3/4 2903/3/4 2907/3/4
f 2907/3/4 2903/3/4 2908/3/4
f 2906/4/4 2907/4/4 2909/4/4
f 2907/4/4 2908/4/4 2909/4/4
f 2909/4/4 2908/4/4 2910/4/4
f 2904/4/4 2905/4/4 2911/4/4
f 2905/1/4 2906/1/4 2912/1/4
f 2911/4/4 2905/4/4 2912/4/4
f 2906/4/4 2909/4/4 2913/4/4
f 2912/1/4 2906/1/4 2913/1/4
f 2913/4/4 2909/4/4 2914/4/4
f 2915/4/4 2916/4/4 2919/4/4
f 2916/1/4 2917/1/4 2920/1/4
f 2919/4/4 2916/4/4 2920/4/4
f 2917/4/4 2918/4/4 2921/4/4
f 2920/1/4 2917/1/4 2921/1/4
f 2921/4/4 2918/4/4 2922/4/4
f 2919/3/4 2920/3/4 2923/3/4
f 2920/4/4 2921/4/4 2924/4/4
f 2923/3/4 2920/3/4 2924/3/4
f 2921/3/4 2922/3/4 2925/3/4
f 2924/4/4 2921/4/4 2925/4/4
f 2925/3/4 2922/3/4 2926/3/4
f 2923/4/4 2924/4/4 2927/4/4
f 2924/1/4 2925/1/4 2928/1/4
f 2927/4/4 2924/4/4 2928/4/4
f 2925/4/4 2926/4/4 2929/4/4
f 2928/1/4 2925/1/4 2929/1/4
f 2929/4/4 2926/4/4 2930/4/4
f 2927/3/4 2928/3/4 2931/3/4
f 2928/4/4 2929/4/4 2932/4/4
f 2931/3/4 2928/3/4 2932/3/4
f 2929/3/4 2930/3/4 2933/3/4
f 2932/4/4 2929/4/4 2933/4/4
f 2933/3/4 2930/3/4 2934/3/4
f 2938/4/5 2936/4/5 2935/4/5
f 2939/1/5 2937/1/5 2936/1/5
f 2939/4/5 2936/4/5 2938/4/5
f 2940/1/5 2937/1/5 2939/1/5
f 2945/3/5 2939/3/5 2938/3/5
f 2946/4/5 2940/4/5 2939/4/5
f 2946/3/5 2939/3/5 2945/3/5
f 2947/4/5 2940/4/5 2946/4/5
f 2951/3/5 2942/3/5 2941/3/5
f 2952/4/5 2943/4/5 2942/4/5
f 2952/3/5 2942/3/5 2951/3/5
f 2953/3/5 2944/3/5 2943/3/5
f 2953/4/5 2943/4/5 2952/4/5
f 2954/3/5 2944/3/5 2953/3/5
f 2956/3/5 2947/3/5 2946/3/5
f 2956/4/5 2948/4/5 2947/4/5
f 2957/4/5 2948/4/5 2956/4/5
f 2960/4/5 2950/4/5 2949/4/5
f 2961/3/5 2952/3/5 2951/3/5
f 2961/3/5 2951/3/5 2950/3/5
f 2961/4/5 2950/4/5 2960/4/5
f 2961/3/5 2954/3/5 2953/3/5
f 2961/3/5 2953/3/5 2952/3/5
f 2962/4/5 2955/4/5 2954/4/5
f 2962/3/5 2954/3/5 2961/3/5
f 2963/4/5 2955/4/5 2962/4/5
f 2965/3/5 2957/3/5 2956/3/5
f 2965/3/5 2956/3/5 2946/3/5
f 2966/3/5 2957/3/5 2965/3/5
f 2967/4/5 2958/4/5 2957/4/5
f 2967/3/5 2957/3/5 2966/3/5
f 2968/4/5 2958/4/5 2967/4/5
f 2970/3/5 2960/3/5 2959/3/5
f 2970/3/5 2961/3/5 2960/3/5
f 2970/3/5 2964/3/5 2963/3/5
f 2970/3/5 2963/3/5 2962/3/5
f 2970/3/5 2962/3/5 2961/3/5
f 2971/3/5 2964/3/5 2970/3/5
f 2973/3/5 2968/3/5 2967/3/5
f 2973/3/5 2967/3/5 2966/3/5
f 2975/4/5 2970/4/5 2969/4/5
f 2976/3/5 2971/3/5 2970/3/5
f 2976/4/5 2970/4/5 2975/4/5
f 2977/3/5 2971/3/5 2976/3/5
f 2978/3/5 2971/3/5 2977/3/5
f 2979/4/5 2972/4/5 2971/4/5
f 2979/3/5 2971/3/5 2978/3/5
f 2980/4/5 2972/4/5 2979/4/5
f 2982/3/5 2974/3/5 2973/3/5
f 2982/3/5 2973/3/5 2966/3/5
f 2983/3/5 2974/3/5 2982/3/5
f 2984/4/5 2975/4/5 2974/4/5
f 2984/3/5 2974/3/5 2983/3/5
f 2985/3/5 2976/3/5 2975/3/5
f 2985/4/5 2975/4/5 2984/4/5
f 2985/3/5 2977/3/5 2976/3/5
f 2986/3/5 2977/3/5 2985/3/5
f 2987/3/5 2977/3/5 2986/3/5
f 2988/3/5 2980/3/5 2979/3/5
f 2988/3/5 2979/3/5 2978/3/5
f 2989/3/5 2980/3/5 2988/3/5
f 2990/4/5 2981/4/5 2980/4/5
f 2990/3/5 2980/3/5 2989/3/5
f 2991/4/5 2981/4/5 2990/4/5
f 2993/3/5 2986/3/5 2985/3/5
f 2993/3/5 2984/3/5 2983/3/5
f 2993/3/5 2985/3/5 2984/3/5
f 2994/3/5 2986/3/5 2993/3/5
f 2995/3/5 2986/3/5 2994/3/5
f 2996/3/5 2986/3/5 2995/3/5
f 2997/3/5 2992/3/5 2991/3/5
f 2997/3/5 2991/3/5 2990/3/5
f 2997/3/5 2990/3/5 2989/3/5
f 2998/3/5 2992/3/5 2997/3/5
f 3000/3/5 2995/3/5 2994/3/5
f 3001/3/5 2992/3/5 2998/3/5
f 3003/3/5 3000/3/5 2999/3/5
f 3004/3/5 2995/3/5 3000/3/5
f 3004/3/5 3000/3/5 3003/3/5
f 3005/3/5 3001/3/5 2998/3/5
f 3006/3/5 3001/3/5 3005/3/5
f 3008/4/5 3004/4/5 3003/4/5
f 3009/3/5 2995/3/5 3004/3/5
f 3009/4/5 3004/4/5 3008/4/5
f 3010/4/5 3002/4/5 3001/4/5
f 3010/3/5 3001/3/5 3006/3/5
f 3011/4/5 3002/4/5 3010/4/5
f 3013/3/5 3011/3/5 3010/3/5
f 3013/4/5 3012/4/5 3011/4/5
f 3014/4/5 3012/4/5 3013/4/5
f 3015/3/5 3010/3/5 3006/3/5
f 3015/3/5 3013/3/5 3010/3/5
f 3015/3/5 3014/3/5 3013/3/5
f 3016/3/5 3014/3/5 3015/3/5
f 3017/3/5 3008/3/5 3007/3/5
f 3017/3/5 3009/3/5 3008/3/5
f 3018/3/5 3009/3/5 3017/3/5
f 3019/4/5 3018/4/5 3017/4/5
f 3020/3/5 3009/3/5 3018/3/5
f 3020/4/5 3018/4/5 3019/4/5
f 3021/3/5 3014/3/5 3016/3/5
f 3022/3/5 3014/3/5 3021/3/5
f 3024/3/5 3021/3/5 3016/3/5
f 3025/3/5 3020/3/5 3019/3/5
f 3026/3/5 3009/3/5 3020/3/5
f 3026/3/5 3020/3/5 3025/3/5
f 3028/3/5 3024/3/5 3023/3/5
f 3029/4/5 3022/4/5 3021/4/5
f 3029/3/5 3021/3/5 3024/3/5
f 3029/3/5 3024/3/5 3028/3/5
f 3030/4/5 3022/4/5 3029/4/5
f 3031/4/5 3026/4/5 3025/4/5
f 3032/3/5 3009/3/5 3026/3/5
f 3032/4/5 3026/4/5 3031/4/5
f 3033/3/5 2995/3/5 3009/3/5
f 3033/3/5 3009/3/5 3032/3/5
f 3034/3/5 2995/3/5 3033/3/5
f 3037/3/5 3028/3/5 3027/3/5
f 3037/3/5 3029/3/5 3028/3/5
f 3037/3/5 3030/3/5 3029/3/5
f 3038/3/5 3030/3/5 3037/3/5
f 3039/3/5 3030/3/5 3038/3/5
f 3040/4/5 3033/4/5 3032/4/5
f 3041/3/5 3035/3/5 3034/3/5
f 3041/4/5 3033/4/5 3040/4/5
f 3041/3/5 3034/3/5 3033/3/5
f 3042/3/5 3035/3/5 3041/3/5
f 3044/3/5 3041/3/5 3040/3/5
f 3044/3/5 3043/3/5 3042/3/5
f 3044/3/5 3042/3/5 3041/3/5
f 3045/3/5 3043/3/5 3044/3/5
f 3046/3/5 3043/3/5 3045/3/5
f 3048/3/5 3037/3/5 3036/3/5
f 3048/3/5 3038/3/5 3037/3/5
f 3049/3/5 3038/3/5 3048/3/5
f 3050/3/5 3047/3/5 3046/3/5
f 3050/3/5 3046/3/5 3045/3/5
f 3053/3/5 3048/3/5 3036/3/5
f 3054/3/5 3051/3/5 3050/3/5
f 3054/3/5 3050/3/5 3045/3/5
f 3055/3/5 3051/3/5 3054/3/5
f 3056/3/5 3051/3/5 3055/3/5
f 3059/3/5 3053/3/5 3052/3/5
f 3060/3/5 3048/3/5 3053/3/5
f 3060/3/5 3053/3/5 3059/3/5
f 3061/3/5 3048/3/5 3060/3/5
f 3062/3/5 3048/3/5 3061/3/5
f 3063/3/5 3057/3/5 3056/3/5
f 3063/3/5 3056/3/5 3055/3/5
f 3064/3/5 3057/3/5 3063/3/5
f 3065/3/5 3057/3/5 3064/3/5
f 3066/3/5 3057/3/5 3065/3/5
f 3067/3/5 3059/3/5 3058/3/5
f 3067/3/5 3060/3/5 3059/3/5
f 3068/3/5 3060/3/5 3067/3/5
f 3069/4/5 3061/4/5 3060/4/5
f 3069/3/5 3060/3/5 3068/3/5
f 3070/4/5 3061/4/5 3069/4/5
f 3071/4/5 3065/4/5 3064/4/5
f 3072/3/5 3066/3/5 3065/3/5
f 3072/4/5 3065/4/5 3071/4/5
f 3072/3/5 3068/3/5 3067/3/5
f 3072/3/5 3067/3/5 3066/3/5
f 3073/3/5 3068/3/5 3072/3/5
f 3074/4/5 3069/4/5 3068/4/5
f 3074/3/5 3068/3/5 3073/3/5
f 3075/4/5 3069/4/5 3074/4/5
f 3076/4/5 3073/4/5 3072/4/5
f 3077/3/5 3074/3/5 3073/3/5
f 3077/4/5 3073/4/5 3076/4/5
f 3078/3/5 3074/3/5 3077/3/5
f 3079/3/5 3074/3/5 3078/3/5
f 3080/3/5 3074/3/5 3079/3/5
f 3081/3/5 3074/3/5 3080/3/5
f 3082/3/5 3074/3/5 3081/3/5
f 3083/3/5 3078/3/5 3077/3/5
f 3084/4/5 3079/4/5 3078/4/5
f 3084/3/5 3078/3/5 3083/3/5
f 3085/3/5 3080/3/5 3079/3/5
f 3085/4/5 3079/4/5 3084/4/5
f 3086/3/5 3080/3/5 3085/3/5
f 3087/3/5 3080/3/5 3086/3/5
f 3088/3/5 3080/3/5 3087/3/5
f 3089/4/5 3081/4/5 3080/4/5
f 3089/3/5 3080/3/5 3088/3/5
f 3090/4/5 3081/4/5 3089/4/5
f 3091/4/5 3086/4/5 3085/4/5
f 3092/3/5 3087/3/5 3086/3/5
f 3092/4/5 3086/4/5 3091/4/5
f 3093/4/5 3088/4/5 3087/4/5
f 3093/3/5 3087/3/5 3092/3/5
f 3094/3/5 3089/3/5 3088/3/5
f 3094/4/5 3088/4/5 3093/4/5
f 3095/3/5 3089/3/5 3094/3/5
f 3098/3/5 3097/3/5 3096/3/5
f 3099/3/5 3097/3/5 3098/3/5
f 3108/1/5 3101/1/5 3100/1/5
f 3109/4/5 3102/4/5 3101/4/5
f 3109/1/5 3101/1/5 3108/1/5
f 3110/3/5 3103/3/5 3102/3/5
f 3110/4/5 3102/4/5 3109/4/5
f 3111/4/5 3104/4/5 3103/4/5
f 3111/3/5 3103/3/5 3110/3/5
f 3112/3/5 3105/3/5 3104/3/5
f 3112/4/5 3104/4/5 3111/4/5
f 3113/4/5 3106/4/5 3105/4/5
f 3113/3/5 3105/3/5 3112/3/5
f 3114/4/5 3106/4/5 3113/4/5
f 3117/3/5 3108/3/5 3107/3/5
f 3118/4/5 3109/4/5 3108/4/5
f 3118/3/5 3108/3/5 3117/3/5
f 3119/4/5 3109/4/5 3118/4/5
f 3120/4/5 3115/4/5 3114/4/5
f 3121/4/5 3115/4/5 3120/4/5
f 3123/4/5 3117/4/5 3116/4/5
f 3124/3/5 3118/3/5 3117/3/5
f 3124/4/5 3117/4/5 3123/4/5
f 3125/3/5 3118/3/5 3124/3/5
f 3126/4/5 3122/4/5 3121/4/5
f 3127/4/5 3122/4/5 3126/4/5
f 3128/3/5 3124/3/5 3123/3/5
f 3129/3/5 3124/3/5 3128/3/5
f 3132/4/5 3131/4/5 3130/4/5
f 3133/4/5 3131/4/5 3132/4/5
f 3137/3/5 3135/3/5 3134/3/5
f 3137/3/5 3136/3/5 3135/3/5
f 3138/3/5 3136/3/5 3137/3/5
f 3139/3/5 3137/3/5 3134/3/5
f 3140/3/5 3137/3/5 3139/3/5
f 3143/1/5 3142/1/5 3141/1/5
f 3144/1/5 3142/1/5 3143/1/5
f 3146/3/5 3144/3/5 3143/3/5
f 3146/3/5 3145/3/5 3144/3/5
f 3148/3/5 3146/3/5 3143/3/5
f 3149/3/5 3146/3/5 3148/3/5
f 3150/3/5 3146/3/5 3149/3/5
f 3151/5/5 3148/5/5 3147/5/5
f 3151/5/5 3149/5/5 3148/5/5
f 3152/5/5 3149/5/5 3151/5/5
f 3153/3/5 3152/3/5 3151/3/5
f 3154/3/5 3152/3/5 3153/3/5
f 3155/3/5 3152/3/5 3154/3/5
f 3156/1/5 3155/1/5 3154/1/5
f 3157/1/5 3155/1/5 3156/1/5
f 3160/1/5 3159/1/5 3158/1/5
f 3161/1/5 3159/1/5 3160/1/5
f 3163/5/5 3161/5/5 3160/5/5
f 3164/5/5 3161/5/5 3163/5/5
f 3165/3/5 3163/3/5 3162/3/5
f 3165/3/5 3164/3/5 3163/3/5
f 3166/3/5 3164/3/5 3165/3/5
f 3167/3/5 3164/3/5 3166/3/5
f 3168/5/5 3166/5/5 3165/5/5
f 3169/5/5 3166/5/5 3168/5/5
f 3170/3/5 3169/3/5 3168/3/5
f 3171/3/5 3169/3/5 3170/3/5
f 3174/1/5 3173/1/5 3172/1/5
f 3175/1/5 3173/1/5 3174/1/5
f 3178/1/5 3177/1/5 3176/1/5
f 3179/1/5 3177/1/5 3178/1/5
f 3181/5/5 3179/5/5 3178/5/5
f 3182/5/5 3179/5/5 3181/5/5
f 3183/5/5 3181/5/5 3180/5/5
f 3184/5/5 3183/5/5 3180/5/5
f 3185/5/5 3184/5/5 3180/5/5
f 3186/5/5 3184/5/5 3185/5/5
f 3188/5/5 3187/5/5 3186/5/5
f 3189/5/5 3187/5/5 3188/5/5
f 3190/1/5 3189/1/5 3188/1/5
f 3191/1/5 3189/1/5 3190/1/5
f 3194/1/5 3193/1/5 3192/1/5
f 3195/1/5 3193/1/5 3194/1/5
f 3197/5/5 3195/5/5 3194/5/5
f 3198/5/5 3195/5/5 3197/5/5
f 3199/3/5 3197/3/5 3196/3/5
f 3200/3/5 3197/3/5 3199/3/5
f 3201/5/5 3200/5/5 3199/5/5
f 3202/5/5 3200/5/5 3201/5/5
f 3203/3/5 3202/3/5 3201/3/5
f 3204/3/5 3202/3/5 3203/3/5
f 3206/5/5 3205/5/5 3204/5/5
f 3207/5/5 3205/5/5 3206/5/5
f 3208/1/5 3207/1/5 3206/1/5
f 3209/1/5 3207/1/5 3208/1/5
f 3212/4/5 3211/4/5 3210/4/5
f 3213/4/5 3211/4/5 3212/4/5
f 3215/5/5 3213/5/5 3212/5/5
f 3216/5/5 3213/5/5 3215/5/5
f 3217/5/5 3215/5/5 3214/5/5
f 3218/5/5 3217/5/5 3214/5/5
f 3219/5/5 3218/5/5 3214/5/5
f 3220/5/5 3218/5/5 3219/5/5
f 3222/5/5 3221/5/5 3220/5/5
f 3223/5/5 3221/5/5 3222/5/5
f 3224/4/5 3223/4/5 3222/4/5
f 3225/4/5 3223/4/5 3224/4/5
f 3228/3/5 3227/3/5 3226/3/5
f 3229/3/5 3227/3/5 3228/3/5
f 3231/4/5 3229/4/5 3228/4/5
f 3232/4/5 3229/4/5 3231/4/5
f 3233/4/5 3231/4/5 3230/4/5
f 3234/4/5 3231/4/5 3233/4/5
f 3235/5/5 3234/5/5 3233/5/5
f 3236/5/5 3234/5/5 3235/5/5
f 3237/4/5 3236/4/5 3235/4/5
f 3238/4/5 3236/4/5 3237/4/5
f 3240/4/5 3239/4/5 3238/4/5
f 3241/4/5 3239/4/5 3240/4/5
f 3242/3/5 3241/3/5 3240/3/5
f 3243/3/5 3241/3/5 3242/3/5
f 3246/1/5 3245/1/5 3244/1/5
f 3247/1/5 3245/1/5 3246/1/5
f 3250/1/5 3249/1/5 3248/1/5
f 3251/1/5 3249/1/5 3250/1/5
f 3255/3/5 3253/3/5 3252/3/5
f 3256/1/5 3254/1/5 3253/1/5
f 3256/3/5 3253/3/5 3255/3/5
f 3257/1/5 3254/1/5 3256/1/5
f 3260/3/5 3259/3/5 3258/3/5
f 3261/3/5 3259/3/5 3260/3/5
f 3264/3/5 3262/3/5 3261/3/5
f 3265/3/5 3262/3/5 3264/3/5
f 3266/3/5 3264/3/5 3263/3/5
f 3267/3/5 3264/3/5 3266/3/5
f 3270/1/5 3269/1/5 3268/1/5
f 3271/1/5 3269/1/5 3270/1/5
f 3275/4/5 3273/4/5 3272/4/5
f 3276/1/5 3274/1/5 3273/1/5
f 3276/4/5 3273/4/5 3275/4/5
f 3278/5/5 3276/5/5 3275/5/5
f 3279/1/5 3274/1/5 3276/1/5
f 3279/5/5 3276/5/5 3278/5/5
f 3280/1/5 3274/1/5 3279/1/5
f 3282/3/5 3278/3/5 3277/3/5
f 3283/3/5 3278/3/5 3282/3/5
f 3286/3/5 3281/3/5 3280/3/5
f 3287/3/5 3281/3/5 3286/3/5
f 3288/4/5 3285/4/5 3284/4/5
f 3289/4/5 3285/4/5 3288/4/5
f 3292/4/5 3291/4/5 3290/4/5
f 3293/4/5 3291/4/5 3292/4/5
f 3298/3/5 3297/3/5 3296/3/5
f 3299/3/5 3297/3/5 3298/3/5
f 3300/3/5 3297/3/5 3299/3/5
f 3301/3/5 3295/3/5 3294/3/5
f 3302/3/5 3295/3/5 3301/3/5
f 3303/5/5 3300/5/5 3299/5/5
f 3304/1/5 3301/1/5 3300/1/5
f 3304/5/5 3300/5/5 3303/5/5
f 3305/4/5 3304/4/5 3303/4/5
f 3306/1/5 3301/1/5 3304/1/5
f 3306/4/5 3304/4/5 3305/4/5
f 3307/1/5 3301/1/5 3306/1/5
f 3311/4/5 3309/4/5 3308/4/5
f 3312/4/5 3309/4/5 3311/4/5
f 3313/5/5 3311/5/5 3310/5/5
f 3314/5/5 3311/5/5 3313/5/5
f 3317/5/5 3316/5/5 3315/5/5
f 3318/5/5 3316/5/5 3317/5/5
f 3320/4/5 3319/4/5 3318/4/5
f 3321/4/5 3319/4/5 3320/4/5
f 3325/1/5 3323/1/5 3322/1/5
f 3326/1/5 3323/1/5 3325/1/5
f 3327/3/5 3325/3/5 3324/3/5
f 3328/3/5 3325/3/5 3327/3/5
f 3331/3/5 3330/3/5 3329/3/5
f 3332/3/5 3330/3/5 3331/3/5
f 3334/1/5 3333/1/5 3332/1/5
f 3335/1/5 3333/1/5 3334/1/5
f 3338/1/5 3337/1/5 3336/1/5
f 3339/1/5 3337/1/5 3338/1/5
f 3341/3/5 3339/3/5 3338/3/5
f 3341/3/5 3340/3/5 3339/3/5
f 3342/3/5 3340/3/5 3341/3/5
f 3343/3/5 3340/3/5 3342/3/5
f 3345/3/5 3344/3/5 3343/3/5
f 3345/3/5 3343/3/5 3342/3/5
f 3346/3/5 3344/3/5 3345/3/5
f 3347/3/5 3344/3/5 3346/3/5
f 3348/3/5 3344/3/5 3347/3/5
f 3350/3/5 3349/3/5 3348/3/5
f 3351/3/5 3349/3/5 3350/3/5
f 3354/3/5 3352/3/5 3351/3/5
f 3355/3/5 3352/3/5 3354/3/5
f 3357/3/5 3354/3/5 3353/3/5
f 3358/3/5 3354/3/5 3357/3/5
f 3360/3/5 3357/3/5 3356/3/5
f 3362/3/5 3360/3/5 3359/3/5
f 3363/3/5 3357/3/5 3360/3/5
f 3363/3/5 3360/3/5 3362/3/5
f 3364/3/5 3357/3/5 3363/3/5
f 3365/3/5 3362/3/5 3361/3/5
f 3365/3/5 3363/3/5 3362/3/5
f 3366/3/5 3363/3/5 3365/3/5
f 3367/3/5 3363/3/5 3366/3/5
f 3368/1/5 3366/1/5 3365/1/5
f 3369/1/5 3366/1/5 3368/1/5
f 3372/1/5 3371/1/5 3370/1/5
f 3373/1/5 3371/1/5 3372/1/5
f 3375/3/5 3374/3/5 3373/3/5
f 3376/3/5 3374/3/5 3375/3/5
f 3379/3/5 3378/3/5 3377/3/5
f 3380/3/5 3378/3/5 3379/3/5
f 3382/3/5 3381/3/5 3380/3/5
f 3383/3/5 3381/3/5 3382/3/5
f 3387/3/5 3385/3/5 3384/3/5
f 3388/3/5 3385/3/5 3387/3/5
f 3389/3/5 3387/3/5 3386/3/5
f 3390/3/5 3387/3/5 3389/3/5
f 3394/3/5 3392/3/5 3391/3/5
f 3395/3/5 3392/3/5 3394/3/5
f 3396/1/5 3394/1/5 3393/1/5
f 3397/1/5 3394/1/5 3396/1/5
f 3400/1/5 3399/1/5 3398/1/5
f 3401/1/5 3399/1/5 3400/1/5
f 3403/3/5 3402/3/5 3401/3/5
f 3404/3/5 3402/3/5 3403/3/5
f 3406/3/5 3405/3/5 3404/3/5
f 3407/3/5 3405/3/5 3406/3/5
f 3409/3/5 3408/3/5 3407/3/5
f 3410/3/5 3408/3/5 3409/3/5
f 3414/3/5 3412/3/5 3411/3/5
f 3415/3/5 3412/3/5 3414/3/5
f 3417/3/5 3414/3/5 3413/3/5
f 3418/3/5 3414/3/5 3417/3/5
f 3421/3/5 3417/3/5 3416/3/5
f 3422/3/5 3417/3/5 3421/3/5
f 3423/1/5 3420/1/5 3419/1/5
f 3423/1/5 3421/1/5 3420/1/5
f 3424/1/5 3421/1/5 3423/1/5
f 3427/4/5 3426/4/5 3425/4/5
f 3428/4/5 3426/4/5 3427/4/5
f 3431/3/5 3430/3/5 3429/3/5
f 3432/3/5 3430/3/5 3431/3/5
f 3435/3/5 3433/3/5 3432/3/5
f 3436/3/5 3433/3/5 3435/3/5
f 3437/3/5 3435/3/5 3434/3/5
f 3438/3/5 3435/3/5 3437/3/5
f 3441/1/5 3440/1/5 3439/1/5
f 3442/1/5 3440/1/5 3441/1/5
f 3443/1/5 3440/1/5 3442/1/5
f 3444/1/5 3440/1/5 3443/1/5
f 3446/3/5 3445/3/5 3444/3/5
f 3448/3/5 3446/3/5 3444/3/5
f 3448/3/5 3447/3/5 3446/3/5
f 3449/3/5 3447/3/5 3448/3/5
f 3450/3/5 3447/3/5 3449/3/5
f 3451/3/5 3447/3/5 3450/3/5
f 3454/1/5 3453/1/5 3452/1/5
f 3455/1/5 3453/1/5 3454/1/5
f 3456/1/5 3453/1/5 3455/1/5
f 3458/3/5 3457/3/5 3456/3/5
f 3458/3/5 3456/3/5 3455/3/5
f 3459/3/5 3457/3/5 3458/3/5
f 3460/3/5 3457/3/5 3459/3/5
f 3463/3/5 3461/3/5 3460/3/5
f 3463/3/5 3460/3/5 3459/3/5
f 3464/3/5 3461/3/5 3463/3/5
f 3465/3/5 3461/3/5 3464/3/5
f 3467/3/5 3463/3/5 3462/3/5
f 3467/3/5 3464/3/5 3463/3/5
f 3468/3/5 3464/3/5 3467/3/5
f 3469/3/5 3464/3/5 3468/3/5
f 3470/1/5 3467/1/5 3466/1/5
f 3470/1/5 3468/1/5 3467/1/5
f 3471/1/5 3468/1/5 3470/1/5
f 3475/3/5 3473/3/5 3472/3/5
f 3476/3/5 3473/3/5 3475/3/5
f 3476/3/5 3475/3/5 3474/3/5
f 3477/3/5 3473/3/5 3476/3/5
f 3479/3/5 3476/3/5 3474/3/5
f 3480/3/5 3476/3/5 3479/3/5
f 3482/3/5 3479/3/5 3478/3/5
f 3483/3/5 3479/3/5 3482/3/5
f 3484/1/5 3482/1/5 3481/1/5
f 3484/1/5 3483/1/5 3482/1/5
f 3485/1/5 3483/1/5 3484/1/5
f 3488/3/5 3487/3/5 3486/3/5
f 3489/3/5 3487/3/5 3488/3/5
f 3490/3/5 3487/3/5 3489/3/5
f 3491/3/5 3487/3/5 3490/3/5
f 3494/3/5 3493/3/5 3492/3/5
f 3495/3/5 3493/3/5 3494/3/5
f 3498/1/5 3497/1/5 3496/1/5
f 3499/1/5 3497/1/5 3498/1/5
f 3502/3/5 3500/3/5 3499/3/5
f 3503/7/5 3501/7/5 3500/7/5
f 3503/3/5 3500/3/5 3502/3/5
f 3504/7/5 3501/7/5 3503/7/5
f 3506/3/5 3504/3/5 3503/3/5
f 3507/3/5 3504/3/5 3506/3/5
f 3509/3/5 3506/3/5 3505/3/5
f 3510/7/5 3507/7/5 3506/7/5
f 3510/3/5 3506/3/5 3509/3/5
f 3511/7/5 3507/7/5 3510/7/5
f 3514/1/5 3509/1/5 3508/1/5
f 3515/1/5 3509/1/5 3514/1/5
f 3516/3/5 3513/3/5 3512/3/5
f 3517/3/5 3513/3/5 3516/3/5
f 3521/3/5 3519/3/5 3518/3/5
f 3522/3/5 3521/3/5 3520/3/5
f 3523/3/5 3519/3/5 3521/3/5
f 3523/3/5 3521/3/5 3522/3/5
f 3526/3/5 3525/3/5 3524/3/5
f 3527/3/5 3525/3/5 3526/3/5
f 3529/3/5 3528/3/5 3527/3/5
f 3530/3/5 3528/3/5 3529/3/5
f 3533/3/5 3532/3/5 3531/3/5
f 3534/3/5 3532/3/5 3533/3/5
f 3535/3/5 3532/3/5 3534/3/5
f 3537/7/5 3536/7/5 3535/7/5
f 3538/7/5 3536/7/5 3537/7/5
f 3543/7/5 3540/7/5 3539/7/5
f 3544/7/5 3540/7/5 3543/7/5
f 3547/3/5 3542/3/5 3541/3/5
f 3547/3/5 3543/3/5 3542/3/5
f 3548/3/5 3543/3/5 3547/3/5
f 3550/3/5 3546/3/5 3545/3/5
f 3551/3/5 3546/3/5 3550/3/5
f 3552/3/5 3550/3/5 3549/3/5
f 3553/3/5 3550/3/5 3552/3/5
f 3556/3/5 3555/3/5 3554/3/5
f 3557/3/5 3555/3/5 3556/3/5
f 3560/3/5 3559/3/5 3558/3/5
f 3561/3/5 3559/3/5 3560/3/5
f 3564/3/5 3563/3/5 3562/3/5
f 3565/3/5 3563/3/5 3564/3/5
f 3566/4/6 3567/4/6 3569/4/6
f 3567/1/6 3568/1/6 3570/1/6
f 3569/4/6 3567/4/6 3570/4/6
f 3570/1/6 3568/1/6 3571/1/6
f 3569/3/6 3570/3/6 3572/3/6
f 3570/4/6 3571/4/6 3573/4/6
f 3572/3/6 3570/3/6 3573/3/6
f 3573/4/6 3571/4/6 3574/4/6
f 3574/4/6 3575/4/6 3576/4/6
f 3576/4/6 3575/4/6 3577/4/6
f 3577/4/6 3578/4/6 3579/4/6
f 3579/4/6 3578/4/6 3580/4/6
f 3581/1/6 3582/1/6 3583/1/6
f 3583/1/6 3582/1/6 3584/1/6
f 3583/4/6 3584/4/6 3586/4/6
f 3584/1/6 3585/1/6 3587/1/6
f 3586/4/6 3584/4/6 3587/4/6
f 3587/1/6 3585/1/6 3588/1/6
f 3588/4/6 3589/4/6 3590/4/6
f 3587/4/6 3588/4/6 3590/4/6
f 3590/4/6 3589/4/6 3591/4/6
f 3590/3/6 3591/3/6 3592/3/6
f 3592/3/6 3591/3/6 3593/3/6
f 3593/3/6 3591/3/6 3594/3/6
f 3595/4/6 3596/4/6 3599/4/6
f 3599/4/6 3596/4/6 3600/4/6
f 3597/1/6 3598/1/6 3601/1/6
f 3601/1/6 3598/1/6 3602/1/6
f 3603/1/6 3604/1/6 3607/1/6
f 3607/1/6 3604/1/6 3608/1/6
f 3605/4/6 3606/4/6 3611/4/6
f 3611/4/6 3606/4/6 3612/4/6
f 3609/3/6 3610/3/6 3613/3/6
f 3609/3/6 3613/3/6 3615/3/6
f 3613/3/6 3614/3/6 3615/3/6
f 3615/3/6 3614/3/6 3616/3/6
f 3616/3/6 3617/3/6 3618/3/6
f 3616/3/6 3618/3/6 3620/3/6
f 3618/3/6 3619/3/6 3620/3/6
f 3620/3/6 3619/3/6 3621/3/6
f 3621/3/6 3619/3/6 3622/3/6
f 3621/3/6 3622/3/6 3626/3/6
f 3622/3/6 3623/3/6 3626/3/6
f 3626/3/6 3623/3/6 3627/3/6
f 3627/3/6 3623/3/6 3628/3/6
f 3624/3/6 3625/3/6 3629/3/6
f 3629/3/6 3625/3/6 3630/3/6
f 3631/3/6 3632/3/6 3637/3/6
f 3637/3/6 3632/3/6 3638/3/6
f 3632/4/6 3633/4/6 3639/4/6
f 3638/3/6 3632/3/6 3639/3/6
f 3639/4/6 3633/4/6 3640/4/6
f 3640/4/6 3633/4/6 3641/4/6
f 3641/4/6 3633/4/6 3642/4/6
f 3633/3/6 3634/3/6 3643/3/6
f 3642/4/6 3633/4/6 3643/4/6
f 3643/3/6 3634/3/6 3644/3/6
f 3635/4/6 3636/4/6 3647/4/6
f 3636/1/6 3637/1/6 3648/1/6
f 3647/4/6 3636/4/6 3648/4/6
f 3637/4/6 3638/4/6 3649/4/6
f 3648/1/6 3637/1/6 3649/1/6
f 3649/4/6 3638/4/6 3650/4/6
f 3642/1/6 3643/1/6 3651/1/6
f 3644/4/6 3645/4/6 3652/4/6
f 3651/1/6 3643/1/6 3652/1/6
f 3643/4/6 3644/4/6 3652/4/6
f 3652/4/6 3645/4/6 3653/4/6
f 3653/4/6 3645/4/6 3654/4/6
f 3654/4/6 3645/4/6 3655/4/6
f 3647/3/6 3648/3/6 3658/3/6
f 3646/3/6 3647/3/6 3658/3/6
f 3658/3/6 3648/3/6 3659/3/6
f 3659/3/6 3648/3/6 3660/3/6
f 3654/4/6 3655/4/6 3661/4/6
f 3655/3/6 3656/3/6 3662/3/6
f 3661/4/6 3655/4/6 3662/4/6
f 3662/3/6 3656/3/6 3663/3/6
f 3657/4/6 3658/4/6 3667/4/6
f 3658/3/6 3659/3/6 3668/3/6
f 3667/4/6 3658/4/6 3668/4/6
f 3668/3/6 3659/3/6 3669/3/6
f 3663/4/6 3664/4/6 3670/4/6
f 3662/4/6 3663/4/6 3670/4/6
f 3670/4/6 3664/4/6 3671/4/6
f 3671/4/6 3664/4/6 3672/4/6
f 3665/3/6 3666/3/6 3675/3/6
f 3666/4/6 3667/4/6 3676/4/6
f 3675/3/6 3666/3/6 3676/3/6
f 3667/3/6 3668/3/6 3677/3/6
f 3676/4/6 3667/4/6 3677/4/6
f 3677/3/6 3668/3/6 3678/3/6
f 3671/1/6 3672/1/6 3679/1/6
f 3672/4/6 3673/4/6 3680/4/6
f 3679/1/6 3672/1/6 3680/1/6
f 3680/4/6 3673/4/6 3681/4/6
f 3674/3/6 3675/3/6 3683/3/6
f 3675/3/6 3676/3/6 3683/3/6
f 3683/3/6 3676/3/6 3684/3/6
f 3680/1/6 3681/1/6 3685/1/6
f 3681/4/6 3682/4/6 3686/4/6
f 3685/1/6 3681/1/6 3686/1/6
f 3674/3/6 3683/3/6 3687/3/6
f 3683/4/6 3684/4/6 3688/4/6
f 3687/3/6 3683/3/6 3688/3/6
f 3688/4/6 3684/4/6 3689/4/6
f 3686/4/6 3682/4/6 3690/4/6
f 3690/4/6 3682/4/6 3691/4/6
f 3687/4/6 3688/4/6 3693/4/6
f 3687/4/6 3693/4/6 3694/4/6
f 3694/4/6 3693/4/6 3695/4/6
f 3690/1/6 3691/1/6 3696/1/6
f 3691/4/6 3692/4/6 3697/4/6
f 3696/1/6 3691/1/6 3697/1/6
f 3697/4/6 3692/4/6 3700/4/6
f 3700/4/6 3692/4/6 3701/4/6
f 3698/4/6 3699/4/6 3703/4/6
f 3703/4/6 3699/4/6 3704/4/6
f 3701/4/6 3702/4/6 3705/4/6
f 3705/4/6 3702/4/6 3706/4/6
f 3703/3/6 3704/3/6 3707/3/6
f 3707/3/6 3704/3/6 3708/3/6
f 3707/4/6 3708/4/6 3709/4/6
f 3709/4/6 3708/4/6 3710/4/6
f 3709/3/6 3710/3/6 3713/3/6
f 3713/3/6 3710/3/6 3714/3/6
f 3711/4/6 3712/4/6 3715/4/6
f 3715/4/6 3712/4/6 3716/4/6
f 3717/4/6 3718/4/6 3721/4/6
f 3719/3/6 3720/3/6 3722/3/6
f 3722/3/6 3720/3/6 3723/3/6
f 3717/4/6 3721/4/6 3726/4/6
f 3726/4/6 3721/4/6 3727/4/6
f 3724/1/6 3725/1/6 3732/1/6
f 3732/1/6 3725/1/6 3733/1/6
f 3729/3/6 3730/3/6 3734/3/6
f 3734/3/6 3730/3/6 3735/3/6
f 3731/4/6 3732/4/6 3736/4/6
f 3727/1/6 3728/1/6 3737/1/6
f 3737/1/6 3728/1/6 3738/1/6
f 3736/4/6 3732/4/6 3743/4/6
f 3743/4/6 3732/4/6 3744/4/6
f 3738/4/6 3739/4/6 3745/4/6
f 3745/4/6 3739/4/6 3746/4/6
f 3740/3/6 3741/3/6 3751/3/6
f 3751/3/6 3741/3/6 3752/3/6
f 3752/3/6 3741/3/6 3753/3/6
f 3742/4/6 3743/4/6 3755/4/6
f 3755/4/6 3743/4/6 3756/4/6
f 3746/4/6 3747/4/6 3757/4/6
f 3757/4/6 3747/4/6 3758/4/6
f 3748/3/6 3749/3/6 3760/3/6
f 3749/4/6 3750/4/6 3761/4/6
f 3760/3/6 3749/3/6 3761/3/6
f 3750/3/6 3751/3/6 3762/3/6
f 3761/4/6 3750/4/6 3762/4/6
f 3751/3/6 3752/3/6 3762/3/6
f 3762/3/6 3752/3/6 3763/3/6
f 3754/4/6 3755/4/6 3765/4/6
f 3765/4/6 3755/4/6 3766/4/6
f 3758/4/6 3759/4/6 3767/4/6
f 3767/4/6 3759/4/6 3768/4/6
f 3764/3/6 3765/3/6 3772/3/6
f 3772/3/6 3765/3/6 3773/3/6
f 3768/3/6 3769/3/6 3774/3/6
f 3769/4/6 3770/4/6 3775/4/6
f 3774/3/6 3769/3/6 3775/3/6
f 3775/4/6 3770/4/6 3776/4/6
f 3771/4/6 3772/4/6 3781/4/6
f 3781/4/6 3772/4/6 3782/4/6
f 3776/4/6 3777/4/6 3783/4/6
f 3777/3/6 3778/3/6 3784/3/6
f 3783/4/6 3777/4/6 3784/4/6
f 3778/4/6 3779/4/6 3785/4/6
f 3784/3/6 3778/3/6 3785/3/6
f 3779/3/6 3780/3/6 3786/3/6
f 3785/4/6 3779/4/6 3786/4/6
f 3786/3/6 3780/3/6 3787/3/6
f 3788/3/6 3789/3/6 3794/3/6
f 3794/3/6 3789/3/6 3795/3/6
f 3789/4/6 3790/4/6 3796/4/6
f 3795/3/6 3789/3/6 3796/3/6
f 3790/1/6 3791/1/6 3797/1/6
f 3796/4/6 3790/4/6 3797/4/6
f 3797/1/6 3791/1/6 3798/1/6
f 3792/4/6 3793/4/6 3803/4/6
f 3794/3/6 3795/3/6 3804/3/6
f 3793/3/6 3794/3/6 3804/3/6
f 3803/4/6 3793/4/6 3804/4/6
f 3795/4/6 3796/4/6 3805/4/6
f 3804/3/6 3795/3/6 3805/3/6
f 3796/4/6 3797/4/6 3805/4/6
f 3797/4/6 3798/4/6 3805/4/6
f 3798/4/6 3799/4/6 3805/4/6
f 3805/4/6 3799/4/6 3806/4/6
f 3806/4/6 3799/4/6 3807/4/6
f 3799/3/6 3800/3/6 3808/3/6
f 3807/4/6 3799/4/6 3808/4/6
f 3800/4/6 3801/4/6 3809/4/6
f 3808/3/6 3800/3/6 3809/3/6
f 3809/4/6 3801/4/6 3810/4/6
f 3802/4/6 3803/4/6 3813/4/6
f 3803/1/6 3804/1/6 3814/1/6
f 3813/4/6 3803/4/6 3814/4/6
f 3804/4/6 3805/4/6 3815/4/6
f 3814/1/6 3804/1/6 3815/1/6
f 3805/1/6 3806/1/6 3816/1/6
f 3815/4/6 3805/4/6 3816/4/6
f 3806/4/6 3807/4/6 3817/4/6
f 3816/1/6 3806/1/6 3817/1/6
f 3807/3/6 3808/3/6 3818/3/6
f 3817/4/6 3807/4/6 3818/4/6
f 3808/4/6 3809/4/6 3819/4/6
f 3818/3/6 3808/3/6 3819/3/6
f 3810/1/6 3811/1/6 3820/1/6
f 3819/4/6 3809/4/6 3820/4/6
f 3809/1/6 3810/1/6 3820/1/6
f 3820/1/6 3811/1/6 3821/1/6
f 3812/4/6 3813/4/6 3825/4/6
f 3813/1/6 3814/1/6 3826/1/6
f 3825/4/6 3813/4/6 3826/4/6
f 3814/4/6 3815/4/6 3827/4/6
f 3826/1/6 3814/1/6 3827/1/6
f 3815/3/6 3816/3/6 3828/3/6
f 3827/4/6 3815/4/6 3828/4/6
f 3816/4/6 3817/4/6 3829/4/6
f 3828/3/6 3816/3/6 3829/3/6
f 3818/3/6 3819/3/6 3830/3/6
f 3829/4/6 3817/4/6 3830/4/6
f 3817/3/6 3818/3/6 3830/3/6
f 3819/3/6 3820/3/6 3830/3/6
f 3821/4/6 3822/4/6 3831/4/6
f 3830/3/6 3820/3/6 3831/3/6
f 3820/4/6 3821/4/6 3831/4/6
f 3831/4/6 3822/4/6 3832/4/6
f 3832/4/6 3822/4/6 3833/4/6
f 3823/4/6 3824/4/6 3835/4/6
f 3824/3/6 3825/3/6 3836/3/6
f 3835/4/6 3824/4/6 3836/4/6
f 3825/3/6 3826/3/6 3836/3/6
f 3836/3/6 3826/3/6 3837/3/6
f 3826/4/6 3827/4/6 3838/4/6
f 3837/3/6 3826/3/6 3838/3/6
f 3838/4/6 3827/4/6 3839/4/6
f 3832/4/6 3833/4/6 3840/4/6
f 3833/1/6 3834/1/6 3841/1/6
f 3840/4/6 3833/4/6 3841/4/6
f 3841/1/6 3834/1/6 3842/1/6
f 3835/1/6 3836/1/6 3845/1/6
f 3836/4/6 3837/4/6 3846/4/6
f 3845/1/6 3836/1/6 3846/1/6
f 3837/3/6 3838/3/6 3847/3/6
f 3846/4/6 3837/4/6 3847/4/6
f 3847/3/6 3838/3/6 3848/3/6
f 3842/4/6 3843/4/6 3849/4/6
f 3841/4/6 3842/4/6 3849/4/6
f 3849/4/6 3843/4/6 3850/4/6
f 3844/1/6 3845/1/6 3851/1/6
f 3845/4/6 3846/4/6 3852/4/6
f 3851/1/6 3845/1/6 3852/1/6
f 3846/3/6 3847/3/6 3853/3/6
f 3852/4/6 3846/4/6 3853/4/6
f 3853/3/6 3847/3/6 3854/3/6
f 3850/4/6 3843/4/6 3855/4/6
f 3851/4/6 3852/4/6 3857/4/6
f 3852/3/6 3853/3/6 3858/3/6
f 3857/4/6 3852/4/6 3858/4/6
f 3855/4/6 3843/4/6 3859/4/6
f 3859/4/6 3843/4/6 3860/4/6
f 3856/4/6 3857/4/6 3861/4/6
f 3857/3/6 3858/3/6 3862/3/6
f 3861/4/6 3857/4/6 3862/4/6
f 3861/3/6 3862/3/6 3863/3/6
f 3862/3/6 3858/3/6 3863/3/6
f 3858/3/6 3853/3/6 3864/3/6
f 3863/3/6 3858/3/6 3864/3/6
f 3861/3/6 3863/3/6 3867/3/6
f 3863/4/6 3864/4/6 3868/4/6
f 3867/3/6 3863/3/6 3868/3/6
f 3864/3/6 3853/3/6 3869/3/6
f 3868/4/6 3864/4/6 3869/4/6
f 3869/3/6 3853/3/6 3870/3/6
f 3865/4/6 3866/4/6 3871/4/6
f 3871/4/6 3866/4/6 3872/4/6
f 3871/3/6 3872/3/6 3873/3/6
f 3867/4/6 3868/4/6 3874/4/6
f 3868/1/6 3869/1/6 3875/1/6
f 3874/4/6 3868/4/6 3875/4/6
f 3869/4/6 3870/4/6 3876/4/6
f 3875/1/6 3869/1/6 3876/1/6
f 3876/4/6 3870/4/6 3877/4/6
f 3873/3/6 3872/3/6 3879/3/6
f 3879/3/6 3872/3/6 3880/3/6
f 3874/3/6 3875/3/6 3881/3/6
f 3875/4/6 3876/4/6 3881/4/6
f 3876/3/6 3877/3/6 3882/3/6
f 3881/4/6 3876/4/6 3882/4/6
f 3882/3/6 3877/3/6 3883/3/6
f 3878/1/6 3879/1/6 3886/1/6
f 3879/4/6 3880/4/6 3887/4/6
f 3886/1/6 3879/1/6 3887/1/6
f 3887/4/6 3880/4/6 3888/4/6
f 3874/3/6 3881/3/6 3889/3/6
f 3881/3/6 3882/3/6 3889/3/6
f 3882/4/6 3883/4/6 3890/4/6
f 3889/3/6 3882/3/6 3890/3/6
f 3890/4/6 3883/4/6 3891/4/6
f 3884/3/6 3885/3/6 3892/3/6
f 3885/4/6 3886/4/6 3893/4/6
f 3886/1/6 3887/1/6 3893/1/6
f 3893/1/6 3887/1/6 3894/1/6
f 3874/3/6 3889/3/6 3895/3/6
f 3889/4/6 3890/4/6 3896/4/6
f 3895/3/6 3889/3/6 3896/3/6
f 3890/1/6 3891/1/6 3897/1/6
f 3896/4/6 3890/4/6 3897/4/6
f 3897/1/6 3891/1/6 3898/1/6
f 3892/3/6 3885/3/6 3899/3/6
f 3885/4/6 3893/4/6 3900/4/6
f 3899/3/6 3885/3/6 3900/3/6
f 3893/4/6 3894/4/6 3900/4/6
f 3900/4/6 3894/4/6 3901/4/6
f 3896/1/6 3897/1/6 3902/1/6
f 3897/4/6 3898/4/6 3903/4/6
f 3902/1/6 3897/1/6 3903/1/6
f 3903/4/6 3898/4/6 3904/4/6
f 3899/4/6 3900/4/6 3906/4/6
f 3900/1/6 3901/1/6 3907/1/6
f 3906/4/6 3900/4/6 3907/4/6
f 3901/4/6 3894/4/6 3908/4/6
f 3907/1/6 3901/1/6 3908/1/6
f 3908/4/6 3894/4/6 3909/4/6
f 3902/4/6 3903/4/6 3910/4/6
f 3903/3/6 3904/3/6 3911/3/6
f 3910/4/6 3903/4/6 3911/4/6
f 3911/3/6 3904/3/6 3912/3/6
f 3905/4/6 3906/4/6 3914/4/6
f 3906/1/6 3907/1/6 3915/1/6
f 3914/4/6 3906/4/6 3915/4/6
f 3907/4/6 3908/4/6 3916/4/6
f 3915/1/6 3907/1/6 3916/1/6
f 3916/4/6 3908/4/6 3917/4/6
f 3912/4/6 3913/4/6 3918/4/6
f 3911/4/6 3912/4/6 3918/4/6
f 3918/4/6 3913/4/6 3919/4/6
f 3914/3/6 3915/3/6 3922/3/6
f 3915/4/6 3916/4/6 3923/4/6
f 3922/3/6 3915/3/6 3923/3/6
f 3923/4/6 3916/4/6 3924/4/6
f 3911/4/6 3918/4/6 3925/4/6
f 3918/1/6 3919/1/6 3926/1/6
f 3925/4/6 3918/4/6 3926/4/6
f 3919/4/6 3920/4/6 3927/4/6
f 3926/1/6 3919/1/6 3927/1/6
f 3927/4/6 3920/4/6 3928/4/6
f 3921/3/6 3922/3/6 3931/3/6
f 3922/4/6 3923/4/6 3932/4/6
f 3931/3/6 3922/3/6 3932/3/6
f 3923/1/6 3924/1/6 3933/1/6
f 3932/4/6 3923/4/6 3933/4/6
f 3933/1/6 3924/1/6 3934/1/6
f 3926/4/6 3927/4/6 3935/4/6
f 3927/1/6 3928/1/6 3936/1/6
f 3935/4/6 3927/4/6 3936/4/6
f 3928/4/6 3929/4/6 3937/4/6
f 3936/1/6 3928/1/6 3937/1/6
f 3937/4/6 3929/4/6 3938/4/6
f 3930/4/6 3931/4/6 3942/4/6
f 3931/4/6 3932/4/6 3942/4/6
f 3942/4/6 3932/4/6 3943/4/6
f 3932/1/6 3933/1/6 3944/1/6
f 3943/4/6 3932/4/6 3944/4/6
f 3944/1/6 3933/1/6 3945/1/6
f 3936/4/6 3937/4/6 3946/4/6
f 3937/4/6 3938/4/6 3946/4/6
f 3946/4/6 3938/4/6 3947/4/6
f 3938/1/6 3939/1/6 3948/1/6
f 3947/4/6 3938/4/6 3948/4/6
f 3939/4/6 3940/4/6 3949/4/6
f 3948/1/6 3939/1/6 3949/1/6
f 3949/4/6 3940/4/6 3950/4/6
f 3941/4/6 3942/4/6 3953/4/6
f 3942/1/6 3943/1/6 3954/1/6
f 3953/4/6 3942/4/6 3954/4/6
f 3943/4/6 3944/4/6 3955/4/6
f 3954/1/6 3943/1/6 3955/1/6
f 3955/4/6 3944/4/6 3956/4/6
f 3947/3/6 3948/3/6 3957/3/6
f 3948/4/6 3949/4/6 3958/4/6
f 3957/3/6 3948/3/6 3958/3/6
f 3949/1/6 3950/1/6 3959/1/6
f 3958/4/6 3949/4/6 3959/4/6
f 3950/4/6 3951/4/6 3960/4/6
f 3959/1/6 3950/1/6 3960/1/6
f 3951/1/6 3952/1/6 3961/1/6
f 3960/4/6 3951/4/6 3961/4/6
f 3952/4/6 3953/4/6 3962/4/6
f 3961/1/6 3952/1/6 3962/1/6
f 3953/1/6 3954/1/6 3963/1/6
f 3962/4/6 3953/4/6 3963/4/6
f 3954/4/6 3955/4/6 3964/4/6
f 3963/1/6 3954/1/6 3964/1/6
f 3964/4/6 3955/4/6 3965/4/6
f 3959/4/6 3960/4/6 3966/4/6
f 3960/3/6 3961/3/6 3967/3/6
f 3966/4/6 3960/4/6 3967/4/6
f 3961/4/6 3962/4/6 3968/4/6
f 3967/3/6 3961/3/6 3968/3/6
f 3962/3/6 3963/3/6 3969/3/6
f 3968/4/6 3962/4/6 3969/4/6
f 3963/4/6 3964/4/6 3970/4/6
f 3969/3/6 3963/3/6 3970/3/6
f 3970/4/6 3964/4/6 3971/4/6
f 3972/1/6 3973/1/6 3974/1/6
f 3974/1/6 3973/1/6 3975/1/6
f 3976/3/6 3977/3/6 3978/3/6
f 3978/3/6 3977/3/6 3979/3/6
f 3979/1/6 3980/1/6 3981/1/6
f 3981/1/6 3980/1/6 3982/1/6
f 3981/3/6 3982/3/6 3983/3/6
f 3983/3/6 3982/3/6 3984/3/6
f 3983/4/6 3984/4/6 3986/4/6
f 3986/4/6 3984/4/6 3987/4/6
f 3985/4/6 3986/4/6 3988/4/6
f 3988/4/6 3986/4/6 3989/4/6
f 3990/1/6 3991/1/6 3992/1/6
f 3992/1/6 3991/1/6 3993/1/6
f 3994/3/6 3995/3/6 3996/3/6
f 3996/3/6 3995/3/6 3997/3/6
f 3997/4/6 3998/4/6 3999/4/6
f 3999/4/6 3998/4/6 4000/4/6
f 3999/3/6 4000/3/6 4002/3/6
f 4002/3/6 4000/3/6 4003/3/6
f 4001/3/6 4002/3/6 4005/3/6
f 4005/3/6 4002/3/6 4006/3/6
f 4004/1/6 4005/1/6 4007/1/6
f 4007/1/6 4005/1/6 4008/1/6
f 4009/1/6 4010/1/6 4011/1/6
f 4011/1/6 4010/1/6 4012/1/6
f 4013/4/6 4014/4/6 4015/4/6
f 4015/4/6 4014/4/6 4016/4/6
f 4016/4/6 4017/4/6 4019/4/6
f 4019/4/6 4017/4/6 4020/4/6
f 4018/4/6 4019/4/6 4022/4/6
f 4022/4/6 4019/4/6 4023/4/6
f 4021/1/6 4022/1/6 4024/1/6
f 4024/1/6 4022/1/6 4025/1/6
f 4026/1/6 4027/1/6 4028/1/6
f 4028/1/6 4027/1/6 4029/1/6
f 4030/3/6 4031/3/6 4032/3/6
f 4032/3/6 4031/3/6 4033/3/6
f 4033/3/6 4034/3/6 4036/3/6
f 4036/3/6 4034/3/6 4037/3/6
f 4035/3/6 4036/3/6 4039/3/6
f 4039/3/6 4036/3/6 4040/3/6
f 4038/1/6 4039/1/6 4041/1/6
f 4041/1/6 4039/1/6 4042/1/6
f 4043/3/6 4044/3/6 4045/3/6
f 4045/3/6 4044/3/6 4046/3/6
f 4046/3/6 4047/3/6 4049/3/6
f 4049/3/6 4047/3/6 4050/3/6
f 4048/3/6 4049/3/6 4052/3/6
f 4052/3/6 4049/3/6 4053/3/6
f 4051/1/6 4052/1/6 4054/1/6
f 4054/1/6 4052/1/6 4055/1/6
f 4056/1/6 4057/1/6 4058/1/6
f 4058/1/6 4057/1/6 4059/1/6
f 4059/1/6 4057/1/6 4060/1/6
f 4059/3/6 4060/3/6 4061/3/6
f 4061/3/6 4060/3/6 4062/3/6
f 4062/3/6 4063/3/6 4064/3/6
f 4064/3/6 4063/3/6 4065/3/6
f 4066/3/6 4067/3/6 4069/3/6
f 4069/3/6 4067/3/6 4070/3/6
f 4068/3/6 4069/3/6 4072/3/6
f 4072/3/6 4069/3/6 4073/3/6
f 4071/1/6 4072/1/6 4074/1/6
f 4072/1/6 4073/1/6 4074/1/6
f 4074/1/6 4073/1/6 4075/1/6
f 4076/5/6 4077/5/6 4078/5/6
f 4078/5/6 4077/5/6 4079/5/6
f 4080/5/6 4081/5/6 4082/5/6
f 4082/5/6 4081/5/6 4083/5/6
f 4084/1/6 4085/1/6 4086/1/6
f 4086/1/6 4085/1/6 4087/1/6
f 4087/1/6 4085/1/6 4088/1/6
f 4088/3/6 4089/3/6 4090/3/6
f 4090/3/6 4089/3/6 4091/3/6
f 4093/3/6 4094/3/6 4095/3/6
f 4095/3/6 4094/3/6 4096/3/6
f 4091/3/6 4092/3/6 4097/3/6
f 4097/3/6 4092/3/6 4098/3/6
f 4098/3/6 4099/3/6 4100/3/6
f 4100/3/6 4099/3/6 4101/3/6
f 4102/4/6 4103/4/6 4104/4/6
f 4104/4/6 4103/4/6 4105/4/6
f 4104/5/6 4105/5/6 4106/5/6
f 4106/5/6 4105/5/6 4107/5/6
f 4106/4/6 4107/4/6 4108/4/6
f 4108/4/6 4107/4/6 4109/4/6
f 4110/3/6 4111/3/6 4115/3/6
f 4115/3/6 4111/3/6 4116/3/6
f 4112/3/6 4113/3/6 4117/3/6
f 4117/3/6 4113/3/6 4118/3/6
f 4114/3/6 4115/3/6 4120/3/6
f 4120/3/6 4115/3/6 4121/3/6
f 4119/3/6 4120/3/6 4124/3/6
f 4124/3/6 4120/3/6 4125/3/6
f 4122/1/6 4123/1/6 4126/1/6
f 4123/1/6 4124/1/6 4126/1/6
f 4126/1/6 4124/1/6 4127/1/6
f 4128/5/6 4129/5/6 4130/5/6
f 4130/5/6 4129/5/6 4131/5/6
f 4132/3/6 4133/3/6 4134/3/6
f 4134/3/6 4133/3/6 4135/3/6
f 4134/5/6 4135/5/6 4136/5/6
f 4136/5/6 4135/5/6 4137/5/6
f 4136/3/6 4137/3/6 4138/3/6
f 4138/3/6 4137/3/6 4139/3/6
f 4140/5/6 4141/5/6 4142/5/6
f 4142/5/6 4141/5/6 4143/5/6
f 4144/1/6 4145/1/6 4147/1/6
f 4147/1/6 4145/1/6 4148/1/6
f 4148/1/6 4145/1/6 4149/1/6
f 4146/3/6 4147/3/6 4152/3/6
f 4152/3/6 4147/3/6 4153/3/6
f 4150/3/6 4151/3/6 4154/3/6
f 4154/3/6 4151/3/6 4155/3/6
f 4156/3/6 4157/3/6 4158/3/6
f 4158/3/6 4157/3/6 4159/3/6
f 4158/5/6 4159/5/6 4160/5/6
f 4160/5/6 4159/5/6 4161/5/6
f 4160/3/6 4161/3/6 4162/3/6
f 4162/3/6 4161/3/6 4163/3/6
f 4164/3/6 4165/3/6 4168/3/6
f 4168/3/6 4165/3/6 4169/3/6
f 4166/3/6 4167/3/6 4172/3/6
f 4172/3/6 4167/3/6 4173/3/6
f 4170/1/6 4171/1/6 4174/1/6
f 4169/1/6 4170/1/6 4174/1/6
f 4174/1/6 4171/1/6 4175/1/6
f 4176/1/6 4177/1/6 4181/1/6
f 4177/3/6 4178/3/6 4182/3/6
f 4181/1/6 4177/1/6 4182/1/6
f 4178/1/6 4179/1/6 4183/1/6
f 4182/3/6 4178/3/6 4183/3/6
f 4183/1/6 4179/1/6 4184/1/6
f 4180/4/6 4181/4/6 4186/4/6
f 4181/3/6 4182/3/6 4187/3/6
f 4186/4/6 4181/4/6 4187/4/6
f 4187/3/6 4182/3/6 4188/3/6
f 4184/3/6 4185/3/6 4189/3/6
f 4189/3/6 4185/3/6 4190/3/6
f 4191/3/6 4192/3/6 4193/3/6
f 4193/3/6 4192/3/6 4194/3/6
f 4186/5/6 4187/5/6 4195/5/6
f 4186/5/6 4195/5/6 4196/5/6
f 4197/3/6 4198/3/6 4199/3/6
f 4199/3/6 4198/3/6 4200/3/6
f 4186/5/6 4196/5/6 4201/5/6
f 4201/5/6 4196/5/6 4202/5/6
f 4201/4/6 4202/4/6 4206/4/6
f 4202/3/6 4203/3/6 4207/3/6
f 4206/4/6 4202/4/6 4207/4/6
f 4207/3/6 4203/3/6 4208/3/6
f 4204/3/6 4205/3/6 4210/3/6
f 4210/3/6 4205/3/6 4211/3/6
f 4207/1/6 4208/1/6 4212/1/6
f 4208/3/6 4209/3/6 4213/3/6
f 4212/1/6 4208/1/6 4213/1/6
f 4209/1/6 4210/1/6 4214/1/6
f 4213/3/6 4209/3/6 4214/3/6
f 4214/1/6 4210/1/6 4215/1/6
f 4216/1/6 4217/1/6 4219/1/6
f 4219/1/6 4217/1/6 4220/1/6
f 4220/1/6 4217/1/6 4221/1/6
f 4219/3/6 4220/3/6 4223/3/6
f 4220/1/6 4221/1/6 4223/1/6
f 4221/3/6 4222/3/6 4224/3/6
f 4223/1/6 4221/1/6 4224/1/6
f 4224/3/6 4222/3/6 4225/3/6
f 4218/4/6 4219/4/6 4227/4/6
f 4219/3/6 4223/3/6 4227/3/6
f 4227/3/6 4223/3/6 4228/3/6
f 4225/3/6 4226/3/6 4229/3/6
f 4229/3/6 4226/3/6 4230/3/6
f 4230/3/6 4231/3/6 4232/3/6
f 4232/3/6 4231/3/6 4233/3/6
f 4234/3/6 4235/3/6 4236/3/6
f 4236/3/6 4235/3/6 4237/3/6
f 4218/4/6 4227/4/6 4240/4/6
f 4240/4/6 4227/4/6 4241/4/6
f 4238/3/6 4239/3/6 4242/3/6
f 4242/3/6 4239/3/6 4243/3/6
f 4240/5/6 4241/5/6 4244/5/6
f 4244/5/6 4241/5/6 4245/5/6
f 4246/3/6 4247/3/6 4250/3/6
f 4250/3/6 4247/3/6 4251/3/6
f 4248/3/6 4249/3/6 4254/3/6
f 4254/3/6 4249/3/6 4255/3/6
f 4244/4/6 4245/4/6 4256/4/6
f 4252/3/6 4253/3/6 4259/3/6
f 4259/3/6 4253/3/6 4260/3/6
f 4256/3/6 4257/3/6 4261/3/6
f 4258/3/6 4259/3/6 4263/3/6
f 4263/3/6 4259/3/6 4264/3/6
f 4244/4/6 4256/4/6 4265/4/6
f 4256/3/6 4261/3/6 4266/3/6
f 4265/4/6 4256/4/6 4266/4/6
f 4261/1/6 4262/1/6 4267/1/6
f 4266/3/6 4261/3/6 4267/3/6
f 4262/1/6 4263/1/6 4267/1/6
f 4267/1/6 4263/1/6 4268/1/6
f 4268/1/6 4263/1/6 4269/1/6
f 4266/1/6 4267/1/6 4270/1/6
f 4267/1/6 4268/1/6 4270/1/6
f 4270/1/6 4268/1/6 4271/1/6
f 4272/1/6 4273/1/6 4275/1/6
f 4275/1/6 4273/1/6 4276/1/6
f 4276/1/6 4273/1/6 4277/1/6
f 4274/3/6 4275/3/6 4279/3/6
f 4275/3/6 4276/3/6 4279/3/6
f 4279/3/6 4276/3/6 4280/3/6
f 4277/3/6 4278/3/6 4281/3/6
f 4281/3/6 4278/3/6 4282/3/6
f 4274/3/6 4279/3/6 4284/3/6
f 4284/3/6 4279/3/6 4285/3/6
f 4282/3/6 4283/3/6 4286/3/6
f 4286/3/6 4283/3/6 4287/3/6
f 4287/3/6 4283/3/6 4288/3/6
f 4287/3/6 4288/3/6 4290/3/6
f 4288/8/6 4289/8/6 4291/8/6
f 4290/3/6 4288/3/6 4291/3/6
f 4291/8/6 4289/8/6 4292/8/6
f 4292/8/6 4289/8/6 4293/8/6
f 4293/3/6 4294/3/6 4297/3/6
f 4292/3/6 4293/3/6 4297/3/6
f 4297/3/6 4294/3/6 4298/3/6
f 4298/3/6 4294/3/6 4299/3/6
f 4295/3/6 4296/3/6 4303/3/6
f 4296/8/6 4297/8/6 4304/8/6
f 4297/8/6 4298/8/6 4304/8/6
f 4303/3/6 4296/3/6 4304/3/6
f 4304/8/6 4298/8/6 4305/8/6
f 4300/3/6 4301/3/6 4306/3/6
f 4302/3/6 4303/3/6 4309/3/6
f 4303/3/6 4304/3/6 4309/3/6
f 4309/3/6 4304/3/6 4310/3/6
f 4306/3/6 4307/3/6 4311/3/6
f 4300/3/6 4306/3/6 4311/3/6
f 4311/3/6 4307/3/6 4312/3/6
f 4312/3/6 4307/3/6 4313/3/6
f 4308/3/6 4309/3/6 4314/3/6
f 4314/3/6 4309/3/6 4315/3/6
f 4312/3/6 4313/3/6 4316/3/6
f 4313/1/6 4314/1/6 4317/1/6
f 4316/3/6 4313/3/6 4317/3/6
f 4317/1/6 4314/1/6 4318/1/6
f 4319/1/6 4320/1/6 4322/1/6
f 4322/1/6 4320/1/6 4323/1/6
f 4321/1/6 4322/1/6 4326/1/6
f 4323/1/6 4324/1/6 4326/1/6
f 4322/1/6 4323/1/6 4326/1/6
f 4326/1/6 4324/1/6 4327/1/6
f 4325/1/6 4326/1/6 4329/1/6
f 4326/3/6 4327/3/6 4330/3/6
f 4329/1/6 4326/1/6 4330/1/6
f 4330/3/6 4327/3/6 4331/3/6
f 4327/1/6 4328/1/6 4332/1/6
f 4331/3/6 4327/3/6 4332/3/6
f 4332/1/6 4328/1/6 4333/1/6
f 4333/1/6 4328/1/6 4334/1/6
f 4330/3/6 4331/3/6 4336/3/6
f 4329/3/6 4330/3/6 4336/3/6
f 4331/1/6 4332/1/6 4337/1/6
f 4336/3/6 4331/3/6 4337/3/6
f 4332/3/6 4333/3/6 4338/3/6
f 4337/1/6 4332/1/6 4338/1/6
f 4334/1/6 4335/1/6 4339/1/6
f 4338/3/6 4333/3/6 4339/3/6
f 4333/1/6 4334/1/6 4339/1/6
f 4329/3/6 4336/3/6 4340/3/6
f 4336/1/6 4337/1/6 4341/1/6
f 4340/3/6 4336/3/6 4341/3/6
f 4337/3/6 4338/3/6 4342/3/6
f 4338/1/6 4339/1/6 4343/1/6
f 4342/3/6 4338/3/6 4343/3/6
f 4339/1/6 4335/1/6 4344/1/6
f 4343/1/6 4339/1/6 4344/1/6
f 4344/1/6 4335/1/6 4345/1/6
f 4340/1/6 4341/1/6 4346/1/6
f 4341/1/6 4337/1/6 4347/1/6
f 4346/1/6 4341/1/6 4347/1/6
f 4337/3/6 4342/3/6 4348/3/6
f 4347/1/6 4337/1/6 4348/1/6
f 4342/1/6 4343/1/6 4349/1/6
f 4348/3/6 4342/3/6 4349/3/6
f 4343/1/6 4344/1/6 4349/1/6
f 4349/1/6 4344/1/6 4350/1/6
f 4350/1/6 4344/1/6 4351/1/6
f 4347/3/6 4348/3/6 4352/3/6
f 4349/1/6 4350/1/6 4353/1/6
f 4352/3/6 4348/3/6 4353/3/6
f 4348/1/6 4349/1/6 4353/1/6
f 4353/1/6 4350/1/6 4354/1/6
f 4354/1/6 4350/1/6 4355/1/6
f 4353/1/6 4354/1/6 4356/1/6
f 4356/1/6 4354/1/6 4357/1/6
