# MagicaVoxel @ Ephtracy

# group
o 

# material
mtllib Tree.mtl
usemtl palette

# normals
vn -1 0 0
vn 1 0 0
vn 0 0 1
vn 0 0 -1
vn 0 -1 0
vn 0 1 0

# texcoords
vt 0.537109 0.5
vt 0.892578 0.5
vt 0.900391 0.5
vt 0.904297 0.5

# verts
v -1.1 0.7 0.4
v -1.1 0.7 -0.4
v -1.1 0.8 0.2
v -1.1 0.8 0.1
v -1.1 0.8 -0.1
v -1.1 0.8 -0.2
v -1.1 0.9 0.4
v -1.1 0.9 0.2
v -1.1 0.9 0.1
v -1.1 0.9 -0.1
v -1.1 0.9 -0.2
v -1.1 0.9 -0.4
v -1.1 1 0.2
v -1.1 1 -0.1
v -1.1 1 -0.2
v -1 0.7 0.6
v -1 0.7 0.4
v -1 0.7 -0.4
v -1 0.7 -0.6
v -1 0.9 0.6
v -1 0.9 0.5
v -1 0.9 0.4
v -1 0.9 0.2
v -1 0.9 -0.2
v -1 0.9 -0.4
v -1 0.9 -0.5
v -1 0.9 -0.6
v -1 1 0.5
v -1 1 0.4
v -1 1 0.2
v -1 1 -0.1
v -1 1 -0.2
v -1 1 -0.3
v -1 1 -0.4
v -1 1 -0.5
v -1 1.1 0.4
v -1 1.1 0.2
v -1 1.1 -0.1
v -1 1.1 -0.2
v -1 1.1 -0.3
v -1 1.1 -0.4
v -1 1.2 0.2
v -1 1.2 -0.1
v -1 1.2 -0.2
v -0.9 0.7 0.7
v -0.9 0.7 0.6
v -0.9 0.7 -0.6
v -0.9 0.7 -0.7
v -0.9 0.9 0.6
v -0.9 0.9 0.5
v -0.9 0.9 -0.5
v -0.9 0.9 -0.6
v -0.9 1 0.7
v -0.9 1 0.6
v -0.9 1 0.5
v -0.9 1 0.4
v -0.9 1 -0.4
v -0.9 1 -0.5
v -0.9 1 -0.6
v -0.9 1 -0.7
v -0.9 1.1 0.6
v -0.9 1.1 0.5
v -0.9 1.1 0.4
v -0.9 1.1 0.2
v -0.9 1.1 -0.2
v -0.9 1.1 -0.3
v -0.9 1.1 -0.4
v -0.9 1.1 -0.5
v -0.9 1.1 -0.6
v -0.9 1.2 0.5
v -0.9 1.2 0.4
v -0.9 1.2 0.2
v -0.9 1.2 -0.1
v -0.9 1.2 -0.2
v -0.9 1.2 -0.4
v -0.9 1.2 -0.5
v -0.9 1.3 0.4
v -0.9 1.3 0.2
v -0.9 1.3 -0.2
v -0.9 1.3 -0.4
v -0.9 1.4 0.2
v -0.9 1.4 -0.2
v -0.8 0.7 0.8
v -0.8 0.7 0.7
v -0.8 0.7 -0.7
v -0.8 0.7 -0.8
v -0.8 0.9 0.8
v -0.8 0.9 0.7
v -0.8 1 0.8
v -0.8 1 0.7
v -0.8 1 0.6
v -0.8 1 -0.6
v -0.8 1 -0.7
v -0.8 1 -0.8
v -0.8 1.1 0.7
v -0.8 1.1 0.6
v -0.8 1.1 0.5
v -0.8 1.1 -0.5
v -0.8 1.1 -0.6
v -0.8 1.1 -0.7
v -0.8 1.2 0.6
v -0.8 1.2 0.5
v -0.8 1.2 0.4
v -0.8 1.2 -0.4
v -0.8 1.2 -0.5
v -0.8 1.2 -0.6
v -0.8 1.3 0.5
v -0.8 1.3 0.4
v -0.8 1.3 0.3
v -0.8 1.3 0.2
v -0.8 1.3 -0.2
v -0.8 1.3 -0.4
v -0.8 1.4 0.5
v -0.8 1.4 0.4
v -0.8 1.4 0.3
v -0.8 1.4 0.2
v -0.8 1.4 -0.2
v -0.8 1.4 -0.3
v -0.8 1.4 -0.5
v -0.8 1.5 0.3
v -0.8 1.5 0.2
v -0.8 1.5 0
v -0.8 1.5 -0.1
v -0.8 1.5 -0.2
v -0.8 1.5 -0.3
v -0.8 1.6 0.2
v -0.8 1.6 0
v -0.8 1.6 -0.1
v -0.8 1.6 -0.2
v -0.7 0.7 0.9
v -0.7 0.7 0.8
v -0.7 0.7 -0.8
v -0.7 0.7 -0.9
v -0.7 0.8 -0.8
v -0.7 0.8 -0.9
v -0.7 0.9 0.8
v -0.7 0.9 -0.8
v -0.7 0.9 -0.9
v -0.7 1 0.9
v -0.7 1 0.8
v -0.7 1 0.7
v -0.7 1 -0.7
v -0.7 1 -0.8
v -0.7 1 -0.9
v -0.7 1.1 0.8
v -0.7 1.1 0.7
v -0.7 1.1 0.6
v -0.7 1.1 -0.6
v -0.7 1.1 -0.7
v -0.7 1.1 -0.8
v -0.7 1.2 0.6
v -0.7 1.2 0.5
v -0.7 1.2 -0.5
v -0.7 1.2 -0.6
v -0.7 1.2 -0.7
v -0.7 1.3 0.7
v -0.7 1.3 0.6
v -0.7 1.3 0.5
v -0.7 1.3 -0.5
v -0.7 1.3 -0.6
v -0.7 1.3 -0.7
v -0.7 1.4 0.6
v -0.7 1.4 0.5
v -0.7 1.4 0.4
v -0.7 1.4 0.3
v -0.7 1.4 -0.3
v -0.7 1.4 -0.4
v -0.7 1.4 -0.5
v -0.7 1.4 -0.6
v -0.7 1.5 0.5
v -0.7 1.5 0.4
v -0.7 1.5 0.3
v -0.7 1.5 0.2
v -0.7 1.5 -0.2
v -0.7 1.5 -0.3
v -0.7 1.5 -0.4
v -0.7 1.5 -0.5
v -0.7 1.6 0.4
v -0.7 1.6 0.3
v -0.7 1.6 0.2
v -0.7 1.6 0
v -0.7 1.6 -0.1
v -0.7 1.6 -0.2
v -0.7 1.6 -0.3
v -0.7 1.6 -0.4
v -0.7 1.7 0.3
v -0.7 1.7 0.2
v -0.7 1.7 0.1
v -0.7 1.7 -0.1
v -0.7 1.7 -0.2
v -0.7 1.7 -0.3
v -0.7 1.8 0.2
v -0.7 1.8 0.1
v -0.7 1.8 -0.1
v -0.7 1.8 -0.2
v -0.6 0.7 1
v -0.6 0.7 0.9
v -0.6 0.7 -0.9
v -0.6 0.7 -1
v -0.6 0.8 -0.9
v -0.6 0.9 1
v -0.6 0.9 0.9
v -0.6 0.9 -0.9
v -0.6 0.9 -1
v -0.6 1 0.9
v -0.6 1 0.8
v -0.6 1 -0.8
v -0.6 1 -0.9
v -0.6 1.1 0.9
v -0.6 1.1 0.8
v -0.6 1.1 0.7
v -0.6 1.1 -0.7
v -0.6 1.1 -0.8
v -0.6 1.1 -0.9
v -0.6 1.2 0.8
v -0.6 1.2 0.7
v -0.6 1.2 -0.7
v -0.6 1.2 -0.8
v -0.6 1.3 0.7
v -0.6 1.3 0.6
v -0.6 1.3 -0.6
v -0.6 1.3 -0.7
v -0.6 1.4 0.7
v -0.6 1.4 0.6
v -0.6 1.4 0.5
v -0.6 1.4 -0.5
v -0.6 1.4 -0.6
v -0.6 1.4 -0.7
v -0.6 1.5 0.6
v -0.6 1.5 0.5
v -0.6 1.5 0.4
v -0.6 1.5 -0.4
v -0.6 1.5 -0.5
v -0.6 1.5 -0.6
v -0.6 1.6 0.4
v -0.6 1.6 0.3
v -0.6 1.6 -0.3
v -0.6 1.6 -0.4
v -0.6 1.6 -0.5
v -0.6 1.7 0.5
v -0.6 1.7 0.4
v -0.6 1.7 0.3
v -0.6 1.7 0.2
v -0.6 1.7 -0.2
v -0.6 1.7 -0.3
v -0.6 1.7 -0.4
v -0.6 1.7 -0.5
v -0.6 1.8 0.4
v -0.6 1.8 0.3
v -0.6 1.8 0.2
v -0.6 1.8 0.1
v -0.6 1.8 -0.1
v -0.6 1.8 -0.2
v -0.6 1.8 -0.3
v -0.6 1.8 -0.4
v -0.6 1.9 0.3
v -0.6 1.9 0.2
v -0.6 1.9 0.1
v -0.6 1.9 0
v -0.6 1.9 -0.2
v -0.6 1.9 -0.3
v -0.6 2 0.2
v -0.6 2 0.1
v -0.6 2 0
v -0.6 2 -0.2
v -0.5 0.9 1
v -0.5 0.9 0.9
v -0.5 0.9 -0.9
v -0.5 0.9 -1
v -0.5 1 1
v -0.5 1 0.9
v -0.5 1 -0.9
v -0.5 1 -1
v -0.5 1.1 0.9
v -0.5 1.1 0.8
v -0.5 1.1 -0.8
v -0.5 1.1 -0.9
v -0.5 1.2 0.9
v -0.5 1.2 0.8
v -0.5 1.2 0.7
v -0.5 1.2 -0.7
v -0.5 1.2 -0.8
v -0.5 1.2 -0.9
v -0.5 1.3 0.8
v -0.5 1.3 0.7
v -0.5 1.4 0.8
v -0.5 1.4 0.7
v -0.5 1.4 0.6
v -0.5 1.4 -0.6
v -0.5 1.4 -0.7
v -0.5 1.4 -0.8
v -0.5 1.5 0.7
v -0.5 1.5 0.6
v -0.5 1.5 0.5
v -0.5 1.5 -0.5
v -0.5 1.5 -0.6
v -0.5 1.5 -0.7
v -0.5 1.6 -0.5
v -0.5 1.6 -0.6
v -0.5 1.7 0.6
v -0.5 1.7 0.5
v -0.5 1.7 0.4
v -0.5 1.7 -0.4
v -0.5 1.7 -0.5
v -0.5 1.7 -0.6
v -0.5 1.8 0.5
v -0.5 1.8 0.4
v -0.5 1.8 0.3
v -0.5 1.8 -0.3
v -0.5 1.8 -0.4
v -0.5 1.8 -0.5
v -0.5 1.9 0.3
v -0.5 1.9 0.2
v -0.5 1.9 -0.2
v -0.5 1.9 -0.3
v -0.5 1.9 -0.4
v -0.5 2 0.4
v -0.5 2 0.3
v -0.5 2 0.2
v -0.5 2 0.1
v -0.5 2 0
v -0.5 2 -0.1
v -0.5 2 -0.2
v -0.5 2 -0.3
v -0.5 2 -0.4
v -0.5 2.1 0.3
v -0.5 2.1 0.2
v -0.5 2.1 0
v -0.5 2.1 -0.1
v -0.5 2.1 -0.2
v -0.5 2.1 -0.3
v -0.5 2.2 0.2
v -0.5 2.2 0
v -0.5 2.2 -0.1
v -0.5 2.2 -0.2
v -0.4 0 0.2
v -0.4 0 -0.2
v -0.4 0.7 1.1
v -0.4 0.7 1
v -0.4 0.7 0.2
v -0.4 0.7 -0.2
v -0.4 0.7 -1
v -0.4 0.7 -1.1
v -0.4 0.8 1.1
v -0.4 0.8 1
v -0.4 0.8 0.2
v -0.4 0.8 -0.2
v -0.4 0.9 1.1
v -0.4 0.9 1
v -0.4 0.9 -1
v -0.4 0.9 -1.1
v -0.4 1 1
v -0.4 1 0.9
v -0.4 1 -0.9
v -0.4 1 -1
v -0.4 1.1 1
v -0.4 1.1 0.9
v -0.4 1.1 -0.9
v -0.4 1.1 -1
v -0.4 1.2 0.9
v -0.4 1.2 0.8
v -0.4 1.2 -0.8
v -0.4 1.2 -0.9
v -0.4 1.3 0.9
v -0.4 1.3 0.8
v -0.4 1.3 -0.8
v -0.4 1.3 -0.9
v -0.4 1.5 0.7
v -0.4 1.5 0.6
v -0.4 1.5 -0.6
v -0.4 1.5 -0.7
v -0.4 1.6 0.7
v -0.4 1.6 0.6
v -0.4 1.6 -0.6
v -0.4 1.6 -0.7
v -0.4 1.7 0.6
v -0.4 1.7 0.5
v -0.4 1.7 -0.5
v -0.4 1.7 -0.6
v -0.4 1.8 0.6
v -0.4 1.8 0.5
v -0.4 1.8 0.4
v -0.4 1.8 -0.4
v -0.4 1.8 -0.5
v -0.4 1.8 -0.6
v -0.4 1.9 -0.4
v -0.4 1.9 -0.5
v -0.4 2 0.5
v -0.4 2 0.4
v -0.4 2 0.3
v -0.4 2 -0.3
v -0.4 2 -0.4
v -0.4 2 -0.5
v -0.4 2.1 0.4
v -0.4 2.1 0.3
v -0.4 2.1 0.2
v -0.4 2.1 -0.2
v -0.4 2.1 -0.3
v -0.4 2.1 -0.4
v -0.4 2.2 0.3
v -0.4 2.2 0.2
v -0.4 2.2 0
v -0.4 2.2 -0.1
v -0.4 2.2 -0.2
v -0.4 2.2 -0.3
v -0.4 2.3 0.2
v -0.4 2.3 0.1
v -0.4 2.3 0
v -0.4 2.3 -0.1
v -0.4 2.3 -0.2
v -0.4 2.4 0.1
v -0.4 2.4 0
v -0.4 2.4 -0.1
v -0.3 0 0.3
v -0.3 0 0.2
v -0.3 0 -0.2
v -0.3 0 -0.3
v -0.3 0.7 0.3
v -0.3 0.7 0.2
v -0.3 0.7 -0.2
v -0.3 0.7 -0.3
v -0.3 0.8 0.3
v -0.3 0.8 0.2
v -0.3 0.8 -0.2
v -0.3 0.8 -0.3
v -0.3 1.4 0.8
v -0.3 1.4 0.7
v -0.3 1.4 -0.7
v -0.3 1.4 -0.8
v -0.3 1.5 0.8
v -0.3 1.5 0.7
v -0.3 1.5 -0.7
v -0.3 1.5 -0.8
v -0.3 1.6 0.7
v -0.3 1.6 0.6
v -0.3 1.6 -0.6
v -0.3 1.6 -0.7
v -0.3 1.7 0.7
v -0.3 1.7 0.6
v -0.3 1.7 -0.6
v -0.3 1.7 -0.7
v -0.3 1.8 0.6
v -0.3 1.8 0.5
v -0.3 1.8 -0.5
v -0.3 1.8 -0.6
v -0.3 1.9 0.6
v -0.3 1.9 0.5
v -0.3 1.9 -0.5
v -0.3 1.9 -0.6
v -0.3 2 0.5
v -0.3 2 0.4
v -0.3 2 -0.4
v -0.3 2 -0.5
v -0.3 2.1 0.5
v -0.3 2.1 0.4
v -0.3 2.1 0.3
v -0.3 2.1 -0.3
v -0.3 2.1 -0.4
v -0.3 2.1 -0.5
v -0.3 2.2 0.4
v -0.3 2.2 0.3
v -0.3 2.2 0.2
v -0.3 2.2 -0.2
v -0.3 2.2 -0.3
v -0.3 2.2 -0.4
v -0.3 2.3 0.3
v -0.3 2.3 0.2
v -0.3 2.3 0.1
v -0.3 2.3 -0.1
v -0.3 2.3 -0.2
v -0.3 2.4 0.3
v -0.3 2.4 0.2
v -0.3 2.4 0.1
v -0.3 2.4 0
v -0.3 2.4 -0.1
v -0.3 2.4 -0.2
v -0.3 2.4 -0.3
v -0.3 2.5 0.2
v -0.3 2.5 0.1
v -0.3 2.5 0
v -0.3 2.5 -0.1
v -0.3 2.5 -0.2
v -0.3 2.6 0.1
v -0.3 2.6 -0.1
v -0.2 0 0.4
v -0.2 0 0.3
v -0.2 0 -0.3
v -0.2 0 -0.4
v -0.2 0.7 0.4
v -0.2 0.7 0.3
v -0.2 0.7 -0.3
v -0.2 0.7 -0.4
v -0.2 0.8 0.4
v -0.2 0.8 0.3
v -0.2 0.8 -0.3
v -0.2 0.8 -0.4
v -0.2 0.9 1.1
v -0.2 0.9 1
v -0.2 0.9 -1
v -0.2 0.9 -1.1
v -0.2 1 1.1
v -0.2 1 1
v -0.2 1 -1
v -0.2 1 -1.1
v -0.2 1.1 1
v -0.2 1.1 0.9
v -0.2 1.1 -0.9
v -0.2 1.1 -1
v -0.2 1.2 1
v -0.2 1.2 0.9
v -0.2 1.2 -0.9
v -0.2 1.2 -1
v -0.2 1.3 0.9
v -0.2 1.3 0.8
v -0.2 1.3 -0.8
v -0.2 1.3 -0.9
v -0.2 1.4 0.9
v -0.2 1.4 0.8
v -0.2 1.4 -0.8
v -0.2 1.4 -0.9
v -0.2 1.5 0.8
v -0.2 1.5 0.7
v -0.2 1.5 -0.7
v -0.2 1.5 -0.8
v -0.2 1.6 0.8
v -0.2 1.6 0.7
v -0.2 1.6 -0.7
v -0.2 1.6 -0.8
v -0.2 1.7 0.7
v -0.2 1.7 0.6
v -0.2 1.7 -0.6
v -0.2 1.7 -0.7
v -0.2 1.8 0.7
v -0.2 1.8 0.6
v -0.2 1.8 -0.6
v -0.2 1.8 -0.7
v -0.2 1.9 0.6
v -0.2 1.9 0.5
v -0.2 1.9 -0.5
v -0.2 1.9 -0.6
v -0.2 2 0.6
v -0.2 2 0.5
v -0.2 2 -0.5
v -0.2 2 -0.6
v -0.2 2.1 0.5
v -0.2 2.1 0.4
v -0.2 2.1 -0.4
v -0.2 2.1 -0.5
v -0.2 2.2 0.5
v -0.2 2.2 0.4
v -0.2 2.2 0.3
v -0.2 2.2 -0.3
v -0.2 2.2 -0.4
v -0.2 2.2 -0.5
v -0.2 2.3 0.4
v -0.2 2.3 0.3
v -0.2 2.3 -0.3
v -0.2 2.3 -0.4
v -0.2 2.4 0.3
v -0.2 2.4 0.2
v -0.2 2.4 -0.2
v -0.2 2.4 -0.3
v -0.2 2.5 0.3
v -0.2 2.5 0.2
v -0.2 2.5 0.1
v -0.2 2.5 -0.1
v -0.2 2.5 -0.2
v -0.2 2.5 -0.3
v -0.2 2.6 0.1
v -0.2 2.6 -0.1
v -0.2 2.7 0.2
v -0.2 2.7 0.1
v -0.2 2.7 0
v -0.2 2.7 -0.1
v -0.2 2.7 -0.2
v -0.2 2.8 0.1
v -0.2 2.8 0
v -0.2 2.8 -0.1
v -0.1 2.3 0.4
v -0.1 2.3 0.3
v -0.1 2.3 -0.3
v -0.1 2.3 -0.4
v -0.1 2.4 0.4
v -0.1 2.4 0.3
v -0.1 2.4 -0.3
v -0.1 2.4 -0.4
v -0.1 2.5 0.3
v -0.1 2.5 0.2
v -0.1 2.5 -0.2
v -0.1 2.5 -0.3
v -0.1 2.6 0.3
v -0.1 2.6 0.2
v -0.1 2.6 -0.2
v -0.1 2.6 -0.3
v -0.1 2.7 0.2
v -0.1 2.7 0.1
v -0.1 2.7 -0.1
v -0.1 2.7 -0.2
v -0.1 2.8 0.2
v -0.1 2.8 0.1
v -0.1 2.8 0
v -0.1 2.8 -0.1
v -0.1 2.8 -0.2
v -0.1 2.9 0.1
v -0.1 2.9 -0.1
v 0.3 0.7 0.6
v 0.3 0.7 0.5
v 0.3 0.7 -0.5
v 0.3 0.7 -0.6
v 0.3 0.8 0.6
v 0.3 0.8 0.5
v 0.3 0.8 -0.5
v 0.3 0.8 -0.6
v 0.4 0.7 0.5
v 0.4 0.7 0.4
v 0.4 0.7 -0.4
v 0.4 0.7 -0.5
v 0.4 0.8 0.5
v 0.4 0.8 0.4
v 0.4 0.8 -0.4
v 0.4 0.8 -0.5
v 0.5 0.7 0.4
v 0.5 0.7 0.3
v 0.5 0.7 -0.3
v 0.5 0.7 -0.4
v 0.5 0.8 0.4
v 0.5 0.8 0.3
v 0.5 0.8 -0.3
v 0.5 0.8 -0.4
v 0.6 0.7 0.3
v 0.6 0.7 -0.3
v 0.6 0.8 0.3
v 0.6 0.8 -0.3
v -0.6 0.7 0.3
v -0.6 0.7 -0.3
v -0.6 0.8 0.3
v -0.6 0.8 -0.3
v -0.5 0.7 0.4
v -0.5 0.7 0.3
v -0.5 0.7 -0.3
v -0.5 0.7 -0.4
v -0.5 0.8 0.4
v -0.5 0.8 0.3
v -0.5 0.8 -0.3
v -0.5 0.8 -0.4
v -0.4 0.7 0.5
v -0.4 0.7 0.4
v -0.4 0.7 -0.4
v -0.4 0.7 -0.5
v -0.4 0.8 0.5
v -0.4 0.8 0.4
v -0.4 0.8 -0.4
v -0.4 0.8 -0.5
v -0.3 0.7 0.6
v -0.3 0.7 0.5
v -0.3 0.7 -0.5
v -0.3 0.7 -0.6
v -0.3 0.8 0.6
v -0.3 0.8 0.5
v -0.3 0.8 -0.5
v -0.3 0.8 -0.6
v 0.1 2.3 0.4
v 0.1 2.3 0.3
v 0.1 2.3 -0.3
v 0.1 2.3 -0.4
v 0.1 2.4 0.4
v 0.1 2.4 0.3
v 0.1 2.4 -0.3
v 0.1 2.4 -0.4
v 0.1 2.5 0.3
v 0.1 2.5 0.2
v 0.1 2.5 -0.2
v 0.1 2.5 -0.3
v 0.1 2.6 0.3
v 0.1 2.6 0.2
v 0.1 2.6 -0.2
v 0.1 2.6 -0.3
v 0.1 2.7 0.2
v 0.1 2.7 0.1
v 0.1 2.7 -0.1
v 0.1 2.7 -0.2
v 0.1 2.8 0.2
v 0.1 2.8 0.1
v 0.1 2.8 0
v 0.1 2.8 -0.1
v 0.1 2.8 -0.2
v 0.1 2.9 0.1
v 0.1 2.9 -0.1
v 0.2 0 0.4
v 0.2 0 0.3
v 0.2 0 -0.3
v 0.2 0 -0.4
v 0.2 0.7 0.4
v 0.2 0.7 0.3
v 0.2 0.7 -0.3
v 0.2 0.7 -0.4
v 0.2 0.8 0.4
v 0.2 0.8 0.3
v 0.2 0.8 -0.3
v 0.2 0.8 -0.4
v 0.2 0.9 1.1
v 0.2 0.9 1
v 0.2 0.9 -1
v 0.2 0.9 -1.1
v 0.2 1 1.1
v 0.2 1 1
v 0.2 1 -1
v 0.2 1 -1.1
v 0.2 1.1 1
v 0.2 1.1 0.9
v 0.2 1.1 -0.9
v 0.2 1.1 -1
v 0.2 1.2 1
v 0.2 1.2 0.9
v 0.2 1.2 -0.9
v 0.2 1.2 -1
v 0.2 1.3 0.9
v 0.2 1.3 0.8
v 0.2 1.3 -0.8
v 0.2 1.3 -0.9
v 0.2 1.4 0.9
v 0.2 1.4 0.8
v 0.2 1.4 -0.8
v 0.2 1.4 -0.9
v 0.2 1.5 0.8
v 0.2 1.5 0.7
v 0.2 1.5 -0.7
v 0.2 1.5 -0.8
v 0.2 1.6 0.8
v 0.2 1.6 0.7
v 0.2 1.6 -0.7
v 0.2 1.6 -0.8
v 0.2 1.7 0.7
v 0.2 1.7 0.6
v 0.2 1.7 -0.6
v 0.2 1.7 -0.7
v 0.2 1.8 0.7
v 0.2 1.8 0.6
v 0.2 1.8 -0.6
v 0.2 1.8 -0.7
v 0.2 1.9 0.6
v 0.2 1.9 0.5
v 0.2 1.9 -0.5
v 0.2 1.9 -0.6
v 0.2 2 0.6
v 0.2 2 0.5
v 0.2 2 -0.5
v 0.2 2 -0.6
v 0.2 2.1 0.5
v 0.2 2.1 0.4
v 0.2 2.1 -0.4
v 0.2 2.1 -0.5
v 0.2 2.2 0.5
v 0.2 2.2 0.4
v 0.2 2.2 0.3
v 0.2 2.2 -0.3
v 0.2 2.2 -0.4
v 0.2 2.2 -0.5
v 0.2 2.3 0.4
v 0.2 2.3 0.3
v 0.2 2.3 -0.3
v 0.2 2.3 -0.4
v 0.2 2.4 0.3
v 0.2 2.4 0.2
v 0.2 2.4 -0.2
v 0.2 2.4 -0.3
v 0.2 2.5 0.3
v 0.2 2.5 0.2
v 0.2 2.5 0.1
v 0.2 2.5 -0.1
v 0.2 2.5 -0.2
v 0.2 2.5 -0.3
v 0.2 2.6 0.1
v 0.2 2.6 0
v 0.2 2.6 -0.1
v 0.2 2.6 -0.2
v 0.2 2.7 0.2
v 0.2 2.7 0.1
v 0.2 2.7 0
v 0.2 2.7 -0.1
v 0.2 2.7 -0.2
v 0.2 2.8 0.1
v 0.2 2.8 0
v 0.2 2.8 -0.1
v 0.3 0 0.3
v 0.3 0 0.2
v 0.3 0 -0.2
v 0.3 0 -0.3
v 0.3 0.7 0.3
v 0.3 0.7 0.2
v 0.3 0.7 -0.2
v 0.3 0.7 -0.3
v 0.3 0.8 0.3
v 0.3 0.8 0.2
v 0.3 0.8 -0.2
v 0.3 0.8 -0.3
v 0.3 1.4 0.8
v 0.3 1.4 0.7
v 0.3 1.4 -0.7
v 0.3 1.4 -0.8
v 0.3 1.5 0.8
v 0.3 1.5 0.7
v 0.3 1.5 -0.7
v 0.3 1.5 -0.8
v 0.3 1.6 0.7
v 0.3 1.6 0.6
v 0.3 1.6 -0.6
v 0.3 1.6 -0.7
v 0.3 1.7 0.7
v 0.3 1.7 0.6
v 0.3 1.7 -0.6
v 0.3 1.7 -0.7
v 0.3 1.8 0.6
v 0.3 1.8 0.5
v 0.3 1.8 -0.5
v 0.3 1.8 -0.6
v 0.3 1.9 0.6
v 0.3 1.9 0.5
v 0.3 1.9 -0.5
v 0.3 1.9 -0.6
v 0.3 2 0.5
v 0.3 2 0.4
v 0.3 2 -0.4
v 0.3 2 -0.5
v 0.3 2.1 0.5
v 0.3 2.1 0.4
v 0.3 2.1 0.3
v 0.3 2.1 -0.3
v 0.3 2.1 -0.4
v 0.3 2.1 -0.5
v 0.3 2.2 0.4
v 0.3 2.2 0.3
v 0.3 2.2 0.2
v 0.3 2.2 -0.2
v 0.3 2.2 -0.3
v 0.3 2.2 -0.4
v 0.3 2.3 0.2
v 0.3 2.3 0.1
v 0.3 2.3 -0.1
v 0.3 2.3 -0.2
v 0.3 2.3 -0.3
v 0.3 2.4 0.3
v 0.3 2.4 0.2
v 0.3 2.4 0.1
v 0.3 2.4 0
v 0.3 2.4 -0.1
v 0.3 2.4 -0.2
v 0.3 2.4 -0.3
v 0.3 2.5 0.2
v 0.3 2.5 0.1
v 0.3 2.5 0
v 0.3 2.5 -0.1
v 0.3 2.5 -0.2
v 0.3 2.6 0.1
v 0.3 2.6 0
v 0.3 2.6 -0.1
v 0.4 0 0.2
v 0.4 0 -0.2
v 0.4 0.7 1.1
v 0.4 0.7 1
v 0.4 0.7 0.2
v 0.4 0.7 -0.2
v 0.4 0.7 -1
v 0.4 0.7 -1.1
v 0.4 0.8 1
v 0.4 0.8 0.2
v 0.4 0.8 -0.2
v 0.4 0.9 1.1
v 0.4 0.9 1
v 0.4 0.9 -1
v 0.4 0.9 -1.1
v 0.4 1 1
v 0.4 1 0.9
v 0.4 1 -0.9
v 0.4 1 -1
v 0.4 1.1 1
v 0.4 1.1 0.9
v 0.4 1.1 -0.9
v 0.4 1.1 -1
v 0.4 1.2 0.9
v 0.4 1.2 0.8
v 0.4 1.2 -0.8
v 0.4 1.2 -0.9
v 0.4 1.3 0.9
v 0.4 1.3 0.8
v 0.4 1.3 -0.8
v 0.4 1.3 -0.9
v 0.4 1.5 0.7
v 0.4 1.5 0.6
v 0.4 1.5 -0.6
v 0.4 1.5 -0.7
v 0.4 1.6 0.7
v 0.4 1.6 0.6
v 0.4 1.6 -0.6
v 0.4 1.6 -0.7
v 0.4 1.7 0.6
v 0.4 1.7 0.5
v 0.4 1.7 -0.5
v 0.4 1.7 -0.6
v 0.4 1.8 0.6
v 0.4 1.8 0.5
v 0.4 1.8 0.4
v 0.4 1.8 -0.4
v 0.4 1.8 -0.5
v 0.4 1.8 -0.6
v 0.4 1.9 -0.4
v 0.4 1.9 -0.5
v 0.4 2 0.5
v 0.4 2 0.4
v 0.4 2 0.3
v 0.4 2 -0.3
v 0.4 2 -0.4
v 0.4 2 -0.5
v 0.4 2.1 0.4
v 0.4 2.1 0.3
v 0.4 2.1 0.2
v 0.4 2.1 -0.2
v 0.4 2.1 -0.3
v 0.4 2.1 -0.4
v 0.4 2.2 0.3
v 0.4 2.2 0.2
v 0.4 2.2 0.1
v 0.4 2.2 -0.1
v 0.4 2.2 -0.2
v 0.4 2.2 -0.3
v 0.4 2.3 0.2
v 0.4 2.3 0.1
v 0.4 2.3 0
v 0.4 2.3 -0.1
v 0.4 2.3 -0.2
v 0.4 2.4 0.1
v 0.4 2.4 0
v 0.4 2.4 -0.1
v 0.5 0.9 1
v 0.5 0.9 0.9
v 0.5 0.9 -0.9
v 0.5 0.9 -1
v 0.5 1 1
v 0.5 1 0.9
v 0.5 1 -0.9
v 0.5 1 -1
v 0.5 1.1 0.9
v 0.5 1.1 0.8
v 0.5 1.1 -0.8
v 0.5 1.1 -0.9
v 0.5 1.2 0.9
v 0.5 1.2 0.8
v 0.5 1.2 0.7
v 0.5 1.2 -0.7
v 0.5 1.2 -0.8
v 0.5 1.2 -0.9
v 0.5 1.3 0.8
v 0.5 1.3 0.7
v 0.5 1.4 0.8
v 0.5 1.4 0.7
v 0.5 1.4 0.6
v 0.5 1.4 -0.6
v 0.5 1.4 -0.7
v 0.5 1.4 -0.8
v 0.5 1.5 0.7
v 0.5 1.5 0.6
v 0.5 1.5 0.5
v 0.5 1.5 -0.5
v 0.5 1.5 -0.6
v 0.5 1.5 -0.7
v 0.5 1.6 -0.5
v 0.5 1.6 -0.6
v 0.5 1.7 0.6
v 0.5 1.7 0.5
v 0.5 1.7 0.4
v 0.5 1.7 -0.4
v 0.5 1.7 -0.5
v 0.5 1.7 -0.6
v 0.5 1.8 0.5
v 0.5 1.8 0.4
v 0.5 1.8 0.3
v 0.5 1.8 -0.3
v 0.5 1.8 -0.4
v 0.5 1.8 -0.5
v 0.5 1.9 0.3
v 0.5 1.9 0.2
v 0.5 1.9 -0.2
v 0.5 1.9 -0.3
v 0.5 2 0.4
v 0.5 2 0.3
v 0.5 2 0.2
v 0.5 2 0.1
v 0.5 2 0
v 0.5 2 -0.1
v 0.5 2 -0.2
v 0.5 2 -0.3
v 0.5 2 -0.4
v 0.5 2.1 0.3
v 0.5 2.1 0.2
v 0.5 2.1 0.1
v 0.5 2.1 -0.1
v 0.5 2.1 -0.2
v 0.5 2.1 -0.3
v 0.5 2.2 0.2
v 0.5 2.2 0.1
v 0.5 2.2 -0.1
v 0.5 2.2 -0.2
v 0.6 0.7 1
v 0.6 0.7 0.9
v 0.6 0.7 -0.9
v 0.6 0.7 -1
v 0.6 0.9 1
v 0.6 0.9 0.9
v 0.6 0.9 -0.9
v 0.6 0.9 -1
v 0.6 1 0.9
v 0.6 1 0.8
v 0.6 1 -0.8
v 0.6 1 -0.9
v 0.6 1.1 0.9
v 0.6 1.1 0.8
v 0.6 1.1 0.7
v 0.6 1.1 -0.7
v 0.6 1.1 -0.8
v 0.6 1.1 -0.9
v 0.6 1.2 0.8
v 0.6 1.2 0.7
v 0.6 1.2 -0.7
v 0.6 1.2 -0.8
v 0.6 1.3 0.7
v 0.6 1.3 0.6
v 0.6 1.3 -0.6
v 0.6 1.3 -0.7
v 0.6 1.4 0.7
v 0.6 1.4 0.6
v 0.6 1.4 0.5
v 0.6 1.4 -0.5
v 0.6 1.4 -0.6
v 0.6 1.4 -0.7
v 0.6 1.5 0.6
v 0.6 1.5 0.5
v 0.6 1.5 0.4
v 0.6 1.5 -0.4
v 0.6 1.5 -0.5
v 0.6 1.5 -0.6
v 0.6 1.6 0.4
v 0.6 1.6 0.3
v 0.6 1.6 -0.3
v 0.6 1.6 -0.4
v 0.6 1.6 -0.5
v 0.6 1.7 0.5
v 0.6 1.7 0.4
v 0.6 1.7 0.3
v 0.6 1.7 0.2
v 0.6 1.7 -0.2
v 0.6 1.7 -0.3
v 0.6 1.7 -0.4
v 0.6 1.7 -0.5
v 0.6 1.8 0.4
v 0.6 1.8 0.3
v 0.6 1.8 0.2
v 0.6 1.8 -0.1
v 0.6 1.8 -0.2
v 0.6 1.8 -0.3
v 0.6 1.8 -0.4
v 0.6 1.9 0.3
v 0.6 1.9 0.2
v 0.6 1.9 0.1
v 0.6 1.9 0
v 0.6 1.9 -0.2
v 0.6 1.9 -0.3
v 0.6 2 0.2
v 0.6 2 0.1
v 0.6 2 0
v 0.6 2 -0.2
v 0.7 0.7 0.9
v 0.7 0.7 0.8
v 0.7 0.7 -0.8
v 0.7 0.7 -0.9
v 0.7 0.9 0.9
v 0.7 0.9 0.8
v 0.7 1 0.9
v 0.7 1 0.8
v 0.7 1 0.7
v 0.7 1 -0.7
v 0.7 1 -0.8
v 0.7 1 -0.9
v 0.7 1.1 0.8
v 0.7 1.1 0.7
v 0.7 1.1 0.6
v 0.7 1.1 -0.6
v 0.7 1.1 -0.7
v 0.7 1.1 -0.8
v 0.7 1.2 0.7
v 0.7 1.2 0.6
v 0.7 1.2 0.5
v 0.7 1.2 -0.5
v 0.7 1.2 -0.6
v 0.7 1.3 0.7
v 0.7 1.3 0.6
v 0.7 1.3 0.5
v 0.7 1.3 -0.5
v 0.7 1.3 -0.6
v 0.7 1.3 -0.7
v 0.7 1.4 0.6
v 0.7 1.4 0.5
v 0.7 1.4 0.4
v 0.7 1.4 0.3
v 0.7 1.4 -0.3
v 0.7 1.4 -0.5
v 0.7 1.4 -0.6
v 0.7 1.5 0.5
v 0.7 1.5 0.4
v 0.7 1.5 0.3
v 0.7 1.5 0.2
v 0.7 1.5 -0.2
v 0.7 1.5 -0.3
v 0.7 1.5 -0.4
v 0.7 1.5 -0.5
v 0.7 1.6 0.4
v 0.7 1.6 0.3
v 0.7 1.6 0.2
v 0.7 1.6 0
v 0.7 1.6 -0.1
v 0.7 1.6 -0.2
v 0.7 1.6 -0.3
v 0.7 1.6 -0.4
v 0.7 1.7 0.3
v 0.7 1.7 0.2
v 0.7 1.7 -0.1
v 0.7 1.7 -0.2
v 0.7 1.7 -0.3
v 0.7 1.8 0.2
v 0.7 1.8 -0.1
v 0.7 1.8 -0.2
v 0.8 0.7 0.8
v 0.8 0.7 0.7
v 0.8 0.7 -0.7
v 0.8 0.7 -0.8
v 0.8 0.8 0.7
v 0.8 0.9 0.7
v 0.8 1 0.8
v 0.8 1 0.7
v 0.8 1 0.6
v 0.8 1 -0.6
v 0.8 1 -0.7
v 0.8 1 -0.8
v 0.8 1.1 0.7
v 0.8 1.1 0.6
v 0.8 1.1 0.5
v 0.8 1.1 -0.5
v 0.8 1.1 -0.6
v 0.8 1.1 -0.7
v 0.8 1.2 0.6
v 0.8 1.2 0.5
v 0.8 1.2 0.4
v 0.8 1.2 -0.4
v 0.8 1.2 -0.5
v 0.8 1.2 -0.6
v 0.8 1.3 0.4
v 0.8 1.3 0.3
v 0.8 1.3 0.2
v 0.8 1.3 -0.2
v 0.8 1.3 -0.4
v 0.8 1.4 0.5
v 0.8 1.4 0.4
v 0.8 1.4 0.3
v 0.8 1.4 0.2
v 0.8 1.4 0.1
v 0.8 1.4 0
v 0.8 1.4 -0.2
v 0.8 1.4 -0.3
v 0.8 1.4 -0.5
v 0.8 1.5 0.3
v 0.8 1.5 0.2
v 0.8 1.5 0.1
v 0.8 1.5 0
v 0.8 1.5 -0.1
v 0.8 1.5 -0.2
v 0.8 1.5 -0.3
v 0.8 1.6 0.2
v 0.8 1.6 0
v 0.8 1.6 -0.1
v 0.8 1.6 -0.2
v 0.9 0.7 0.7
v 0.9 0.7 0.6
v 0.9 0.7 -0.6
v 0.9 0.7 -0.7
v 0.9 0.8 0.7
v 0.9 0.8 0.6
v 0.9 0.9 0.7
v 0.9 0.9 0.6
v 0.9 0.9 0.5
v 0.9 0.9 -0.5
v 0.9 0.9 -0.6
v 0.9 1 0.7
v 0.9 1 0.6
v 0.9 1 0.5
v 0.9 1 0.4
v 0.9 1 -0.4
v 0.9 1 -0.5
v 0.9 1 -0.6
v 0.9 1 -0.7
v 0.9 1.1 0.6
v 0.9 1.1 0.5
v 0.9 1.1 0.4
v 0.9 1.1 0.3
v 0.9 1.1 0.2
v 0.9 1.1 -0.2
v 0.9 1.1 -0.3
v 0.9 1.1 -0.4
v 0.9 1.1 -0.5
v 0.9 1.1 -0.6
v 0.9 1.2 0.5
v 0.9 1.2 0.4
v 0.9 1.2 0.2
v 0.9 1.2 -0.2
v 0.9 1.2 -0.4
v 0.9 1.2 -0.5
v 0.9 1.3 0.4
v 0.9 1.3 0.2
v 0.9 1.3 -0.2
v 0.9 1.3 -0.4
v 0.9 1.4 0.2
v 0.9 1.4 -0.2
v 1 0.7 0.6
v 1 0.7 0.4
v 1 0.7 -0.4
v 1 0.7 -0.6
v 1 0.8 -0.4
v 1 0.8 -0.5
v 1 0.9 0.6
v 1 0.9 0.5
v 1 0.9 0.4
v 1 0.9 0.2
v 1 0.9 -0.2
v 1 0.9 -0.4
v 1 0.9 -0.5
v 1 0.9 -0.6
v 1 1 0.5
v 1 1 0.4
v 1 1 0.3
v 1 1 0.2
v 1 1 -0.1
v 1 1 -0.2
v 1 1 -0.3
v 1 1 -0.4
v 1 1 -0.5
v 1 1.1 0.4
v 1 1.1 0.3
v 1 1.1 0.2
v 1 1.1 -0.1
v 1 1.1 -0.2
v 1 1.1 -0.3
v 1 1.1 -0.4
v 1 1.2 0.2
v 1 1.2 -0.2
v 1.1 0.7 0.4
v 1.1 0.7 0
v 1.1 0.7 -0.1
v 1.1 0.7 -0.4
v 1.1 0.8 0.2
v 1.1 0.8 0.1
v 1.1 0.9 0.4
v 1.1 0.9 0.2
v 1.1 0.9 0.1
v 1.1 0.9 0
v 1.1 0.9 -0.1
v 1.1 0.9 -0.2
v 1.1 0.9 -0.4
v 1.1 1 0.2
v 1.1 1 -0.1
v 1.1 1 -0.2
v -0.4 0.7 1.1
v -0.4 0.8 1.1
v -0.4 0.9 1.1
v -0.3 0.8 1.1
v -0.3 0.9 1.1
v -0.2 0.9 1.1
v -0.2 1 1.1
v -0.1 0.8 1.1
v -0.1 0.9 1.1
v 0 0.8 1.1
v 0 0.9 1.1
v 0.2 0.9 1.1
v 0.2 1 1.1
v 0.4 0.7 1.1
v 0.4 0.9 1.1
v -0.6 0.7 1
v -0.6 0.9 1
v -0.5 0.9 1
v -0.5 1 1
v -0.4 0.7 1
v -0.4 0.8 1
v -0.4 0.9 1
v -0.4 1 1
v -0.4 1.1 1
v -0.3 0.9 1
v -0.3 1 1
v -0.2 0.9 1
v -0.2 1 1
v -0.2 1.1 1
v -0.2 1.2 1
v 0 1.1 1
v 0 1.2 1
v 0.1 1.1 1
v 0.1 1.2 1
v 0.2 0.9 1
v 0.2 1 1
v 0.2 1.1 1
v 0.2 1.2 1
v 0.4 0.7 1
v 0.4 0.8 1
v 0.4 0.9 1
v 0.4 1 1
v 0.4 1.1 1
v 0.5 0.8 1
v 0.5 0.9 1
v 0.5 1 1
v 0.6 0.7 1
v 0.6 0.9 1
v -0.7 0.7 0.9
v -0.7 1 0.9
v -0.6 0.7 0.9
v -0.6 0.9 0.9
v -0.6 1 0.9
v -0.6 1.1 0.9
v -0.5 0.9 0.9
v -0.5 1 0.9
v -0.5 1.1 0.9
v -0.5 1.2 0.9
v -0.4 1 0.9
v -0.4 1.1 0.9
v -0.4 1.2 0.9
v -0.4 1.3 0.9
v -0.2 1.1 0.9
v -0.2 1.2 0.9
v -0.2 1.3 0.9
v -0.2 1.4 0.9
v 0 1.2 0.9
v 0 1.4 0.9
v 0.1 1.2 0.9
v 0.1 1.4 0.9
v 0.2 1.1 0.9
v 0.2 1.2 0.9
v 0.2 1.3 0.9
v 0.2 1.4 0.9
v 0.3 1.1 0.9
v 0.3 1.2 0.9
v 0.4 1 0.9
v 0.4 1.1 0.9
v 0.4 1.2 0.9
v 0.4 1.3 0.9
v 0.5 0.9 0.9
v 0.5 1 0.9
v 0.5 1.1 0.9
v 0.5 1.2 0.9
v 0.6 0.7 0.9
v 0.6 0.9 0.9
v 0.6 1 0.9
v 0.6 1.1 0.9
v 0.7 0.7 0.9
v 0.7 0.9 0.9
v 0.7 1 0.9
v -0.8 0.7 0.8
v -0.8 0.9 0.8
v -0.8 1 0.8
v -0.7 0.7 0.8
v -0.7 0.9 0.8
v -0.7 1 0.8
v -0.7 1.1 0.8
v -0.6 1 0.8
v -0.6 1.1 0.8
v -0.6 1.2 0.8
v -0.5 1.1 0.8
v -0.5 1.2 0.8
v -0.5 1.3 0.8
v -0.5 1.4 0.8
v -0.4 1.2 0.8
v -0.4 1.3 0.8
v -0.3 1.4 0.8
v -0.3 1.5 0.8
v -0.2 1.3 0.8
v -0.2 1.4 0.8
v -0.2 1.5 0.8
v -0.2 1.6 0.8
v 0 1.4 0.8
v 0.1 1.4 0.8
v 0.1 1.5 0.8
v 0.1 1.6 0.8
v 0.2 1.3 0.8
v 0.2 1.4 0.8
v 0.2 1.5 0.8
v 0.2 1.6 0.8
v 0.3 1.3 0.8
v 0.3 1.4 0.8
v 0.3 1.5 0.8
v 0.4 1.2 0.8
v 0.4 1.3 0.8
v 0.5 1.1 0.8
v 0.5 1.2 0.8
v 0.5 1.3 0.8
v 0.5 1.4 0.8
v 0.6 1 0.8
v 0.6 1.1 0.8
v 0.6 1.2 0.8
v 0.7 0.7 0.8
v 0.7 0.9 0.8
v 0.7 1 0.8
v 0.7 1.1 0.8
v 0.8 0.7 0.8
v 0.8 1 0.8
v -0.9 0.7 0.7
v -0.9 1 0.7
v -0.8 0.7 0.7
v -0.8 0.9 0.7
v -0.8 1 0.7
v -0.8 1.1 0.7
v -0.7 1 0.7
v -0.7 1.1 0.7
v -0.7 1.3 0.7
v -0.6 1.1 0.7
v -0.6 1.2 0.7
v -0.6 1.3 0.7
v -0.6 1.4 0.7
v -0.5 1.2 0.7
v -0.5 1.3 0.7
v -0.5 1.4 0.7
v -0.5 1.5 0.7
v -0.4 1.4 0.7
v -0.4 1.5 0.7
v -0.4 1.6 0.7
v -0.3 1.4 0.7
v -0.3 1.5 0.7
v -0.3 1.6 0.7
v -0.3 1.7 0.7
v -0.2 1.5 0.7
v -0.2 1.6 0.7
v -0.2 1.7 0.7
v -0.2 1.8 0.7
v -0.1 1.6 0.7
v -0.1 1.7 0.7
v 0 1.6 0.7
v 0 1.7 0.7
v 0.1 1.6 0.7
v 0.2 1.5 0.7
v 0.2 1.6 0.7
v 0.2 1.7 0.7
v 0.2 1.8 0.7
v 0.3 1.4 0.7
v 0.3 1.5 0.7
v 0.3 1.6 0.7
v 0.3 1.7 0.7
v 0.4 1.5 0.7
v 0.4 1.6 0.7
v 0.5 1.2 0.7
v 0.5 1.3 0.7
v 0.5 1.4 0.7
v 0.5 1.5 0.7
v 0.6 1.1 0.7
v 0.6 1.2 0.7
v 0.6 1.3 0.7
v 0.6 1.4 0.7
v 0.7 1 0.7
v 0.7 1.1 0.7
v 0.7 1.2 0.7
v 0.7 1.3 0.7
v 0.8 0.7 0.7
v 0.8 0.8 0.7
v 0.8 0.9 0.7
v 0.8 1 0.7
v 0.8 1.1 0.7
v 0.9 0.7 0.7
v 0.9 0.8 0.7
v 0.9 0.9 0.7
v 0.9 1 0.7
v -1 0.7 0.6
v -1 0.9 0.6
v -0.9 0.7 0.6
v -0.9 0.9 0.6
v -0.9 1 0.6
v -0.9 1.1 0.6
v -0.8 1 0.6
v -0.8 1.1 0.6
v -0.8 1.2 0.6
v -0.7 1.1 0.6
v -0.7 1.2 0.6
v -0.7 1.3 0.6
v -0.7 1.4 0.6
v -0.6 1.3 0.6
v -0.6 1.4 0.6
v -0.6 1.5 0.6
v -0.5 1.4 0.6
v -0.5 1.5 0.6
v -0.5 1.7 0.6
v -0.4 1.5 0.6
v -0.4 1.6 0.6
v -0.4 1.7 0.6
v -0.4 1.8 0.6
v -0.3 1.6 0.6
v -0.3 1.7 0.6
v -0.3 1.8 0.6
v -0.3 1.9 0.6
v -0.2 1.7 0.6
v -0.2 1.8 0.6
v -0.2 1.9 0.6
v -0.2 2 0.6
v 0 1.8 0.6
v 0 1.9 0.6
v 0.1 1.8 0.6
v 0.1 1.9 0.6
v 0.2 1.7 0.6
v 0.2 1.8 0.6
v 0.2 1.9 0.6
v 0.2 2 0.6
v 0.3 1.6 0.6
v 0.3 1.7 0.6
v 0.3 1.8 0.6
v 0.3 1.9 0.6
v 0.4 1.5 0.6
v 0.4 1.6 0.6
v 0.4 1.7 0.6
v 0.4 1.8 0.6
v 0.5 1.4 0.6
v 0.5 1.5 0.6
v 0.5 1.7 0.6
v 0.6 1.3 0.6
v 0.6 1.4 0.6
v 0.6 1.5 0.6
v 0.7 1.1 0.6
v 0.7 1.2 0.6
v 0.7 1.3 0.6
v 0.7 1.4 0.6
v 0.8 1 0.6
v 0.8 1.1 0.6
v 0.8 1.2 0.6
v 0.9 0.7 0.6
v 0.9 0.8 0.6
v 0.9 0.9 0.6
v 0.9 1 0.6
v 0.9 1.1 0.6
v 1 0.7 0.6
v 1 0.9 0.6
v -1 0.9 0.5
v -1 1 0.5
v -0.9 0.9 0.5
v -0.9 1 0.5
v -0.9 1.1 0.5
v -0.9 1.2 0.5
v -0.8 1.1 0.5
v -0.8 1.2 0.5
v -0.8 1.3 0.5
v -0.8 1.4 0.5
v -0.7 1.2 0.5
v -0.7 1.3 0.5
v -0.7 1.4 0.5
v -0.7 1.5 0.5
v -0.6 1.4 0.5
v -0.6 1.5 0.5
v -0.6 1.7 0.5
v -0.5 1.5 0.5
v -0.5 1.7 0.5
v -0.5 1.8 0.5
v -0.4 1.7 0.5
v -0.4 1.8 0.5
v -0.4 2 0.5
v -0.3 1.8 0.5
v -0.3 1.9 0.5
v -0.3 2 0.5
v -0.3 2.1 0.5
v -0.2 1.9 0.5
v -0.2 2 0.5
v -0.2 2.1 0.5
v -0.2 2.2 0.5
v -0.1 2.1 0.5
v -0.1 2.2 0.5
v 0.1 2 0.5
v 0.1 2.1 0.5
v 0.1 2.2 0.5
v 0.2 1.9 0.5
v 0.2 2 0.5
v 0.2 2.1 0.5
v 0.2 2.2 0.5
v 0.3 1.8 0.5
v 0.3 1.9 0.5
v 0.3 2 0.5
v 0.3 2.1 0.5
v 0.4 1.7 0.5
v 0.4 1.8 0.5
v 0.4 2 0.5
v 0.5 1.5 0.5
v 0.5 1.7 0.5
v 0.5 1.8 0.5
v 0.6 1.4 0.5
v 0.6 1.5 0.5
v 0.6 1.7 0.5
v 0.7 1.2 0.5
v 0.7 1.3 0.5
v 0.7 1.4 0.5
v 0.7 1.5 0.5
v 0.8 1.1 0.5
v 0.8 1.2 0.5
v 0.8 1.4 0.5
v 0.9 0.9 0.5
v 0.9 1 0.5
v 0.9 1.1 0.5
v 0.9 1.2 0.5
v 1 0.9 0.5
v 1 1 0.5
v -1.1 0.7 0.4
v -1.1 0.9 0.4
v -1 0.7 0.4
v -1 0.9 0.4
v -1 1 0.4
v -1 1.1 0.4
v -0.9 1 0.4
v -0.9 1.1 0.4
v -0.9 1.2 0.4
v -0.9 1.3 0.4
v -0.8 1.2 0.4
v -0.8 1.3 0.4
v -0.7 1.5 0.4
v -0.7 1.6 0.4
v -0.6 1.5 0.4
v -0.6 1.6 0.4
v -0.6 1.7 0.4
v -0.6 1.8 0.4
v -0.5 1.7 0.4
v -0.5 1.8 0.4
v -0.5 2 0.4
v -0.4 1.8 0.4
v -0.4 2 0.4
v -0.4 2.1 0.4
v -0.3 2 0.4
v -0.3 2.1 0.4
v -0.3 2.2 0.4
v -0.2 0 0.4
v -0.2 0.7 0.4
v -0.2 0.8 0.4
v -0.2 2.1 0.4
v -0.2 2.2 0.4
v -0.2 2.3 0.4
v -0.1 2.2 0.4
v -0.1 2.3 0.4
v -0.1 2.4 0.4
v 0 2.3 0.4
v 0 2.4 0.4
v 0.1 2.2 0.4
v 0.1 2.3 0.4
v 0.1 2.4 0.4
v 0.2 0 0.4
v 0.2 0.7 0.4
v 0.2 0.8 0.4
v 0.2 2.1 0.4
v 0.2 2.2 0.4
v 0.2 2.3 0.4
v 0.3 2 0.4
v 0.3 2.1 0.4
v 0.3 2.2 0.4
v 0.4 1.8 0.4
v 0.4 2 0.4
v 0.4 2.1 0.4
v 0.5 1.7 0.4
v 0.5 1.8 0.4
v 0.5 2 0.4
v 0.6 1.5 0.4
v 0.6 1.6 0.4
v 0.6 1.7 0.4
v 0.6 1.8 0.4
v 0.7 1.5 0.4
v 0.7 1.6 0.4
v 0.8 1.2 0.4
v 0.8 1.3 0.4
v 0.9 1 0.4
v 0.9 1.1 0.4
v 0.9 1.2 0.4
v 0.9 1.3 0.4
v 1 0.7 0.4
v 1 0.9 0.4
v 1 1 0.4
v 1 1.1 0.4
v 1.1 0.7 0.4
v 1.1 0.9 0.4
v -0.8 1.4 0.3
v -0.8 1.5 0.3
v -0.7 1.4 0.3
v -0.7 1.5 0.3
v -0.7 1.6 0.3
v -0.7 1.7 0.3
v -0.6 1.6 0.3
v -0.6 1.7 0.3
v -0.6 1.8 0.3
v -0.6 1.9 0.3
v -0.5 1.8 0.3
v -0.5 1.9 0.3
v -0.5 2 0.3
v -0.5 2.1 0.3
v -0.4 2 0.3
v -0.4 2.1 0.3
v -0.4 2.2 0.3
v -0.3 0 0.3
v -0.3 0.7 0.3
v -0.3 0.8 0.3
v -0.3 2.1 0.3
v -0.3 2.2 0.3
v -0.3 2.3 0.3
v -0.3 2.4 0.3
v -0.2 0 0.3
v -0.2 0.7 0.3
v -0.2 0.8 0.3
v -0.2 2.2 0.3
v -0.2 2.3 0.3
v -0.2 2.4 0.3
v -0.2 2.5 0.3
v -0.1 2.3 0.3
v -0.1 2.4 0.3
v -0.1 2.5 0.3
v -0.1 2.6 0.3
v 0 2.4 0.3
v 0.1 2.3 0.3
v 0.1 2.4 0.3
v 0.1 2.5 0.3
v 0.1 2.6 0.3
v 0.2 0 0.3
v 0.2 0.7 0.3
v 0.2 0.8 0.3
v 0.2 2.2 0.3
v 0.2 2.3 0.3
v 0.2 2.4 0.3
v 0.2 2.5 0.3
v 0.3 0 0.3
v 0.3 0.7 0.3
v 0.3 0.8 0.3
v 0.3 2.1 0.3
v 0.3 2.2 0.3
v 0.3 2.4 0.3
v 0.4 2 0.3
v 0.4 2.1 0.3
v 0.4 2.2 0.3
v 0.5 1.8 0.3
v 0.5 1.9 0.3
v 0.5 2 0.3
v 0.5 2.1 0.3
v 0.6 1.6 0.3
v 0.6 1.7 0.3
v 0.6 1.8 0.3
v 0.6 1.9 0.3
v 0.7 1.4 0.3
v 0.7 1.5 0.3
v 0.7 1.6 0.3
v 0.7 1.7 0.3
v 0.8 1.4 0.3
v 0.8 1.5 0.3
v -1.1 0.9 0.2
v -1.1 1 0.2
v -1 0.9 0.2
v -1 1 0.2
v -1 1.1 0.2
v -1 1.2 0.2
v -0.9 1.1 0.2
v -0.9 1.2 0.2
v -0.9 1.3 0.2
v -0.9 1.4 0.2
v -0.8 1.3 0.2
v -0.8 1.4 0.2
v -0.8 1.5 0.2
v -0.8 1.6 0.2
v -0.7 1.5 0.2
v -0.7 1.6 0.2
v -0.7 1.7 0.2
v -0.7 1.8 0.2
v -0.6 1.7 0.2
v -0.6 1.8 0.2
v -0.6 1.9 0.2
v -0.6 2 0.2
v -0.5 1.9 0.2
v -0.5 2 0.2
v -0.5 2.1 0.2
v -0.5 2.2 0.2
v -0.4 0 0.2
v -0.4 0.7 0.2
v -0.4 0.8 0.2
v -0.4 2.1 0.2
v -0.4 2.2 0.2
v -0.4 2.3 0.2
v -0.3 0 0.2
v -0.3 0.7 0.2
v -0.3 0.8 0.2
v -0.3 2.2 0.2
v -0.3 2.3 0.2
v -0.3 2.4 0.2
v -0.3 2.5 0.2
v -0.2 2.4 0.2
v -0.2 2.5 0.2
v -0.2 2.7 0.2
v -0.1 2.5 0.2
v -0.1 2.6 0.2
v -0.1 2.7 0.2
v -0.1 2.8 0.2
v 0 2.6 0.2
v 0 2.7 0.2
v 0.1 2.5 0.2
v 0.1 2.6 0.2
v 0.1 2.7 0.2
v 0.1 2.8 0.2
v 0.2 2.4 0.2
v 0.2 2.5 0.2
v 0.2 2.7 0.2
v 0.3 0 0.2
v 0.3 0.7 0.2
v 0.3 0.8 0.2
v 0.3 2.2 0.2
v 0.3 2.3 0.2
v 0.3 2.4 0.2
v 0.3 2.5 0.2
v 0.4 0 0.2
v 0.4 0.7 0.2
v 0.4 0.8 0.2
v 0.4 2.1 0.2
v 0.4 2.2 0.2
v 0.4 2.3 0.2
v 0.5 1.9 0.2
v 0.5 2 0.2
v 0.5 2.1 0.2
v 0.5 2.2 0.2
v 0.6 1.7 0.2
v 0.6 1.8 0.2
v 0.6 1.9 0.2
v 0.6 2 0.2
v 0.7 1.5 0.2
v 0.7 1.6 0.2
v 0.7 1.7 0.2
v 0.7 1.8 0.2
v 0.8 1.3 0.2
v 0.8 1.4 0.2
v 0.8 1.5 0.2
v 0.8 1.6 0.2
v 0.9 1.1 0.2
v 0.9 1.2 0.2
v 0.9 1.3 0.2
v 0.9 1.4 0.2
v 1 0.9 0.2
v 1 1 0.2
v 1 1.1 0.2
v 1 1.2 0.2
v 1.1 0.9 0.2
v 1.1 1 0.2
v -0.4 2.3 0.1
v -0.4 2.4 0.1
v -0.3 2.3 0.1
v -0.3 2.4 0.1
v -0.3 2.5 0.1
v -0.3 2.6 0.1
v -0.2 2.5 0.1
v -0.2 2.6 0.1
v -0.2 2.7 0.1
v -0.2 2.8 0.1
v -0.1 2.7 0.1
v -0.1 2.8 0.1
v -0.1 2.9 0.1
v 0.1 2.7 0.1
v 0.1 2.8 0.1
v 0.1 2.9 0.1
v 0.2 2.5 0.1
v 0.2 2.6 0.1
v 0.2 2.7 0.1
v 0.2 2.8 0.1
v 0.3 2.3 0.1
v 0.3 2.4 0.1
v 0.3 2.5 0.1
v 0.3 2.6 0.1
v 0.4 2.3 0.1
v 0.4 2.4 0.1
v -0.6 0.7 -0.3
v -0.6 0.8 -0.3
v -0.5 0.7 -0.3
v -0.5 0.8 -0.3
v 0.5 0.7 -0.3
v 0.5 0.8 -0.3
v 0.6 0.7 -0.3
v 0.6 0.8 -0.3
v -0.5 0.7 -0.4
v -0.5 0.8 -0.4
v -0.4 0.7 -0.4
v -0.4 0.8 -0.4
v 0.4 0.7 -0.4
v 0.4 0.8 -0.4
v 0.5 0.7 -0.4
v 0.5 0.8 -0.4
v -0.4 0.7 -0.5
v -0.4 0.8 -0.5
v -0.3 0.7 -0.5
v -0.3 0.8 -0.5
v 0.3 0.7 -0.5
v 0.3 0.8 -0.5
v 0.4 0.7 -0.5
v 0.4 0.8 -0.5
v -0.3 0.7 -0.6
v -0.3 0.8 -0.6
v 0.3 0.7 -0.6
v 0.3 0.8 -0.6
v -0.3 0.7 0.6
v -0.3 0.8 0.6
v 0.3 0.7 0.6
v 0.3 0.8 0.6
v -0.4 0.7 0.5
v -0.4 0.8 0.5
v -0.3 0.7 0.5
v -0.3 0.8 0.5
v 0.3 0.7 0.5
v 0.3 0.8 0.5
v 0.4 0.7 0.5
v 0.4 0.8 0.5
v -0.5 0.7 0.4
v -0.5 0.8 0.4
v -0.4 0.7 0.4
v -0.4 0.8 0.4
v 0.4 0.7 0.4
v 0.4 0.8 0.4
v 0.5 0.7 0.4
v 0.5 0.8 0.4
v -0.6 0.7 0.3
v -0.6 0.8 0.3
v -0.5 0.7 0.3
v -0.5 0.8 0.3
v 0.5 0.7 0.3
v 0.5 0.8 0.3
v 0.6 0.7 0.3
v 0.6 0.8 0.3
v -0.4 2.3 -0.1
v -0.4 2.4 -0.1
v -0.3 2.3 -0.1
v -0.3 2.4 -0.1
v -0.3 2.5 -0.1
v -0.3 2.6 -0.1
v -0.2 2.5 -0.1
v -0.2 2.6 -0.1
v -0.2 2.7 -0.1
v -0.2 2.8 -0.1
v -0.1 2.7 -0.1
v -0.1 2.8 -0.1
v -0.1 2.9 -0.1
v 0.1 2.7 -0.1
v 0.1 2.8 -0.1
v 0.1 2.9 -0.1
v 0.2 2.5 -0.1
v 0.2 2.6 -0.1
v 0.2 2.7 -0.1
v 0.2 2.8 -0.1
v 0.3 2.3 -0.1
v 0.3 2.4 -0.1
v 0.3 2.5 -0.1
v 0.3 2.6 -0.1
v 0.4 2.3 -0.1
v 0.4 2.4 -0.1
v -1.1 0.9 -0.2
v -1.1 1 -0.2
v -1 0.9 -0.2
v -1 1 -0.2
v -1 1.1 -0.2
v -1 1.2 -0.2
v -0.9 1.1 -0.2
v -0.9 1.2 -0.2
v -0.9 1.3 -0.2
v -0.9 1.4 -0.2
v -0.8 1.3 -0.2
v -0.8 1.4 -0.2
v -0.8 1.5 -0.2
v -0.8 1.6 -0.2
v -0.7 1.5 -0.2
v -0.7 1.6 -0.2
v -0.7 1.7 -0.2
v -0.7 1.8 -0.2
v -0.6 1.7 -0.2
v -0.6 1.8 -0.2
v -0.6 1.9 -0.2
v -0.6 2 -0.2
v -0.5 1.9 -0.2
v -0.5 2 -0.2
v -0.5 2.1 -0.2
v -0.5 2.2 -0.2
v -0.4 0 -0.2
v -0.4 0.7 -0.2
v -0.4 0.8 -0.2
v -0.4 2.1 -0.2
v -0.4 2.2 -0.2
v -0.4 2.3 -0.2
v -0.3 0 -0.2
v -0.3 0.7 -0.2
v -0.3 0.8 -0.2
v -0.3 2.2 -0.2
v -0.3 2.3 -0.2
v -0.3 2.4 -0.2
v -0.3 2.5 -0.2
v -0.2 2.4 -0.2
v -0.2 2.5 -0.2
v -0.2 2.7 -0.2
v -0.1 2.5 -0.2
v -0.1 2.6 -0.2
v -0.1 2.7 -0.2
v -0.1 2.8 -0.2
v 0 2.6 -0.2
v 0.1 2.5 -0.2
v 0.1 2.6 -0.2
v 0.1 2.7 -0.2
v 0.1 2.8 -0.2
v 0.2 2.4 -0.2
v 0.2 2.5 -0.2
v 0.2 2.6 -0.2
v 0.2 2.7 -0.2
v 0.3 0 -0.2
v 0.3 0.7 -0.2
v 0.3 0.8 -0.2
v 0.3 2.2 -0.2
v 0.3 2.3 -0.2
v 0.3 2.4 -0.2
v 0.3 2.5 -0.2
v 0.4 0 -0.2
v 0.4 0.7 -0.2
v 0.4 0.8 -0.2
v 0.4 2.1 -0.2
v 0.4 2.2 -0.2
v 0.4 2.3 -0.2
v 0.5 1.9 -0.2
v 0.5 2 -0.2
v 0.5 2.1 -0.2
v 0.5 2.2 -0.2
v 0.6 1.7 -0.2
v 0.6 1.8 -0.2
v 0.6 1.9 -0.2
v 0.6 2 -0.2
v 0.7 1.5 -0.2
v 0.7 1.6 -0.2
v 0.7 1.7 -0.2
v 0.7 1.8 -0.2
v 0.8 1.3 -0.2
v 0.8 1.4 -0.2
v 0.8 1.5 -0.2
v 0.8 1.6 -0.2
v 0.9 1.1 -0.2
v 0.9 1.2 -0.2
v 0.9 1.3 -0.2
v 0.9 1.4 -0.2
v 1 0.9 -0.2
v 1 1 -0.2
v 1 1.1 -0.2
v 1 1.2 -0.2
v 1.1 0.9 -0.2
v 1.1 1 -0.2
v -0.8 1.4 -0.3
v -0.8 1.5 -0.3
v -0.7 1.4 -0.3
v -0.7 1.5 -0.3
v -0.7 1.6 -0.3
v -0.7 1.7 -0.3
v -0.6 1.6 -0.3
v -0.6 1.7 -0.3
v -0.6 1.8 -0.3
v -0.6 1.9 -0.3
v -0.5 1.8 -0.3
v -0.5 1.9 -0.3
v -0.5 2 -0.3
v -0.5 2.1 -0.3
v -0.4 2 -0.3
v -0.4 2.1 -0.3
v -0.4 2.2 -0.3
v -0.3 0 -0.3
v -0.3 0.7 -0.3
v -0.3 0.8 -0.3
v -0.3 2.1 -0.3
v -0.3 2.2 -0.3
v -0.3 2.4 -0.3
v -0.2 0 -0.3
v -0.2 0.7 -0.3
v -0.2 0.8 -0.3
v -0.2 2.2 -0.3
v -0.2 2.3 -0.3
v -0.2 2.4 -0.3
v -0.2 2.5 -0.3
v -0.1 2.3 -0.3
v -0.1 2.4 -0.3
v -0.1 2.5 -0.3
v -0.1 2.6 -0.3
v 0 2.5 -0.3
v 0 2.6 -0.3
v 0.1 2.3 -0.3
v 0.1 2.4 -0.3
v 0.1 2.5 -0.3
v 0.1 2.6 -0.3
v 0.2 0 -0.3
v 0.2 0.7 -0.3
v 0.2 0.8 -0.3
v 0.2 2.2 -0.3
v 0.2 2.3 -0.3
v 0.2 2.4 -0.3
v 0.2 2.5 -0.3
v 0.3 0 -0.3
v 0.3 0.7 -0.3
v 0.3 0.8 -0.3
v 0.3 2.1 -0.3
v 0.3 2.2 -0.3
v 0.3 2.3 -0.3
v 0.3 2.4 -0.3
v 0.4 2 -0.3
v 0.4 2.1 -0.3
v 0.4 2.2 -0.3
v 0.5 1.8 -0.3
v 0.5 1.9 -0.3
v 0.5 2 -0.3
v 0.5 2.1 -0.3
v 0.6 1.6 -0.3
v 0.6 1.7 -0.3
v 0.6 1.8 -0.3
v 0.6 1.9 -0.3
v 0.7 1.4 -0.3
v 0.7 1.5 -0.3
v 0.7 1.6 -0.3
v 0.7 1.7 -0.3
v 0.8 1.4 -0.3
v 0.8 1.5 -0.3
v -1.1 0.7 -0.4
v -1.1 0.9 -0.4
v -1 0.7 -0.4
v -1 0.9 -0.4
v -1 1 -0.4
v -1 1.1 -0.4
v -0.9 1 -0.4
v -0.9 1.1 -0.4
v -0.9 1.2 -0.4
v -0.9 1.3 -0.4
v -0.8 1.2 -0.4
v -0.8 1.3 -0.4
v -0.7 1.5 -0.4
v -0.7 1.6 -0.4
v -0.6 1.5 -0.4
v -0.6 1.6 -0.4
v -0.6 1.7 -0.4
v -0.6 1.8 -0.4
v -0.5 1.7 -0.4
v -0.5 1.8 -0.4
v -0.5 1.9 -0.4
v -0.5 2 -0.4
v -0.4 1.8 -0.4
v -0.4 1.9 -0.4
v -0.4 2 -0.4
v -0.4 2.1 -0.4
v -0.3 2 -0.4
v -0.3 2.1 -0.4
v -0.3 2.2 -0.4
v -0.2 0 -0.4
v -0.2 0.7 -0.4
v -0.2 0.8 -0.4
v -0.2 2.1 -0.4
v -0.2 2.2 -0.4
v -0.2 2.3 -0.4
v -0.1 2.2 -0.4
v -0.1 2.3 -0.4
v -0.1 2.4 -0.4
v 0 2.2 -0.4
v 0 2.3 -0.4
v 0.1 2.3 -0.4
v 0.1 2.4 -0.4
v 0.2 0 -0.4
v 0.2 0.7 -0.4
v 0.2 0.8 -0.4
v 0.2 2.1 -0.4
v 0.2 2.2 -0.4
v 0.2 2.3 -0.4
v 0.3 2 -0.4
v 0.3 2.1 -0.4
v 0.3 2.2 -0.4
v 0.4 1.8 -0.4
v 0.4 1.9 -0.4
v 0.4 2 -0.4
v 0.4 2.1 -0.4
v 0.5 1.7 -0.4
v 0.5 1.8 -0.4
v 0.5 2 -0.4
v 0.6 1.5 -0.4
v 0.6 1.6 -0.4
v 0.6 1.7 -0.4
v 0.6 1.8 -0.4
v 0.7 1.5 -0.4
v 0.7 1.6 -0.4
v 0.8 1.2 -0.4
v 0.8 1.3 -0.4
v 0.9 1 -0.4
v 0.9 1.1 -0.4
v 0.9 1.2 -0.4
v 0.9 1.3 -0.4
v 1 0.7 -0.4
v 1 0.8 -0.4
v 1 0.9 -0.4
v 1 1 -0.4
v 1 1.1 -0.4
v 1.1 0.7 -0.4
v 1.1 0.9 -0.4
v -1 0.9 -0.5
v -1 1 -0.5
v -0.9 0.9 -0.5
v -0.9 1 -0.5
v -0.9 1.1 -0.5
v -0.9 1.2 -0.5
v -0.8 1.1 -0.5
v -0.8 1.2 -0.5
v -0.8 1.4 -0.5
v -0.7 1.2 -0.5
v -0.7 1.3 -0.5
v -0.7 1.4 -0.5
v -0.7 1.5 -0.5
v -0.6 1.4 -0.5
v -0.6 1.5 -0.5
v -0.6 1.6 -0.5
v -0.6 1.7 -0.5
v -0.5 1.5 -0.5
v -0.5 1.6 -0.5
v -0.5 1.7 -0.5
v -0.5 1.8 -0.5
v -0.4 1.7 -0.5
v -0.4 1.8 -0.5
v -0.4 1.9 -0.5
v -0.4 2 -0.5
v -0.3 1.8 -0.5
v -0.3 1.9 -0.5
v -0.3 2 -0.5
v -0.3 2.1 -0.5
v -0.2 1.9 -0.5
v -0.2 2 -0.5
v -0.2 2.1 -0.5
v -0.2 2.2 -0.5
v -0.1 2 -0.5
v -0.1 2.1 -0.5
v -0.1 2.2 -0.5
v 0 2 -0.5
v 0 2.1 -0.5
v 0 2.2 -0.5
v 0.2 1.9 -0.5
v 0.2 2 -0.5
v 0.2 2.1 -0.5
v 0.2 2.2 -0.5
v 0.3 1.8 -0.5
v 0.3 1.9 -0.5
v 0.3 2 -0.5
v 0.3 2.1 -0.5
v 0.4 1.7 -0.5
v 0.4 1.8 -0.5
v 0.4 1.9 -0.5
v 0.4 2 -0.5
v 0.5 1.5 -0.5
v 0.5 1.6 -0.5
v 0.5 1.7 -0.5
v 0.5 1.8 -0.5
v 0.6 1.4 -0.5
v 0.6 1.5 -0.5
v 0.6 1.6 -0.5
v 0.6 1.7 -0.5
v 0.7 1.2 -0.5
v 0.7 1.3 -0.5
v 0.7 1.4 -0.5
v 0.7 1.5 -0.5
v 0.8 1.1 -0.5
v 0.8 1.2 -0.5
v 0.8 1.4 -0.5
v 0.9 0.9 -0.5
v 0.9 1 -0.5
v 0.9 1.1 -0.5
v 0.9 1.2 -0.5
v 1 0.9 -0.5
v 1 1 -0.5
v -1 0.7 -0.6
v -1 0.9 -0.6
v -0.9 0.7 -0.6
v -0.9 0.9 -0.6
v -0.9 1 -0.6
v -0.9 1.1 -0.6
v -0.8 1 -0.6
v -0.8 1.1 -0.6
v -0.8 1.2 -0.6
v -0.7 1.1 -0.6
v -0.7 1.2 -0.6
v -0.7 1.3 -0.6
v -0.7 1.4 -0.6
v -0.6 1.3 -0.6
v -0.6 1.4 -0.6
v -0.6 1.5 -0.6
v -0.5 1.4 -0.6
v -0.5 1.5 -0.6
v -0.5 1.6 -0.6
v -0.5 1.7 -0.6
v -0.4 1.5 -0.6
v -0.4 1.6 -0.6
v -0.4 1.7 -0.6
v -0.4 1.8 -0.6
v -0.3 1.6 -0.6
v -0.3 1.7 -0.6
v -0.3 1.8 -0.6
v -0.3 1.9 -0.6
v -0.2 1.7 -0.6
v -0.2 1.8 -0.6
v -0.2 1.9 -0.6
v -0.2 2 -0.6
v -0.1 1.9 -0.6
v -0.1 2 -0.6
v 0 1.9 -0.6
v 0 2 -0.6
v 0.1 1.8 -0.6
v 0.2 1.7 -0.6
v 0.2 1.8 -0.6
v 0.2 1.9 -0.6
v 0.2 2 -0.6
v 0.3 1.6 -0.6
v 0.3 1.7 -0.6
v 0.3 1.8 -0.6
v 0.3 1.9 -0.6
v 0.4 1.5 -0.6
v 0.4 1.6 -0.6
v 0.4 1.7 -0.6
v 0.4 1.8 -0.6
v 0.5 1.4 -0.6
v 0.5 1.5 -0.6
v 0.5 1.6 -0.6
v 0.5 1.7 -0.6
v 0.6 1.3 -0.6
v 0.6 1.4 -0.6
v 0.6 1.5 -0.6
v 0.7 1.1 -0.6
v 0.7 1.2 -0.6
v 0.7 1.3 -0.6
v 0.7 1.4 -0.6
v 0.8 1 -0.6
v 0.8 1.1 -0.6
v 0.8 1.2 -0.6
v 0.9 0.7 -0.6
v 0.9 0.9 -0.6
v 0.9 1 -0.6
v 0.9 1.1 -0.6
v 1 0.7 -0.6
v 1 0.9 -0.6
v -0.9 0.7 -0.7
v -0.9 1 -0.7
v -0.8 0.7 -0.7
v -0.8 1 -0.7
v -0.8 1.1 -0.7
v -0.7 1 -0.7
v -0.7 1.1 -0.7
v -0.7 1.2 -0.7
v -0.7 1.3 -0.7
v -0.6 1.1 -0.7
v -0.6 1.2 -0.7
v -0.6 1.3 -0.7
v -0.6 1.4 -0.7
v -0.5 1.2 -0.7
v -0.5 1.4 -0.7
v -0.5 1.5 -0.7
v -0.4 1.5 -0.7
v -0.4 1.6 -0.7
v -0.3 1.4 -0.7
v -0.3 1.5 -0.7
v -0.3 1.6 -0.7
v -0.3 1.7 -0.7
v -0.2 1.5 -0.7
v -0.2 1.6 -0.7
v -0.2 1.7 -0.7
v -0.2 1.8 -0.7
v -0.1 1.6 -0.7
v -0.1 1.7 -0.7
v 0 1.6 -0.7
v 0 1.7 -0.7
v 0.1 1.7 -0.7
v 0.1 1.8 -0.7
v 0.2 1.5 -0.7
v 0.2 1.6 -0.7
v 0.2 1.7 -0.7
v 0.2 1.8 -0.7
v 0.3 1.4 -0.7
v 0.3 1.5 -0.7
v 0.3 1.6 -0.7
v 0.3 1.7 -0.7
v 0.4 1.4 -0.7
v 0.4 1.5 -0.7
v 0.4 1.6 -0.7
v 0.5 1.2 -0.7
v 0.5 1.4 -0.7
v 0.5 1.5 -0.7
v 0.6 1.1 -0.7
v 0.6 1.2 -0.7
v 0.6 1.3 -0.7
v 0.6 1.4 -0.7
v 0.7 1 -0.7
v 0.7 1.1 -0.7
v 0.7 1.3 -0.7
v 0.8 0.7 -0.7
v 0.8 1 -0.7
v 0.8 1.1 -0.7
v 0.9 0.7 -0.7
v 0.9 1 -0.7
v -0.8 0.7 -0.8
v -0.8 1 -0.8
v -0.7 0.7 -0.8
v -0.7 0.8 -0.8
v -0.7 0.9 -0.8
v -0.7 1 -0.8
v -0.7 1.1 -0.8
v -0.6 1 -0.8
v -0.6 1.1 -0.8
v -0.6 1.2 -0.8
v -0.5 1.1 -0.8
v -0.5 1.2 -0.8
v -0.5 1.4 -0.8
v -0.4 1.2 -0.8
v -0.4 1.3 -0.8
v -0.3 1.4 -0.8
v -0.3 1.5 -0.8
v -0.2 1.3 -0.8
v -0.2 1.4 -0.8
v -0.2 1.5 -0.8
v -0.2 1.6 -0.8
v -0.1 1.5 -0.8
v -0.1 1.6 -0.8
v 0.2 1.3 -0.8
v 0.2 1.4 -0.8
v 0.2 1.5 -0.8
v 0.2 1.6 -0.8
v 0.3 1.4 -0.8
v 0.3 1.5 -0.8
v 0.4 1.2 -0.8
v 0.4 1.3 -0.8
v 0.5 1.1 -0.8
v 0.5 1.2 -0.8
v 0.5 1.4 -0.8
v 0.6 1 -0.8
v 0.6 1.1 -0.8
v 0.6 1.2 -0.8
v 0.7 0.7 -0.8
v 0.7 1 -0.8
v 0.7 1.1 -0.8
v 0.8 0.7 -0.8
v 0.8 1 -0.8
v -0.7 0.7 -0.9
v -0.7 0.8 -0.9
v -0.7 0.9 -0.9
v -0.7 1 -0.9
v -0.6 0.7 -0.9
v -0.6 0.8 -0.9
v -0.6 0.9 -0.9
v -0.6 1 -0.9
v -0.6 1.1 -0.9
v -0.5 0.9 -0.9
v -0.5 1 -0.9
v -0.5 1.1 -0.9
v -0.5 1.2 -0.9
v -0.4 1 -0.9
v -0.4 1.1 -0.9
v -0.4 1.2 -0.9
v -0.4 1.3 -0.9
v -0.2 1.1 -0.9
v -0.2 1.2 -0.9
v -0.2 1.3 -0.9
v -0.2 1.4 -0.9
v -0.1 1.2 -0.9
v 0 1.2 -0.9
v 0.2 1.1 -0.9
v 0.2 1.2 -0.9
v 0.2 1.3 -0.9
v 0.2 1.4 -0.9
v 0.3 1.1 -0.9
v 0.3 1.2 -0.9
v 0.4 1 -0.9
v 0.4 1.1 -0.9
v 0.4 1.2 -0.9
v 0.4 1.3 -0.9
v 0.5 0.9 -0.9
v 0.5 1 -0.9
v 0.5 1.1 -0.9
v 0.5 1.2 -0.9
v 0.6 0.7 -0.9
v 0.6 0.9 -0.9
v 0.6 1 -0.9
v 0.6 1.1 -0.9
v 0.7 0.7 -0.9
v 0.7 1 -0.9
v -0.6 0.7 -1
v -0.6 0.9 -1
v -0.5 0.9 -1
v -0.5 1 -1
v -0.4 0.7 -1
v -0.4 0.9 -1
v -0.4 1 -1
v -0.4 1.1 -1
v -0.2 0.9 -1
v -0.2 1 -1
v -0.2 1.1 -1
v -0.2 1.2 -1
v -0.1 1 -1
v -0.1 1.1 -1
v -0.1 1.2 -1
v 0 1.1 -1
v 0 1.2 -1
v 0.1 1 -1
v 0.2 0.9 -1
v 0.2 1 -1
v 0.2 1.1 -1
v 0.2 1.2 -1
v 0.4 0.7 -1
v 0.4 0.9 -1
v 0.4 1 -1
v 0.4 1.1 -1
v 0.5 0.9 -1
v 0.5 1 -1
v 0.6 0.7 -1
v 0.6 0.9 -1
v -0.4 0.7 -1.1
v -0.4 0.9 -1.1
v -0.2 0.9 -1.1
v -0.2 1 -1.1
v -0.1 0.9 -1.1
v -0.1 1 -1.1
v 0.1 0.9 -1.1
v 0.1 1 -1.1
v 0.2 0.9 -1.1
v 0.2 1 -1.1
v 0.4 0.7 -1.1
v 0.4 0.9 -1.1
v -0.2 0 0.4
v 0.2 0 0.4
v -0.3 0 0.3
v -0.2 0 0.3
v 0.2 0 0.3
v 0.3 0 0.3
v -0.4 0 0.2
v -0.3 0 0.2
v 0.3 0 0.2
v 0.4 0 0.2
v -0.4 0 -0.2
v -0.3 0 -0.2
v 0.3 0 -0.2
v 0.4 0 -0.2
v -0.3 0 -0.3
v -0.2 0 -0.3
v 0.2 0 -0.3
v 0.3 0 -0.3
v -0.2 0 -0.4
v 0.2 0 -0.4
v -0.4 0.7 1.1
v 0.4 0.7 1.1
v -0.6 0.7 1
v -0.4 0.7 1
v 0.4 0.7 1
v 0.6 0.7 1
v -0.7 0.7 0.9
v -0.6 0.7 0.9
v -0.4 0.7 0.9
v 0.4 0.7 0.9
v 0.6 0.7 0.9
v 0.7 0.7 0.9
v -0.8 0.7 0.8
v -0.7 0.7 0.8
v -0.6 0.7 0.8
v -0.4 0.7 0.8
v 0.4 0.7 0.8
v 0.6 0.7 0.8
v 0.7 0.7 0.8
v 0.8 0.7 0.8
v -0.9 0.7 0.7
v -0.8 0.7 0.7
v -0.7 0.7 0.7
v -0.6 0.7 0.7
v 0.6 0.7 0.7
v 0.7 0.7 0.7
v 0.8 0.7 0.7
v 0.9 0.7 0.7
v -1 0.7 0.6
v -0.9 0.7 0.6
v -0.8 0.7 0.6
v -0.7 0.7 0.6
v -0.3 0.7 0.6
v 0.3 0.7 0.6
v 0.7 0.7 0.6
v 0.8 0.7 0.6
v 0.9 0.7 0.6
v 1 0.7 0.6
v -0.4 0.7 0.5
v -0.3 0.7 0.5
v 0.3 0.7 0.5
v 0.4 0.7 0.5
v -1.1 0.7 0.4
v -1 0.7 0.4
v -0.9 0.7 0.4
v -0.8 0.7 0.4
v -0.5 0.7 0.4
v -0.4 0.7 0.4
v 0.4 0.7 0.4
v 0.5 0.7 0.4
v 0.8 0.7 0.4
v 0.9 0.7 0.4
v 1 0.7 0.4
v 1.1 0.7 0.4
v -0.6 0.7 0.3
v -0.5 0.7 0.3
v 0.5 0.7 0.3
v 0.6 0.7 0.3
v 1 0.7 0
v 1.1 0.7 0
v 1 0.7 -0.1
v 1.1 0.7 -0.1
v -0.6 0.7 -0.3
v -0.5 0.7 -0.3
v 0.5 0.7 -0.3
v 0.6 0.7 -0.3
v -1.1 0.7 -0.4
v -1 0.7 -0.4
v -0.9 0.7 -0.4
v -0.8 0.7 -0.4
v -0.5 0.7 -0.4
v -0.4 0.7 -0.4
v 0.4 0.7 -0.4
v 0.5 0.7 -0.4
v 0.8 0.7 -0.4
v 0.9 0.7 -0.4
v 1 0.7 -0.4
v 1.1 0.7 -0.4
v -0.4 0.7 -0.5
v -0.3 0.7 -0.5
v 0.3 0.7 -0.5
v 0.4 0.7 -0.5
v -1 0.7 -0.6
v -0.9 0.7 -0.6
v -0.8 0.7 -0.6
v -0.7 0.7 -0.6
v -0.3 0.7 -0.6
v 0.3 0.7 -0.6
v 0.7 0.7 -0.6
v 0.8 0.7 -0.6
v 0.9 0.7 -0.6
v 1 0.7 -0.6
v -0.9 0.7 -0.7
v -0.8 0.7 -0.7
v -0.7 0.7 -0.7
v -0.6 0.7 -0.7
v 0.6 0.7 -0.7
v 0.7 0.7 -0.7
v 0.8 0.7 -0.7
v 0.9 0.7 -0.7
v -0.8 0.7 -0.8
v -0.7 0.7 -0.8
v -0.6 0.7 -0.8
v -0.4 0.7 -0.8
v 0.4 0.7 -0.8
v 0.6 0.7 -0.8
v 0.7 0.7 -0.8
v 0.8 0.7 -0.8
v -0.7 0.7 -0.9
v -0.6 0.7 -0.9
v -0.4 0.7 -0.9
v 0.4 0.7 -0.9
v 0.6 0.7 -0.9
v 0.7 0.7 -0.9
v -0.6 0.7 -1
v -0.4 0.7 -1
v 0.4 0.7 -1
v 0.6 0.7 -1
v -0.4 0.7 -1.1
v 0.4 0.7 -1.1
v -0.3 0.8 0.6
v 0.3 0.8 0.6
v -0.4 0.8 0.5
v -0.3 0.8 0.5
v 0.3 0.8 0.5
v 0.4 0.8 0.5
v -0.5 0.8 0.4
v -0.4 0.8 0.4
v -0.2 0.8 0.4
v 0.2 0.8 0.4
v 0.4 0.8 0.4
v 0.5 0.8 0.4
v -0.6 0.8 0.3
v -0.5 0.8 0.3
v -0.3 0.8 0.3
v -0.2 0.8 0.3
v 0.2 0.8 0.3
v 0.3 0.8 0.3
v 0.5 0.8 0.3
v 0.6 0.8 0.3
v -0.4 0.8 0.2
v -0.3 0.8 0.2
v 0.3 0.8 0.2
v 0.4 0.8 0.2
v -0.4 0.8 -0.2
v -0.3 0.8 -0.2
v 0.3 0.8 -0.2
v 0.4 0.8 -0.2
v -0.6 0.8 -0.3
v -0.5 0.8 -0.3
v -0.3 0.8 -0.3
v -0.2 0.8 -0.3
v 0.2 0.8 -0.3
v 0.3 0.8 -0.3
v 0.5 0.8 -0.3
v 0.6 0.8 -0.3
v -0.5 0.8 -0.4
v -0.4 0.8 -0.4
v -0.2 0.8 -0.4
v 0.2 0.8 -0.4
v 0.4 0.8 -0.4
v 0.5 0.8 -0.4
v -0.4 0.8 -0.5
v -0.3 0.8 -0.5
v 0.3 0.8 -0.5
v 0.4 0.8 -0.5
v -0.3 0.8 -0.6
v 0.3 0.8 -0.6
v -0.4 0.9 1.1
v -0.3 0.9 1.1
v -0.2 0.9 1.1
v 0.2 0.9 1.1
v 0.4 0.9 1.1
v -0.6 0.9 1
v -0.5 0.9 1
v -0.4 0.9 1
v -0.3 0.9 1
v -0.2 0.9 1
v 0.2 0.9 1
v 0.4 0.9 1
v 0.5 0.9 1
v 0.6 0.9 1
v -0.6 0.9 0.9
v -0.5 0.9 0.9
v 0.5 0.9 0.9
v 0.6 0.9 0.9
v -1 0.9 0.6
v -0.9 0.9 0.6
v 0.9 0.9 0.6
v 1 0.9 0.6
v -1 0.9 0.5
v -0.9 0.9 0.5
v 0.9 0.9 0.5
v 1 0.9 0.5
v -1.1 0.9 0.4
v -1 0.9 0.4
v 1 0.9 0.4
v 1.1 0.9 0.4
v -1.1 0.9 0.2
v -1 0.9 0.2
v 1 0.9 0.2
v 1.1 0.9 0.2
v -1.1 0.9 -0.2
v -1 0.9 -0.2
v 1 0.9 -0.2
v 1.1 0.9 -0.2
v -1.1 0.9 -0.4
v -1 0.9 -0.4
v 1 0.9 -0.4
v 1.1 0.9 -0.4
v -1 0.9 -0.5
v -0.9 0.9 -0.5
v 0.9 0.9 -0.5
v 1 0.9 -0.5
v -1 0.9 -0.6
v -0.9 0.9 -0.6
v 0.9 0.9 -0.6
v 1 0.9 -0.6
v -0.6 0.9 -0.9
v -0.5 0.9 -0.9
v 0.5 0.9 -0.9
v 0.6 0.9 -0.9
v -0.6 0.9 -1
v -0.5 0.9 -1
v -0.4 0.9 -1
v -0.2 0.9 -1
v 0.2 0.9 -1
v 0.4 0.9 -1
v 0.5 0.9 -1
v 0.6 0.9 -1
v -0.4 0.9 -1.1
v -0.2 0.9 -1.1
v 0.2 0.9 -1.1
v 0.4 0.9 -1.1
v -0.2 1 1.1
v 0.2 1 1.1
v -0.5 1 1
v -0.4 1 1
v -0.2 1 1
v 0.2 1 1
v 0.4 1 1
v 0.5 1 1
v -0.7 1 0.9
v -0.6 1 0.9
v -0.5 1 0.9
v -0.4 1 0.9
v 0.4 1 0.9
v 0.5 1 0.9
v 0.6 1 0.9
v 0.7 1 0.9
v -0.8 1 0.8
v -0.7 1 0.8
v -0.6 1 0.8
v 0.6 1 0.8
v 0.7 1 0.8
v 0.8 1 0.8
v -0.9 1 0.7
v -0.8 1 0.7
v -0.7 1 0.7
v 0.7 1 0.7
v 0.8 1 0.7
v 0.9 1 0.7
v -0.9 1 0.6
v -0.8 1 0.6
v 0.8 1 0.6
v 0.9 1 0.6
v -1 1 0.5
v -0.9 1 0.5
v 0.9 1 0.5
v 1 1 0.5
v -1 1 0.4
v -0.9 1 0.4
v 0.9 1 0.4
v 1 1 0.4
v -1.1 1 0.2
v -1 1 0.2
v 1 1 0.2
v 1.1 1 0.2
v -1.1 1 -0.1
v -1 1 -0.1
v 1 1 -0.1
v 1.1 1 -0.1
v -1.1 1 -0.2
v -1 1 -0.2
v 1 1 -0.2
v 1.1 1 -0.2
v -1 1 -0.4
v -0.9 1 -0.4
v 0.9 1 -0.4
v 1 1 -0.4
v -1 1 -0.5
v -0.9 1 -0.5
v 0.9 1 -0.5
v 1 1 -0.5
v -0.9 1 -0.6
v -0.8 1 -0.6
v 0.8 1 -0.6
v 0.9 1 -0.6
v -0.9 1 -0.7
v -0.8 1 -0.7
v -0.7 1 -0.7
v 0.7 1 -0.7
v 0.8 1 -0.7
v 0.9 1 -0.7
v -0.8 1 -0.8
v -0.7 1 -0.8
v -0.6 1 -0.8
v 0.6 1 -0.8
v 0.7 1 -0.8
v 0.8 1 -0.8
v -0.7 1 -0.9
v -0.6 1 -0.9
v -0.5 1 -0.9
v -0.4 1 -0.9
v 0.4 1 -0.9
v 0.5 1 -0.9
v 0.6 1 -0.9
v 0.7 1 -0.9
v -0.5 1 -1
v -0.4 1 -1
v -0.2 1 -1
v -0.1 1 -1
v 0.1 1 -1
v 0.2 1 -1
v 0.4 1 -1
v 0.5 1 -1
v -0.2 1 -1.1
v -0.1 1 -1.1
v 0.1 1 -1.1
v 0.2 1 -1.1
v -0.4 1.1 1
v -0.2 1.1 1
v 0.2 1.1 1
v 0.4 1.1 1
v -0.6 1.1 0.9
v -0.5 1.1 0.9
v -0.4 1.1 0.9
v -0.2 1.1 0.9
v 0.2 1.1 0.9
v 0.3 1.1 0.9
v 0.4 1.1 0.9
v 0.5 1.1 0.9
v 0.6 1.1 0.9
v -0.7 1.1 0.8
v -0.6 1.1 0.8
v -0.5 1.1 0.8
v 0.5 1.1 0.8
v 0.6 1.1 0.8
v 0.7 1.1 0.8
v -0.8 1.1 0.7
v -0.7 1.1 0.7
v -0.6 1.1 0.7
v 0.6 1.1 0.7
v 0.7 1.1 0.7
v 0.8 1.1 0.7
v -0.9 1.1 0.6
v -0.8 1.1 0.6
v -0.7 1.1 0.6
v 0.7 1.1 0.6
v 0.8 1.1 0.6
v 0.9 1.1 0.6
v -0.9 1.1 0.5
v -0.8 1.1 0.5
v 0.8 1.1 0.5
v 0.9 1.1 0.5
v -1 1.1 0.4
v -0.9 1.1 0.4
v 0.9 1.1 0.4
v 1 1.1 0.4
v 0.9 1.1 0.3
v 1 1.1 0.3
v -1 1.1 0.2
v -0.9 1.1 0.2
v 0.9 1.1 0.2
v 1 1.1 0.2
v -1 1.1 -0.2
v -0.9 1.1 -0.2
v 0.9 1.1 -0.2
v 1 1.1 -0.2
v -1 1.1 -0.3
v -0.9 1.1 -0.3
v 0.9 1.1 -0.3
v 1 1.1 -0.3
v -1 1.1 -0.4
v -0.9 1.1 -0.4
v 0.9 1.1 -0.4
v 1 1.1 -0.4
v -0.9 1.1 -0.5
v -0.8 1.1 -0.5
v 0.8 1.1 -0.5
v 0.9 1.1 -0.5
v -0.9 1.1 -0.6
v -0.8 1.1 -0.6
v -0.7 1.1 -0.6
v 0.7 1.1 -0.6
v 0.8 1.1 -0.6
v 0.9 1.1 -0.6
v -0.8 1.1 -0.7
v -0.7 1.1 -0.7
v -0.6 1.1 -0.7
v 0.6 1.1 -0.7
v 0.7 1.1 -0.7
v 0.8 1.1 -0.7
v -0.7 1.1 -0.8
v -0.6 1.1 -0.8
v -0.5 1.1 -0.8
v 0.5 1.1 -0.8
v 0.6 1.1 -0.8
v 0.7 1.1 -0.8
v -0.6 1.1 -0.9
v -0.5 1.1 -0.9
v -0.4 1.1 -0.9
v -0.2 1.1 -0.9
v 0.2 1.1 -0.9
v 0.3 1.1 -0.9
v 0.4 1.1 -0.9
v 0.5 1.1 -0.9
v 0.6 1.1 -0.9
v -0.4 1.1 -1
v -0.2 1.1 -1
v 0.2 1.1 -1
v 0.4 1.1 -1
v -0.2 1.2 1
v 0 1.2 1
v 0.1 1.2 1
v 0.2 1.2 1
v -0.5 1.2 0.9
v -0.4 1.2 0.9
v -0.2 1.2 0.9
v 0 1.2 0.9
v 0.1 1.2 0.9
v 0.2 1.2 0.9
v 0.4 1.2 0.9
v 0.5 1.2 0.9
v -0.6 1.2 0.8
v -0.5 1.2 0.8
v -0.4 1.2 0.8
v 0.4 1.2 0.8
v 0.5 1.2 0.8
v 0.6 1.2 0.8
v -0.6 1.2 0.7
v -0.5 1.2 0.7
v 0.5 1.2 0.7
v 0.6 1.2 0.7
v -0.8 1.2 0.6
v -0.7 1.2 0.6
v 0.7 1.2 0.6
v 0.8 1.2 0.6
v -0.9 1.2 0.5
v -0.8 1.2 0.5
v -0.7 1.2 0.5
v 0.7 1.2 0.5
v 0.8 1.2 0.5
v 0.9 1.2 0.5
v -0.9 1.2 0.4
v -0.8 1.2 0.4
v 0.8 1.2 0.4
v 0.9 1.2 0.4
v -1 1.2 0.2
v -0.9 1.2 0.2
v 0.9 1.2 0.2
v 1 1.2 0.2
v -1 1.2 -0.1
v -0.9 1.2 -0.1
v -1 1.2 -0.2
v -0.9 1.2 -0.2
v 0.9 1.2 -0.2
v 1 1.2 -0.2
v -0.9 1.2 -0.4
v -0.8 1.2 -0.4
v 0.8 1.2 -0.4
v 0.9 1.2 -0.4
v -0.9 1.2 -0.5
v -0.8 1.2 -0.5
v -0.7 1.2 -0.5
v 0.7 1.2 -0.5
v 0.8 1.2 -0.5
v 0.9 1.2 -0.5
v -0.8 1.2 -0.6
v -0.7 1.2 -0.6
v 0.7 1.2 -0.6
v 0.8 1.2 -0.6
v -0.6 1.2 -0.7
v -0.5 1.2 -0.7
v 0.5 1.2 -0.7
v 0.6 1.2 -0.7
v -0.6 1.2 -0.8
v -0.5 1.2 -0.8
v -0.4 1.2 -0.8
v 0.4 1.2 -0.8
v 0.5 1.2 -0.8
v 0.6 1.2 -0.8
v -0.5 1.2 -0.9
v -0.4 1.2 -0.9
v -0.2 1.2 -0.9
v -0.1 1.2 -0.9
v 0 1.2 -0.9
v 0.2 1.2 -0.9
v 0.4 1.2 -0.9
v 0.5 1.2 -0.9
v -0.2 1.2 -1
v -0.1 1.2 -1
v 0 1.2 -1
v 0.2 1.2 -1
v -0.4 1.3 0.9
v -0.2 1.3 0.9
v 0.2 1.3 0.9
v 0.4 1.3 0.9
v -0.4 1.3 0.8
v -0.2 1.3 0.8
v 0.2 1.3 0.8
v 0.3 1.3 0.8
v 0.4 1.3 0.8
v -0.7 1.3 0.7
v -0.6 1.3 0.7
v 0.6 1.3 0.7
v 0.7 1.3 0.7
v -0.7 1.3 0.6
v -0.6 1.3 0.6
v 0.6 1.3 0.6
v 0.7 1.3 0.6
v -0.9 1.3 0.4
v -0.8 1.3 0.4
v 0.8 1.3 0.4
v 0.9 1.3 0.4
v -0.8 1.3 0.3
v 0.8 1.3 0.3
v -0.9 1.3 0.2
v -0.8 1.3 0.2
v 0.8 1.3 0.2
v 0.9 1.3 0.2
v -0.9 1.3 -0.2
v -0.8 1.3 -0.2
v 0.8 1.3 -0.2
v 0.9 1.3 -0.2
v -0.9 1.3 -0.4
v -0.8 1.3 -0.4
v 0.8 1.3 -0.4
v 0.9 1.3 -0.4
v -0.7 1.3 -0.6
v -0.6 1.3 -0.6
v 0.6 1.3 -0.6
v 0.7 1.3 -0.6
v -0.7 1.3 -0.7
v -0.6 1.3 -0.7
v 0.6 1.3 -0.7
v 0.7 1.3 -0.7
v -0.4 1.3 -0.8
v -0.2 1.3 -0.8
v 0.2 1.3 -0.8
v 0.4 1.3 -0.8
v -0.4 1.3 -0.9
v -0.2 1.3 -0.9
v 0.2 1.3 -0.9
v 0.4 1.3 -0.9
v -0.2 1.4 0.9
v 0 1.4 0.9
v 0.1 1.4 0.9
v 0.2 1.4 0.9
v -0.5 1.4 0.8
v -0.3 1.4 0.8
v -0.2 1.4 0.8
v 0 1.4 0.8
v 0.1 1.4 0.8
v 0.2 1.4 0.8
v 0.3 1.4 0.8
v 0.5 1.4 0.8
v -0.6 1.4 0.7
v -0.5 1.4 0.7
v -0.4 1.4 0.7
v -0.3 1.4 0.7
v 0.3 1.4 0.7
v 0.5 1.4 0.7
v 0.6 1.4 0.7
v -0.7 1.4 0.6
v -0.6 1.4 0.6
v -0.5 1.4 0.6
v 0.5 1.4 0.6
v 0.6 1.4 0.6
v 0.7 1.4 0.6
v -0.8 1.4 0.5
v -0.7 1.4 0.5
v -0.6 1.4 0.5
v 0.6 1.4 0.5
v 0.7 1.4 0.5
v 0.8 1.4 0.5
v -0.8 1.4 0.4
v -0.7 1.4 0.4
v 0.7 1.4 0.4
v 0.8 1.4 0.4
v -0.8 1.4 0.3
v -0.7 1.4 0.3
v 0.7 1.4 0.3
v 0.8 1.4 0.3
v -0.9 1.4 0.2
v -0.8 1.4 0.2
v 0.8 1.4 0.2
v 0.9 1.4 0.2
v 0.8 1.4 0.1
v 0.8 1.4 0
v -0.9 1.4 -0.2
v -0.8 1.4 -0.2
v 0.8 1.4 -0.2
v 0.9 1.4 -0.2
v -0.8 1.4 -0.3
v -0.7 1.4 -0.3
v 0.7 1.4 -0.3
v 0.8 1.4 -0.3
v -0.7 1.4 -0.4
v -0.8 1.4 -0.5
v -0.7 1.4 -0.5
v -0.6 1.4 -0.5
v 0.6 1.4 -0.5
v 0.7 1.4 -0.5
v 0.8 1.4 -0.5
v -0.7 1.4 -0.6
v -0.6 1.4 -0.6
v -0.5 1.4 -0.6
v 0.5 1.4 -0.6
v 0.6 1.4 -0.6
v 0.7 1.4 -0.6
v -0.6 1.4 -0.7
v -0.5 1.4 -0.7
v -0.3 1.4 -0.7
v 0.3 1.4 -0.7
v 0.4 1.4 -0.7
v 0.5 1.4 -0.7
v 0.6 1.4 -0.7
v -0.5 1.4 -0.8
v -0.3 1.4 -0.8
v -0.2 1.4 -0.8
v 0.2 1.4 -0.8
v 0.3 1.4 -0.8
v 0.5 1.4 -0.8
v -0.2 1.4 -0.9
v 0.2 1.4 -0.9
v -0.3 1.5 0.8
v -0.2 1.5 0.8
v 0.2 1.5 0.8
v 0.3 1.5 0.8
v -0.5 1.5 0.7
v -0.4 1.5 0.7
v -0.3 1.5 0.7
v -0.2 1.5 0.7
v 0.2 1.5 0.7
v 0.3 1.5 0.7
v 0.4 1.5 0.7
v 0.5 1.5 0.7
v -0.6 1.5 0.6
v -0.5 1.5 0.6
v -0.4 1.5 0.6
v 0.4 1.5 0.6
v 0.5 1.5 0.6
v 0.6 1.5 0.6
v -0.7 1.5 0.5
v -0.6 1.5 0.5
v -0.5 1.5 0.5
v 0.5 1.5 0.5
v 0.6 1.5 0.5
v 0.7 1.5 0.5
v -0.7 1.5 0.4
v -0.6 1.5 0.4
v 0.6 1.5 0.4
v 0.7 1.5 0.4
v -0.8 1.5 0.3
v -0.7 1.5 0.3
v 0.7 1.5 0.3
v 0.8 1.5 0.3
v -0.8 1.5 0.2
v -0.7 1.5 0.2
v 0.7 1.5 0.2
v 0.8 1.5 0.2
v -0.8 1.5 -0.2
v -0.7 1.5 -0.2
v 0.7 1.5 -0.2
v 0.8 1.5 -0.2
v -0.8 1.5 -0.3
v -0.7 1.5 -0.3
v 0.7 1.5 -0.3
v 0.8 1.5 -0.3
v -0.7 1.5 -0.4
v -0.6 1.5 -0.4
v 0.6 1.5 -0.4
v 0.7 1.5 -0.4
v -0.7 1.5 -0.5
v -0.6 1.5 -0.5
v -0.5 1.5 -0.5
v 0.5 1.5 -0.5
v 0.6 1.5 -0.5
v 0.7 1.5 -0.5
v -0.6 1.5 -0.6
v -0.5 1.5 -0.6
v -0.4 1.5 -0.6
v 0.4 1.5 -0.6
v 0.5 1.5 -0.6
v 0.6 1.5 -0.6
v -0.5 1.5 -0.7
v -0.4 1.5 -0.7
v -0.3 1.5 -0.7
v -0.2 1.5 -0.7
v 0.2 1.5 -0.7
v 0.3 1.5 -0.7
v 0.4 1.5 -0.7
v 0.5 1.5 -0.7
v -0.3 1.5 -0.8
v -0.2 1.5 -0.8
v 0.2 1.5 -0.8
v 0.3 1.5 -0.8
v -0.2 1.6 0.8
v 0.1 1.6 0.8
v 0.2 1.6 0.8
v -0.4 1.6 0.7
v -0.3 1.6 0.7
v -0.2 1.6 0.7
v -0.1 1.6 0.7
v 0 1.6 0.7
v 0.1 1.6 0.7
v 0.2 1.6 0.7
v 0.3 1.6 0.7
v 0.4 1.6 0.7
v -0.4 1.6 0.6
v -0.3 1.6 0.6
v 0.3 1.6 0.6
v 0.4 1.6 0.6
v -0.7 1.6 0.4
v -0.6 1.6 0.4
v 0.6 1.6 0.4
v 0.7 1.6 0.4
v -0.7 1.6 0.3
v -0.6 1.6 0.3
v 0.6 1.6 0.3
v 0.7 1.6 0.3
v -0.8 1.6 0.2
v -0.7 1.6 0.2
v 0.7 1.6 0.2
v 0.8 1.6 0.2
v -0.8 1.6 0
v -0.7 1.6 0
v 0.7 1.6 0
v 0.8 1.6 0
v -0.8 1.6 -0.1
v -0.7 1.6 -0.1
v 0.7 1.6 -0.1
v 0.8 1.6 -0.1
v -0.8 1.6 -0.2
v -0.7 1.6 -0.2
v 0.7 1.6 -0.2
v 0.8 1.6 -0.2
v -0.7 1.6 -0.3
v -0.6 1.6 -0.3
v 0.6 1.6 -0.3
v 0.7 1.6 -0.3
v -0.7 1.6 -0.4
v -0.6 1.6 -0.4
v 0.6 1.6 -0.4
v 0.7 1.6 -0.4
v -0.4 1.6 -0.6
v -0.3 1.6 -0.6
v 0.3 1.6 -0.6
v 0.4 1.6 -0.6
v -0.4 1.6 -0.7
v -0.3 1.6 -0.7
v -0.2 1.6 -0.7
v -0.1 1.6 -0.7
v 0 1.6 -0.7
v 0.2 1.6 -0.7
v 0.3 1.6 -0.7
v 0.4 1.6 -0.7
v -0.2 1.6 -0.8
v -0.1 1.6 -0.8
v 0.2 1.6 -0.8
v -0.3 1.7 0.7
v -0.2 1.7 0.7
v 0.2 1.7 0.7
v 0.3 1.7 0.7
v -0.5 1.7 0.6
v -0.4 1.7 0.6
v -0.3 1.7 0.6
v -0.2 1.7 0.6
v 0.2 1.7 0.6
v 0.3 1.7 0.6
v 0.4 1.7 0.6
v 0.5 1.7 0.6
v -0.6 1.7 0.5
v -0.5 1.7 0.5
v -0.4 1.7 0.5
v 0.4 1.7 0.5
v 0.5 1.7 0.5
v 0.6 1.7 0.5
v -0.6 1.7 0.4
v -0.5 1.7 0.4
v 0.5 1.7 0.4
v 0.6 1.7 0.4
v -0.7 1.7 0.3
v -0.6 1.7 0.3
v 0.6 1.7 0.3
v 0.7 1.7 0.3
v -0.7 1.7 0.2
v -0.6 1.7 0.2
v 0.6 1.7 0.2
v 0.7 1.7 0.2
v -0.7 1.7 -0.2
v -0.6 1.7 -0.2
v 0.6 1.7 -0.2
v 0.7 1.7 -0.2
v -0.7 1.7 -0.3
v -0.6 1.7 -0.3
v 0.6 1.7 -0.3
v 0.7 1.7 -0.3
v -0.6 1.7 -0.4
v -0.5 1.7 -0.4
v 0.5 1.7 -0.4
v 0.6 1.7 -0.4
v -0.6 1.7 -0.5
v -0.5 1.7 -0.5
v -0.4 1.7 -0.5
v 0.4 1.7 -0.5
v 0.5 1.7 -0.5
v 0.6 1.7 -0.5
v -0.5 1.7 -0.6
v -0.4 1.7 -0.6
v -0.3 1.7 -0.6
v -0.2 1.7 -0.6
v 0.2 1.7 -0.6
v 0.3 1.7 -0.6
v 0.4 1.7 -0.6
v 0.5 1.7 -0.6
v -0.3 1.7 -0.7
v -0.2 1.7 -0.7
v 0.2 1.7 -0.7
v 0.3 1.7 -0.7
v -0.2 1.8 0.7
v 0.2 1.8 0.7
v -0.4 1.8 0.6
v -0.3 1.8 0.6
v -0.2 1.8 0.6
v 0 1.8 0.6
v 0.1 1.8 0.6
v 0.2 1.8 0.6
v 0.3 1.8 0.6
v 0.4 1.8 0.6
v -0.5 1.8 0.5
v -0.4 1.8 0.5
v -0.3 1.8 0.5
v 0.3 1.8 0.5
v 0.4 1.8 0.5
v 0.5 1.8 0.5
v -0.6 1.8 0.4
v -0.5 1.8 0.4
v -0.4 1.8 0.4
v 0.4 1.8 0.4
v 0.5 1.8 0.4
v 0.6 1.8 0.4
v -0.6 1.8 0.3
v -0.5 1.8 0.3
v 0.5 1.8 0.3
v 0.6 1.8 0.3
v -0.7 1.8 0.2
v -0.6 1.8 0.2
v 0.6 1.8 0.2
v 0.7 1.8 0.2
v -0.7 1.8 0.1
v -0.6 1.8 0.1
v -0.7 1.8 -0.1
v -0.6 1.8 -0.1
v 0.6 1.8 -0.1
v 0.7 1.8 -0.1
v -0.7 1.8 -0.2
v -0.6 1.8 -0.2
v 0.6 1.8 -0.2
v 0.7 1.8 -0.2
v -0.6 1.8 -0.3
v -0.5 1.8 -0.3
v 0.5 1.8 -0.3
v 0.6 1.8 -0.3
v -0.6 1.8 -0.4
v -0.5 1.8 -0.4
v -0.4 1.8 -0.4
v 0.4 1.8 -0.4
v 0.5 1.8 -0.4
v 0.6 1.8 -0.4
v -0.5 1.8 -0.5
v -0.4 1.8 -0.5
v -0.3 1.8 -0.5
v 0.3 1.8 -0.5
v 0.4 1.8 -0.5
v 0.5 1.8 -0.5
v -0.4 1.8 -0.6
v -0.3 1.8 -0.6
v -0.2 1.8 -0.6
v 0.1 1.8 -0.6
v 0.2 1.8 -0.6
v 0.3 1.8 -0.6
v 0.4 1.8 -0.6
v -0.2 1.8 -0.7
v 0.1 1.8 -0.7
v 0.2 1.8 -0.7
v -0.3 1.9 0.6
v -0.2 1.9 0.6
v 0.2 1.9 0.6
v 0.3 1.9 0.6
v -0.3 1.9 0.5
v -0.2 1.9 0.5
v 0.2 1.9 0.5
v 0.3 1.9 0.5
v -0.6 1.9 0.3
v -0.5 1.9 0.3
v 0.5 1.9 0.3
v 0.6 1.9 0.3
v -0.6 1.9 0.2
v -0.5 1.9 0.2
v 0.5 1.9 0.2
v 0.6 1.9 0.2
v -0.6 1.9 -0.2
v -0.5 1.9 -0.2
v 0.5 1.9 -0.2
v 0.6 1.9 -0.2
v -0.6 1.9 -0.3
v -0.5 1.9 -0.3
v 0.5 1.9 -0.3
v 0.6 1.9 -0.3
v -0.3 1.9 -0.5
v -0.2 1.9 -0.5
v 0.2 1.9 -0.5
v 0.3 1.9 -0.5
v -0.3 1.9 -0.6
v -0.2 1.9 -0.6
v 0.2 1.9 -0.6
v 0.3 1.9 -0.6
v -0.2 2 0.6
v 0.2 2 0.6
v -0.4 2 0.5
v -0.3 2 0.5
v -0.2 2 0.5
v 0.1 2 0.5
v 0.2 2 0.5
v 0.3 2 0.5
v 0.4 2 0.5
v -0.5 2 0.4
v -0.4 2 0.4
v -0.3 2 0.4
v 0.3 2 0.4
v 0.4 2 0.4
v 0.5 2 0.4
v -0.5 2 0.3
v -0.4 2 0.3
v 0.4 2 0.3
v 0.5 2 0.3
v -0.6 2 0.2
v -0.5 2 0.2
v 0.5 2 0.2
v 0.6 2 0.2
v -0.6 2 0.1
v -0.5 2 0.1
v 0.5 2 0.1
v 0.6 2 0.1
v -0.6 2 0
v -0.5 2 0
v 0.5 2 0
v 0.6 2 0
v -0.5 2 -0.1
v 0.5 2 -0.1
v -0.6 2 -0.2
v -0.5 2 -0.2
v 0.5 2 -0.2
v 0.6 2 -0.2
v -0.5 2 -0.3
v -0.4 2 -0.3
v 0.4 2 -0.3
v 0.5 2 -0.3
v -0.5 2 -0.4
v -0.4 2 -0.4
v -0.3 2 -0.4
v 0.3 2 -0.4
v 0.4 2 -0.4
v 0.5 2 -0.4
v -0.4 2 -0.5
v -0.3 2 -0.5
v -0.2 2 -0.5
v -0.1 2 -0.5
v 0 2 -0.5
v 0.2 2 -0.5
v 0.3 2 -0.5
v 0.4 2 -0.5
v -0.2 2 -0.6
v -0.1 2 -0.6
v 0 2 -0.6
v 0.2 2 -0.6
v -0.3 2.1 0.5
v -0.2 2.1 0.5
v 0.2 2.1 0.5
v 0.3 2.1 0.5
v -0.4 2.1 0.4
v -0.3 2.1 0.4
v -0.2 2.1 0.4
v 0.2 2.1 0.4
v 0.3 2.1 0.4
v 0.4 2.1 0.4
v -0.5 2.1 0.3
v -0.4 2.1 0.3
v -0.3 2.1 0.3
v 0.3 2.1 0.3
v 0.4 2.1 0.3
v 0.5 2.1 0.3
v -0.5 2.1 0.2
v -0.4 2.1 0.2
v 0.4 2.1 0.2
v 0.5 2.1 0.2
v -0.5 2.1 -0.2
v -0.4 2.1 -0.2
v 0.4 2.1 -0.2
v 0.5 2.1 -0.2
v -0.5 2.1 -0.3
v -0.4 2.1 -0.3
v -0.3 2.1 -0.3
v 0.3 2.1 -0.3
v 0.4 2.1 -0.3
v 0.5 2.1 -0.3
v -0.4 2.1 -0.4
v -0.3 2.1 -0.4
v -0.2 2.1 -0.4
v 0.2 2.1 -0.4
v 0.3 2.1 -0.4
v 0.4 2.1 -0.4
v -0.3 2.1 -0.5
v -0.2 2.1 -0.5
v 0.2 2.1 -0.5
v 0.3 2.1 -0.5
v -0.2 2.2 0.5
v -0.1 2.2 0.5
v 0.1 2.2 0.5
v 0.2 2.2 0.5
v -0.3 2.2 0.4
v -0.2 2.2 0.4
v -0.1 2.2 0.4
v 0.1 2.2 0.4
v 0.2 2.2 0.4
v 0.3 2.2 0.4
v -0.4 2.2 0.3
v -0.3 2.2 0.3
v -0.2 2.2 0.3
v 0.2 2.2 0.3
v 0.3 2.2 0.3
v 0.4 2.2 0.3
v -0.5 2.2 0.2
v -0.4 2.2 0.2
v -0.3 2.2 0.2
v 0.3 2.2 0.2
v 0.4 2.2 0.2
v 0.5 2.2 0.2
v 0.4 2.2 0.1
v 0.5 2.2 0.1
v -0.5 2.2 0
v -0.4 2.2 0
v -0.5 2.2 -0.1
v -0.4 2.2 -0.1
v 0.4 2.2 -0.1
v 0.5 2.2 -0.1
v -0.5 2.2 -0.2
v -0.4 2.2 -0.2
v -0.3 2.2 -0.2
v 0.3 2.2 -0.2
v 0.4 2.2 -0.2
v 0.5 2.2 -0.2
v -0.4 2.2 -0.3
v -0.3 2.2 -0.3
v -0.2 2.2 -0.3
v 0.2 2.2 -0.3
v 0.3 2.2 -0.3
v 0.4 2.2 -0.3
v -0.3 2.2 -0.4
v -0.2 2.2 -0.4
v -0.1 2.2 -0.4
v 0 2.2 -0.4
v 0.2 2.2 -0.4
v 0.3 2.2 -0.4
v -0.2 2.2 -0.5
v -0.1 2.2 -0.5
v 0 2.2 -0.5
v 0.2 2.2 -0.5
v -0.2 2.3 0.4
v -0.1 2.3 0.4
v 0.1 2.3 0.4
v 0.2 2.3 0.4
v -0.2 2.3 0.3
v -0.1 2.3 0.3
v 0.1 2.3 0.3
v 0.2 2.3 0.3
v -0.4 2.3 0.2
v -0.3 2.3 0.2
v 0.3 2.3 0.2
v 0.4 2.3 0.2
v -0.4 2.3 0.1
v -0.3 2.3 0.1
v 0.3 2.3 0.1
v 0.4 2.3 0.1
v -0.4 2.3 -0.1
v -0.3 2.3 -0.1
v 0.3 2.3 -0.1
v 0.4 2.3 -0.1
v -0.4 2.3 -0.2
v -0.3 2.3 -0.2
v 0.3 2.3 -0.2
v 0.4 2.3 -0.2
v -0.2 2.3 -0.3
v -0.1 2.3 -0.3
v 0.1 2.3 -0.3
v 0.2 2.3 -0.3
v -0.2 2.3 -0.4
v -0.1 2.3 -0.4
v 0.1 2.3 -0.4
v 0.2 2.3 -0.4
v -0.1 2.4 0.4
v 0 2.4 0.4
v 0.1 2.4 0.4
v -0.3 2.4 0.3
v -0.2 2.4 0.3
v -0.1 2.4 0.3
v 0 2.4 0.3
v 0.1 2.4 0.3
v 0.2 2.4 0.3
v 0.3 2.4 0.3
v -0.3 2.4 0.2
v -0.2 2.4 0.2
v 0.2 2.4 0.2
v 0.3 2.4 0.2
v -0.4 2.4 0.1
v -0.3 2.4 0.1
v 0.3 2.4 0.1
v 0.4 2.4 0.1
v -0.4 2.4 0
v -0.3 2.4 0
v 0.3 2.4 0
v 0.4 2.4 0
v -0.4 2.4 -0.1
v -0.3 2.4 -0.1
v 0.3 2.4 -0.1
v 0.4 2.4 -0.1
v -0.3 2.4 -0.2
v -0.2 2.4 -0.2
v 0.2 2.4 -0.2
v 0.3 2.4 -0.2
v -0.3 2.4 -0.3
v -0.2 2.4 -0.3
v -0.1 2.4 -0.3
v 0.1 2.4 -0.3
v 0.2 2.4 -0.3
v 0.3 2.4 -0.3
v -0.1 2.4 -0.4
v 0.1 2.4 -0.4
v -0.2 2.5 0.3
v -0.1 2.5 0.3
v 0.1 2.5 0.3
v 0.2 2.5 0.3
v -0.3 2.5 0.2
v -0.2 2.5 0.2
v -0.1 2.5 0.2
v 0.1 2.5 0.2
v 0.2 2.5 0.2
v 0.3 2.5 0.2
v -0.3 2.5 0.1
v -0.2 2.5 0.1
v 0.2 2.5 0.1
v 0.3 2.5 0.1
v -0.3 2.5 -0.1
v -0.2 2.5 -0.1
v 0.2 2.5 -0.1
v 0.3 2.5 -0.1
v -0.3 2.5 -0.2
v -0.2 2.5 -0.2
v -0.1 2.5 -0.2
v 0.1 2.5 -0.2
v 0.2 2.5 -0.2
v 0.3 2.5 -0.2
v -0.2 2.5 -0.3
v -0.1 2.5 -0.3
v 0.1 2.5 -0.3
v 0.2 2.5 -0.3
v -0.1 2.6 0.3
v 0.1 2.6 0.3
v -0.1 2.6 0.2
v 0 2.6 0.2
v 0.1 2.6 0.2
v -0.3 2.6 0.1
v -0.2 2.6 0.1
v 0.2 2.6 0.1
v 0.3 2.6 0.1
v 0.2 2.6 0
v 0.3 2.6 0
v -0.3 2.6 -0.1
v -0.2 2.6 -0.1
v 0.2 2.6 -0.1
v 0.3 2.6 -0.1
v -0.1 2.6 -0.2
v 0 2.6 -0.2
v 0.1 2.6 -0.2
v -0.1 2.6 -0.3
v 0 2.6 -0.3
v 0.1 2.6 -0.3
v -0.2 2.7 0.2
v -0.1 2.7 0.2
v 0.1 2.7 0.2
v 0.2 2.7 0.2
v -0.2 2.7 0.1
v -0.1 2.7 0.1
v 0.1 2.7 0.1
v 0.2 2.7 0.1
v -0.2 2.7 -0.1
v -0.1 2.7 -0.1
v 0.1 2.7 -0.1
v 0.2 2.7 -0.1
v -0.2 2.7 -0.2
v -0.1 2.7 -0.2
v 0.1 2.7 -0.2
v 0.2 2.7 -0.2
v -0.1 2.8 0.2
v 0.1 2.8 0.2
v -0.2 2.8 0.1
v -0.1 2.8 0.1
v 0.1 2.8 0.1
v 0.2 2.8 0.1
v -0.2 2.8 0
v -0.1 2.8 0
v 0.1 2.8 0
v 0.2 2.8 0
v -0.2 2.8 -0.1
v -0.1 2.8 -0.1
v 0.1 2.8 -0.1
v 0.2 2.8 -0.1
v -0.1 2.8 -0.2
v 0.1 2.8 -0.2
v -0.1 2.9 0.1
v 0.1 2.9 0.1
v -0.1 2.9 -0.1
v 0.1 2.9 -0.1

# faces
f 3/3/1 2/3/1 1/3/1
f 4/3/1 2/3/1 3/3/1
f 5/3/1 2/3/1 4/3/1
f 6/3/1 2/3/1 5/3/1
f 7/3/1 3/3/1 1/3/1
f 8/4/1 4/4/1 3/4/1
f 8/3/1 3/3/1 7/3/1
f 9/3/1 5/3/1 4/3/1
f 9/4/1 4/4/1 8/4/1
f 10/2/1 6/2/1 5/2/1
f 10/3/1 5/3/1 9/3/1
f 11/3/1 2/3/1 6/3/1
f 11/2/1 6/2/1 10/2/1
f 12/3/1 2/3/1 11/3/1
f 13/3/1 10/3/1 9/3/1
f 13/3/1 9/3/1 8/3/1
f 14/4/1 11/4/1 10/4/1
f 14/3/1 10/3/1 13/3/1
f 15/4/1 11/4/1 14/4/1
f 20/3/1 17/3/1 16/3/1
f 21/3/1 17/3/1 20/3/1
f 22/3/1 17/3/1 21/3/1
f 25/3/1 19/3/1 18/3/1
f 26/3/1 19/3/1 25/3/1
f 27/3/1 19/3/1 26/3/1
f 28/3/1 23/3/1 22/3/1
f 28/3/1 22/3/1 21/3/1
f 29/3/1 23/3/1 28/3/1
f 30/3/1 23/3/1 29/3/1
f 32/3/1 26/3/1 25/3/1
f 32/3/1 25/3/1 24/3/1
f 33/3/1 26/3/1 32/3/1
f 34/3/1 26/3/1 33/3/1
f 35/3/1 26/3/1 34/3/1
f 36/3/1 30/3/1 29/3/1
f 37/4/1 31/4/1 30/4/1
f 37/3/1 30/3/1 36/3/1
f 38/3/1 32/3/1 31/3/1
f 38/4/1 31/4/1 37/4/1
f 38/3/1 33/3/1 32/3/1
f 39/3/1 33/3/1 38/3/1
f 40/4/1 34/4/1 33/4/1
f 40/3/1 33/3/1 39/3/1
f 41/4/1 34/4/1 40/4/1
f 42/4/1 38/4/1 37/4/1
f 43/2/1 39/2/1 38/2/1
f 43/4/1 38/4/1 42/4/1
f 44/2/1 39/2/1 43/2/1
f 49/3/1 46/3/1 45/3/1
f 52/3/1 48/3/1 47/3/1
f 53/3/1 50/3/1 49/3/1
f 53/3/1 49/3/1 45/3/1
f 54/3/1 50/3/1 53/3/1
f 55/3/1 50/3/1 54/3/1
f 58/3/1 52/3/1 51/3/1
f 59/3/1 48/3/1 52/3/1
f 59/3/1 52/3/1 58/3/1
f 60/3/1 48/3/1 59/3/1
f 61/3/1 56/3/1 55/3/1
f 61/3/1 55/3/1 54/3/1
f 62/3/1 56/3/1 61/3/1
f 63/3/1 56/3/1 62/3/1
f 67/3/1 58/3/1 57/3/1
f 67/3/1 59/3/1 58/3/1
f 68/3/1 59/3/1 67/3/1
f 69/3/1 59/3/1 68/3/1
f 70/3/1 64/3/1 63/3/1
f 70/3/1 63/3/1 62/3/1
f 71/3/1 64/3/1 70/3/1
f 72/3/1 64/3/1 71/3/1
f 74/3/1 66/3/1 65/3/1
f 74/3/1 68/3/1 67/3/1
f 74/3/1 67/3/1 66/3/1
f 75/3/1 68/3/1 74/3/1
f 76/3/1 68/3/1 75/3/1
f 77/3/1 73/3/1 72/3/1
f 77/3/1 72/3/1 71/3/1
f 77/3/1 75/3/1 74/3/1
f 77/3/1 74/3/1 73/3/1
f 78/3/1 75/3/1 77/3/1
f 79/3/1 75/3/1 78/3/1
f 80/3/1 75/3/1 79/3/1
f 81/3/1 79/3/1 78/3/1
f 82/3/1 79/3/1 81/3/1
f 87/3/1 84/3/1 83/3/1
f 88/3/1 84/3/1 87/3/1
f 89/4/1 88/4/1 87/4/1
f 90/4/1 88/4/1 89/4/1
f 93/3/1 86/3/1 85/3/1
f 94/3/1 86/3/1 93/3/1
f 95/2/1 91/2/1 90/2/1
f 96/2/1 91/2/1 95/2/1
f 99/3/1 93/3/1 92/3/1
f 100/3/1 93/3/1 99/3/1
f 101/3/1 97/3/1 96/3/1
f 102/3/1 97/3/1 101/3/1
f 105/3/1 99/3/1 98/3/1
f 106/3/1 99/3/1 105/3/1
f 107/2/1 103/2/1 102/2/1
f 108/2/1 103/2/1 107/2/1
f 112/3/1 105/3/1 104/3/1
f 113/3/1 108/3/1 107/3/1
f 114/4/1 109/4/1 108/4/1
f 114/3/1 108/3/1 113/3/1
f 115/3/1 110/3/1 109/3/1
f 115/4/1 109/4/1 114/4/1
f 116/3/1 110/3/1 115/3/1
f 117/3/1 112/3/1 111/3/1
f 118/3/1 112/3/1 117/3/1
f 119/3/1 105/3/1 112/3/1
f 119/3/1 112/3/1 118/3/1
f 120/3/1 116/3/1 115/3/1
f 120/3/1 117/3/1 116/3/1
f 120/3/1 118/3/1 117/3/1
f 121/3/1 118/3/1 120/3/1
f 122/3/1 118/3/1 121/3/1
f 123/3/1 118/3/1 122/3/1
f 124/3/1 118/3/1 123/3/1
f 125/3/1 118/3/1 124/3/1
f 126/3/1 122/3/1 121/3/1
f 127/4/1 123/4/1 122/4/1
f 127/3/1 122/3/1 126/3/1
f 128/3/1 124/3/1 123/3/1
f 128/4/1 123/4/1 127/4/1
f 129/3/1 124/3/1 128/3/1
f 134/3/1 133/3/1 132/3/1
f 135/3/1 133/3/1 134/3/1
f 136/3/1 131/3/1 130/3/1
f 137/2/1 135/2/1 134/2/1
f 138/2/1 135/2/1 137/2/1
f 139/3/1 136/3/1 130/3/1
f 140/3/1 136/3/1 139/3/1
f 143/3/1 138/3/1 137/3/1
f 144/3/1 138/3/1 143/3/1
f 145/3/1 141/3/1 140/3/1
f 146/3/1 141/3/1 145/3/1
f 149/3/1 143/3/1 142/3/1
f 150/3/1 143/3/1 149/3/1
f 151/3/1 147/3/1 146/3/1
f 154/2/1 149/2/1 148/2/1
f 155/2/1 149/2/1 154/2/1
f 156/3/1 152/3/1 151/3/1
f 156/3/1 151/3/1 146/3/1
f 157/3/1 152/3/1 156/3/1
f 158/3/1 152/3/1 157/3/1
f 159/3/1 155/3/1 154/3/1
f 159/3/1 154/3/1 153/3/1
f 160/3/1 155/3/1 159/3/1
f 161/3/1 155/3/1 160/3/1
f 162/3/1 158/3/1 157/3/1
f 163/3/1 158/3/1 162/3/1
f 168/4/1 160/4/1 159/4/1
f 169/4/1 160/4/1 168/4/1
f 170/3/1 164/3/1 163/3/1
f 170/3/1 165/3/1 164/3/1
f 171/3/1 165/3/1 170/3/1
f 172/3/1 165/3/1 171/3/1
f 175/2/1 167/2/1 166/2/1
f 176/3/1 168/3/1 167/3/1
f 176/2/1 167/2/1 175/2/1
f 177/3/1 168/3/1 176/3/1
f 178/4/1 172/4/1 171/4/1
f 179/3/1 173/3/1 172/3/1
f 179/4/1 172/4/1 178/4/1
f 180/3/1 173/3/1 179/3/1
f 183/3/1 175/3/1 174/3/1
f 183/3/1 176/3/1 175/3/1
f 184/3/1 176/3/1 183/3/1
f 185/3/1 176/3/1 184/3/1
f 186/3/1 182/3/1 181/3/1
f 186/3/1 181/3/1 180/3/1
f 186/3/1 184/3/1 183/3/1
f 186/3/1 183/3/1 182/3/1
f 186/3/1 180/3/1 179/3/1
f 187/3/1 184/3/1 186/3/1
f 188/3/1 184/3/1 187/3/1
f 189/3/1 184/3/1 188/3/1
f 190/3/1 184/3/1 189/3/1
f 191/3/1 184/3/1 190/3/1
f 192/2/1 188/2/1 187/2/1
f 193/3/1 189/3/1 188/3/1
f 193/2/1 188/2/1 192/2/1
f 194/4/1 190/4/1 189/4/1
f 194/3/1 189/3/1 193/3/1
f 195/4/1 190/4/1 194/4/1
f 200/3/1 199/3/1 198/3/1
f 201/3/1 197/3/1 196/3/1
f 202/3/1 197/3/1 201/3/1
f 203/3/1 199/3/1 200/3/1
f 204/3/1 199/3/1 203/3/1
f 209/3/1 206/3/1 205/3/1
f 210/3/1 206/3/1 209/3/1
f 213/4/1 208/4/1 207/4/1
f 214/4/1 208/4/1 213/4/1
f 215/3/1 211/3/1 210/3/1
f 216/3/1 211/3/1 215/3/1
f 217/3/1 213/3/1 212/3/1
f 218/3/1 213/3/1 217/3/1
f 223/3/1 220/3/1 219/3/1
f 224/3/1 220/3/1 223/3/1
f 227/3/1 222/3/1 221/3/1
f 228/3/1 222/3/1 227/3/1
f 229/2/1 225/2/1 224/2/1
f 230/2/1 225/2/1 229/2/1
f 233/3/1 227/3/1 226/3/1
f 234/3/1 227/3/1 233/3/1
f 235/3/1 231/3/1 230/3/1
f 238/3/1 233/3/1 232/3/1
f 239/3/1 233/3/1 238/3/1
f 240/3/1 236/3/1 235/3/1
f 240/3/1 235/3/1 230/3/1
f 241/3/1 236/3/1 240/3/1
f 242/3/1 236/3/1 241/3/1
f 245/3/1 238/3/1 237/3/1
f 246/4/1 239/4/1 238/4/1
f 246/3/1 238/3/1 245/3/1
f 247/4/1 239/4/1 246/4/1
f 248/4/1 242/4/1 241/4/1
f 249/3/1 243/3/1 242/3/1
f 249/4/1 242/4/1 248/4/1
f 250/3/1 243/3/1 249/3/1
f 253/3/1 245/3/1 244/3/1
f 253/3/1 246/3/1 245/3/1
f 254/3/1 246/3/1 253/3/1
f 255/3/1 246/3/1 254/3/1
f 256/3/1 252/3/1 251/3/1
f 256/3/1 251/3/1 250/3/1
f 256/3/1 253/3/1 252/3/1
f 256/3/1 250/3/1 249/3/1
f 257/3/1 253/3/1 256/3/1
f 258/3/1 253/3/1 257/3/1
f 259/3/1 253/3/1 258/3/1
f 260/2/1 254/2/1 253/2/1
f 260/3/1 253/3/1 259/3/1
f 261/2/1 254/2/1 260/2/1
f 262/3/1 258/3/1 257/3/1
f 263/4/1 259/4/1 258/4/1
f 263/3/1 258/3/1 262/3/1
f 264/3/1 260/3/1 259/3/1
f 264/4/1 259/4/1 263/4/1
f 265/3/1 260/3/1 264/3/1
f 270/3/1 267/3/1 266/3/1
f 271/3/1 267/3/1 270/3/1
f 272/4/1 269/4/1 268/4/1
f 273/4/1 269/4/1 272/4/1
f 278/3/1 275/3/1 274/3/1
f 279/3/1 275/3/1 278/3/1
f 282/3/1 277/3/1 276/3/1
f 283/3/1 277/3/1 282/3/1
f 284/4/1 280/4/1 279/4/1
f 285/4/1 280/4/1 284/4/1
f 286/3/1 285/3/1 284/3/1
f 287/3/1 285/3/1 286/3/1
f 290/3/1 282/3/1 281/3/1
f 291/3/1 282/3/1 290/3/1
f 292/3/1 288/3/1 287/3/1
f 293/3/1 288/3/1 292/3/1
f 296/3/1 290/3/1 289/3/1
f 297/3/1 290/3/1 296/3/1
f 298/4/1 296/4/1 295/4/1
f 299/4/1 296/4/1 298/4/1
f 300/3/1 294/3/1 293/3/1
f 301/3/1 294/3/1 300/3/1
f 304/3/1 299/3/1 298/3/1
f 305/3/1 299/3/1 304/3/1
f 306/3/1 302/3/1 301/3/1
f 307/3/1 302/3/1 306/3/1
f 310/3/1 304/3/1 303/3/1
f 311/3/1 304/3/1 310/3/1
f 312/3/1 308/3/1 307/3/1
f 315/3/1 310/3/1 309/3/1
f 316/3/1 310/3/1 315/3/1
f 317/3/1 313/3/1 312/3/1
f 317/3/1 312/3/1 307/3/1
f 318/3/1 313/3/1 317/3/1
f 319/3/1 313/3/1 318/3/1
f 323/3/1 315/3/1 314/3/1
f 324/2/1 316/2/1 315/2/1
f 324/3/1 315/3/1 323/3/1
f 325/2/1 316/2/1 324/2/1
f 326/2/1 319/2/1 318/2/1
f 327/3/1 322/3/1 321/3/1
f 327/2/1 319/2/1 326/2/1
f 327/3/1 320/3/1 319/3/1
f 327/3/1 321/3/1 320/3/1
f 328/3/1 322/3/1 327/3/1
f 329/4/1 323/4/1 322/4/1
f 329/3/1 322/3/1 328/3/1
f 330/3/1 324/3/1 323/3/1
f 330/4/1 323/4/1 329/4/1
f 331/3/1 324/3/1 330/3/1
f 332/3/1 328/3/1 327/3/1
f 333/2/1 329/2/1 328/2/1
f 333/3/1 328/3/1 332/3/1
f 334/3/1 330/3/1 329/3/1
f 334/2/1 329/2/1 333/2/1
f 335/3/1 330/3/1 334/3/1
f 340/1/1 337/1/1 336/1/1
f 341/1/1 337/1/1 340/1/1
f 344/3/1 339/3/1 338/3/1
f 345/3/1 339/3/1 344/3/1
f 346/4/1 341/4/1 340/4/1
f 347/4/1 341/4/1 346/4/1
f 348/2/1 345/2/1 344/2/1
f 349/2/1 345/2/1 348/2/1
f 350/3/1 343/3/1 342/3/1
f 351/3/1 343/3/1 350/3/1
f 356/3/1 353/3/1 352/3/1
f 357/3/1 353/3/1 356/3/1
f 358/3/1 355/3/1 354/3/1
f 359/3/1 355/3/1 358/3/1
f 364/3/1 361/3/1 360/3/1
f 365/3/1 361/3/1 364/3/1
f 366/3/1 363/3/1 362/3/1
f 367/3/1 363/3/1 366/3/1
f 372/3/1 369/3/1 368/3/1
f 373/3/1 369/3/1 372/3/1
f 374/4/1 371/4/1 370/4/1
f 375/4/1 371/4/1 374/4/1
f 380/3/1 377/3/1 376/3/1
f 381/3/1 377/3/1 380/3/1
f 384/3/1 379/3/1 378/3/1
f 385/3/1 379/3/1 384/3/1
f 386/4/1 384/4/1 383/4/1
f 387/4/1 384/4/1 386/4/1
f 388/3/1 382/3/1 381/3/1
f 389/3/1 382/3/1 388/3/1
f 392/3/1 387/3/1 386/3/1
f 393/3/1 387/3/1 392/3/1
f 394/3/1 390/3/1 389/3/1
f 395/3/1 390/3/1 394/3/1
f 398/3/1 392/3/1 391/3/1
f 399/3/1 392/3/1 398/3/1
f 400/3/1 396/3/1 395/3/1
f 401/3/1 396/3/1 400/3/1
f 404/3/1 398/3/1 397/3/1
f 405/3/1 398/3/1 404/3/1
f 406/3/1 403/3/1 402/3/1
f 406/3/1 402/3/1 401/3/1
f 407/3/1 403/3/1 406/3/1
f 408/3/1 403/3/1 407/3/1
f 409/2/1 404/2/1 403/2/1
f 409/3/1 403/3/1 408/3/1
f 410/2/1 404/2/1 409/2/1
f 411/4/1 408/4/1 407/4/1
f 412/3/1 409/3/1 408/3/1
f 412/4/1 408/4/1 411/4/1
f 413/3/1 409/3/1 412/3/1
f 418/1/1 415/1/1 414/1/1
f 419/1/1 415/1/1 418/1/1
f 420/1/1 417/1/1 416/1/1
f 421/1/1 417/1/1 420/1/1
f 422/4/1 419/4/1 418/4/1
f 423/4/1 419/4/1 422/4/1
f 424/4/1 421/4/1 420/4/1
f 425/4/1 421/4/1 424/4/1
f 430/3/1 427/3/1 426/3/1
f 431/3/1 427/3/1 430/3/1
f 432/3/1 429/3/1 428/3/1
f 433/3/1 429/3/1 432/3/1
f 438/3/1 435/3/1 434/3/1
f 439/3/1 435/3/1 438/3/1
f 440/3/1 437/3/1 436/3/1
f 441/3/1 437/3/1 440/3/1
f 446/3/1 443/3/1 442/3/1
f 447/3/1 443/3/1 446/3/1
f 448/3/1 445/3/1 444/3/1
f 449/3/1 445/3/1 448/3/1
f 454/3/1 451/3/1 450/3/1
f 455/3/1 451/3/1 454/3/1
f 458/4/1 453/4/1 452/4/1
f 459/4/1 453/4/1 458/4/1
f 460/3/1 456/3/1 455/3/1
f 461/3/1 456/3/1 460/3/1
f 464/3/1 458/3/1 457/3/1
f 465/3/1 458/3/1 464/3/1
f 466/2/1 462/2/1 461/2/1
f 467/2/1 462/2/1 466/2/1
f 470/3/1 464/3/1 463/3/1
f 471/3/1 467/3/1 466/3/1
f 472/4/1 468/4/1 467/4/1
f 472/3/1 467/3/1 471/3/1
f 473/4/1 468/4/1 472/4/1
f 475/3/1 470/3/1 469/3/1
f 476/3/1 464/3/1 470/3/1
f 476/3/1 470/3/1 475/3/1
f 477/3/1 464/3/1 476/3/1
f 478/4/1 474/4/1 473/4/1
f 478/4/1 473/4/1 472/4/1
f 479/4/1 474/4/1 478/4/1
f 480/3/1 475/3/1 474/3/1
f 480/4/1 474/4/1 479/4/1
f 480/3/1 476/3/1 475/3/1
f 481/3/1 476/3/1 480/3/1
f 482/3/1 476/3/1 481/3/1
f 483/3/1 480/3/1 479/3/1
f 483/3/1 481/3/1 480/3/1
f 484/3/1 481/3/1 483/3/1
f 489/1/1 486/1/1 485/1/1
f 490/1/1 486/1/1 489/1/1
f 491/1/1 488/1/1 487/1/1
f 492/1/1 488/1/1 491/1/1
f 493/4/1 490/4/1 489/4/1
f 494/4/1 490/4/1 493/4/1
f 495/4/1 492/4/1 491/4/1
f 496/4/1 492/4/1 495/4/1
f 501/3/1 498/3/1 497/3/1
f 502/3/1 498/3/1 501/3/1
f 503/4/1 500/4/1 499/4/1
f 504/4/1 500/4/1 503/4/1
f 509/3/1 506/3/1 505/3/1
f 510/3/1 506/3/1 509/3/1
f 511/3/1 508/3/1 507/3/1
f 512/3/1 508/3/1 511/3/1
f 517/3/1 514/3/1 513/3/1
f 518/3/1 514/3/1 517/3/1
f 519/4/1 516/4/1 515/4/1
f 520/4/1 516/4/1 519/4/1
f 525/3/1 522/3/1 521/3/1
f 526/3/1 522/3/1 525/3/1
f 527/2/1 524/2/1 523/2/1
f 528/2/1 524/2/1 527/2/1
f 533/3/1 530/3/1 529/3/1
f 534/3/1 530/3/1 533/3/1
f 535/3/1 532/3/1 531/3/1
f 536/3/1 532/3/1 535/3/1
f 541/3/1 538/3/1 537/3/1
f 542/3/1 538/3/1 541/3/1
f 543/3/1 540/3/1 539/3/1
f 544/3/1 540/3/1 543/3/1
f 549/3/1 546/3/1 545/3/1
f 550/3/1 546/3/1 549/3/1
f 553/3/1 548/3/1 547/3/1
f 554/3/1 548/3/1 553/3/1
f 555/3/1 551/3/1 550/3/1
f 556/3/1 551/3/1 555/3/1
f 557/3/1 553/3/1 552/3/1
f 558/3/1 553/3/1 557/3/1
f 563/3/1 560/3/1 559/3/1
f 564/3/1 560/3/1 563/3/1
f 567/3/1 562/3/1 561/3/1
f 568/3/1 562/3/1 567/3/1
f 569/3/1 565/3/1 564/3/1
f 570/3/1 567/3/1 566/3/1
f 571/3/1 569/3/1 564/3/1
f 571/3/1 570/3/1 569/3/1
f 572/3/1 570/3/1 571/3/1
f 573/3/1 570/3/1 572/3/1
f 574/3/1 567/3/1 570/3/1
f 574/3/1 570/3/1 573/3/1
f 575/3/1 567/3/1 574/3/1
f 576/3/1 573/3/1 572/3/1
f 577/2/1 574/2/1 573/2/1
f 577/3/1 573/3/1 576/3/1
f 578/2/1 574/2/1 577/2/1
f 583/2/1 580/2/1 579/2/1
f 584/2/1 580/2/1 583/2/1
f 585/3/1 582/3/1 581/3/1
f 586/3/1 582/3/1 585/3/1
f 591/3/1 588/3/1 587/3/1
f 592/3/1 588/3/1 591/3/1
f 593/3/1 590/3/1 589/3/1
f 594/3/1 590/3/1 593/3/1
f 599/3/1 596/3/1 595/3/1
f 600/3/1 596/3/1 599/3/1
f 602/3/1 598/3/1 597/3/1
f 603/3/1 598/3/1 602/3/1
f 604/3/1 601/3/1 600/3/1
f 604/3/1 602/3/1 601/3/1
f 605/3/1 602/3/1 604/3/1
f 610/4/1 607/4/1 606/4/1
f 611/4/1 607/4/1 610/4/1
f 612/4/1 609/4/1 608/4/1
f 613/4/1 609/4/1 612/4/1
f 618/4/1 615/4/1 614/4/1
f 619/4/1 615/4/1 618/4/1
f 620/4/1 617/4/1 616/4/1
f 621/4/1 617/4/1 620/4/1
f 626/4/1 623/4/1 622/4/1
f 627/4/1 623/4/1 626/4/1
f 628/4/1 625/4/1 624/4/1
f 629/4/1 625/4/1 628/4/1
f 632/4/1 631/4/1 630/4/1
f 633/4/1 631/4/1 632/4/1
f 634/4/2 635/4/2 636/4/2
f 636/4/2 635/4/2 637/4/2
f 638/4/2 639/4/2 642/4/2
f 642/4/2 639/4/2 643/4/2
f 640/4/2 641/4/2 644/4/2
f 644/4/2 641/4/2 645/4/2
f 646/4/2 647/4/2 650/4/2
f 650/4/2 647/4/2 651/4/2
f 648/4/2 649/4/2 652/4/2
f 652/4/2 649/4/2 653/4/2
f 654/4/2 655/4/2 658/4/2
f 658/4/2 655/4/2 659/4/2
f 656/4/2 657/4/2 660/4/2
f 660/4/2 657/4/2 661/4/2
f 662/3/2 663/3/2 666/3/2
f 666/3/2 663/3/2 667/3/2
f 664/3/2 665/3/2 668/3/2
f 668/3/2 665/3/2 669/3/2
f 670/3/2 671/3/2 674/3/2
f 674/3/2 671/3/2 675/3/2
f 672/4/2 673/4/2 676/4/2
f 676/4/2 673/4/2 677/4/2
f 678/3/2 679/3/2 682/3/2
f 682/3/2 679/3/2 683/3/2
f 680/3/2 681/3/2 685/3/2
f 685/3/2 681/3/2 686/3/2
f 683/3/2 684/3/2 687/3/2
f 684/3/2 685/3/2 687/3/2
f 687/3/2 685/3/2 688/3/2
f 689/1/2 690/1/2 693/1/2
f 693/1/2 690/1/2 694/1/2
f 691/1/2 692/1/2 695/1/2
f 695/1/2 692/1/2 696/1/2
f 693/4/2 694/4/2 697/4/2
f 697/4/2 694/4/2 698/4/2
f 695/4/2 696/4/2 699/4/2
f 699/4/2 696/4/2 700/4/2
f 701/3/2 702/3/2 705/3/2
f 705/3/2 702/3/2 706/3/2
f 703/4/2 704/4/2 707/4/2
f 707/4/2 704/4/2 708/4/2
f 709/3/2 710/3/2 713/3/2
f 713/3/2 710/3/2 714/3/2
f 711/3/2 712/3/2 715/3/2
f 715/3/2 712/3/2 716/3/2
f 717/3/2 718/3/2 721/3/2
f 721/3/2 718/3/2 722/3/2
f 719/4/2 720/4/2 723/4/2
f 723/4/2 720/4/2 724/4/2
f 725/2/2 726/2/2 729/2/2
f 729/2/2 726/2/2 730/2/2
f 727/3/2 728/3/2 731/3/2
f 731/3/2 728/3/2 732/3/2
f 733/3/2 734/3/2 737/3/2
f 737/3/2 734/3/2 738/3/2
f 735/4/2 736/4/2 739/4/2
f 739/4/2 736/4/2 740/4/2
f 741/3/2 742/3/2 745/3/2
f 745/3/2 742/3/2 746/3/2
f 743/3/2 744/3/2 747/3/2
f 747/3/2 744/3/2 748/3/2
f 749/3/2 750/3/2 753/3/2
f 753/3/2 750/3/2 754/3/2
f 751/3/2 752/3/2 757/3/2
f 757/3/2 752/3/2 758/3/2
f 754/3/2 755/3/2 759/3/2
f 759/3/2 755/3/2 760/3/2
f 756/3/2 757/3/2 761/3/2
f 761/3/2 757/3/2 762/3/2
f 763/4/2 764/4/2 767/4/2
f 767/4/2 764/4/2 768/4/2
f 765/3/2 766/3/2 771/3/2
f 771/3/2 766/3/2 772/3/2
f 768/3/2 769/3/2 773/3/2
f 770/3/2 771/3/2 775/3/2
f 775/3/2 771/3/2 776/3/2
f 773/3/2 774/3/2 777/3/2
f 768/3/2 773/3/2 777/3/2
f 774/3/2 775/3/2 777/3/2
f 777/3/2 775/3/2 778/3/2
f 778/3/2 775/3/2 779/3/2
f 775/4/2 776/4/2 780/4/2
f 779/3/2 775/3/2 780/3/2
f 780/4/2 776/4/2 781/4/2
f 778/2/2 779/2/2 782/2/2
f 779/3/2 780/3/2 783/3/2
f 782/2/2 779/2/2 783/2/2
f 783/3/2 780/3/2 784/3/2
f 785/1/2 786/1/2 789/1/2
f 789/1/2 786/1/2 790/1/2
f 787/1/2 788/1/2 791/1/2
f 791/1/2 788/1/2 792/1/2
f 789/4/2 790/4/2 793/4/2
f 793/4/2 790/4/2 794/4/2
f 791/4/2 792/4/2 795/4/2
f 795/4/2 792/4/2 796/4/2
f 797/3/2 798/3/2 801/3/2
f 801/3/2 798/3/2 802/3/2
f 799/3/2 800/3/2 803/3/2
f 803/3/2 800/3/2 804/3/2
f 805/3/2 806/3/2 809/3/2
f 809/3/2 806/3/2 810/3/2
f 807/3/2 808/3/2 811/3/2
f 811/3/2 808/3/2 812/3/2
f 813/3/2 814/3/2 817/3/2
f 817/3/2 814/3/2 818/3/2
f 815/3/2 816/3/2 819/3/2
f 819/3/2 816/3/2 820/3/2
f 821/3/2 822/3/2 825/3/2
f 825/3/2 822/3/2 826/3/2
f 823/4/2 824/4/2 829/4/2
f 829/4/2 824/4/2 830/4/2
f 826/3/2 827/3/2 831/3/2
f 831/3/2 827/3/2 832/3/2
f 828/3/2 829/3/2 835/3/2
f 835/3/2 829/3/2 836/3/2
f 832/3/2 833/3/2 837/3/2
f 834/3/2 835/3/2 840/3/2
f 840/3/2 835/3/2 841/3/2
f 832/3/2 837/3/2 842/3/2
f 837/4/2 838/4/2 843/4/2
f 842/3/2 837/3/2 843/3/2
f 843/4/2 838/4/2 844/4/2
f 839/3/2 840/3/2 846/3/2
f 840/2/2 841/2/2 847/2/2
f 846/3/2 840/3/2 847/3/2
f 847/2/2 841/2/2 848/2/2
f 844/4/2 845/4/2 849/4/2
f 843/4/2 844/4/2 849/4/2
f 849/4/2 845/4/2 850/4/2
f 845/3/2 846/3/2 851/3/2
f 850/4/2 845/4/2 851/4/2
f 846/3/2 847/3/2 851/3/2
f 851/3/2 847/3/2 852/3/2
f 852/3/2 847/3/2 853/3/2
f 850/2/2 851/2/2 854/2/2
f 851/3/2 852/3/2 855/3/2
f 854/2/2 851/2/2 855/2/2
f 855/3/2 852/3/2 856/3/2
f 857/1/2 858/1/2 861/1/2
f 861/1/2 858/1/2 862/1/2
f 859/3/2 860/3/2 865/3/2
f 861/4/2 862/4/2 866/4/2
f 866/4/2 862/4/2 867/4/2
f 859/3/2 865/3/2 868/3/2
f 868/3/2 865/3/2 869/3/2
f 863/3/2 864/3/2 870/3/2
f 870/3/2 864/3/2 871/3/2
f 872/3/2 873/3/2 876/3/2
f 876/3/2 873/3/2 877/3/2
f 874/3/2 875/3/2 878/3/2
f 878/3/2 875/3/2 879/3/2
f 880/3/2 881/3/2 884/3/2
f 884/3/2 881/3/2 885/3/2
f 882/3/2 883/3/2 886/3/2
f 886/3/2 883/3/2 887/3/2
f 888/3/2 889/3/2 892/3/2
f 892/3/2 889/3/2 893/3/2
f 890/4/2 891/4/2 894/4/2
f 894/4/2 891/4/2 895/4/2
f 896/4/2 897/4/2 900/4/2
f 900/4/2 897/4/2 901/4/2
f 898/3/2 899/3/2 904/3/2
f 904/3/2 899/3/2 905/3/2
f 903/4/2 904/4/2 906/4/2
f 906/4/2 904/4/2 907/4/2
f 901/3/2 902/3/2 908/3/2
f 908/3/2 902/3/2 909/3/2
f 906/3/2 907/3/2 912/3/2
f 912/3/2 907/3/2 913/3/2
f 909/3/2 910/3/2 914/3/2
f 914/3/2 910/3/2 915/3/2
f 911/3/2 912/3/2 918/3/2
f 918/3/2 912/3/2 919/3/2
f 915/3/2 916/3/2 920/3/2
f 920/3/2 916/3/2 921/3/2
f 917/3/2 918/3/2 924/3/2
f 924/3/2 918/3/2 925/3/2
f 922/3/2 923/3/2 926/3/2
f 923/3/2 924/3/2 926/3/2
f 921/3/2 922/3/2 926/3/2
f 926/3/2 924/3/2 927/3/2
f 927/3/2 924/3/2 928/3/2
f 928/3/2 924/3/2 929/3/2
f 929/3/2 924/3/2 930/3/2
f 927/4/2 928/4/2 931/4/2
f 928/3/2 929/3/2 932/3/2
f 931/4/2 928/4/2 932/4/2
f 932/3/2 929/3/2 933/3/2
f 934/3/2 935/3/2 938/3/2
f 938/3/2 935/3/2 939/3/2
f 936/4/2 937/4/2 940/4/2
f 940/4/2 937/4/2 941/4/2
f 942/3/2 943/3/2 946/3/2
f 946/3/2 943/3/2 947/3/2
f 944/3/2 945/3/2 950/3/2
f 950/3/2 945/3/2 951/3/2
f 947/3/2 948/3/2 952/3/2
f 952/3/2 948/3/2 953/3/2
f 952/2/2 953/2/2 954/2/2
f 954/2/2 953/2/2 955/2/2
f 949/3/2 950/3/2 958/3/2
f 958/3/2 950/3/2 959/3/2
f 955/3/2 956/3/2 960/3/2
f 960/3/2 956/3/2 961/3/2
f 957/2/2 958/2/2 964/2/2
f 964/2/2 958/2/2 965/2/2
f 963/4/2 964/4/2 966/4/2
f 966/4/2 964/4/2 967/4/2
f 961/3/2 962/3/2 968/3/2
f 968/3/2 962/3/2 969/3/2
f 966/3/2 967/3/2 972/3/2
f 972/3/2 967/3/2 973/3/2
f 969/3/2 970/3/2 974/3/2
f 974/3/2 970/3/2 975/3/2
f 971/3/2 972/3/2 978/3/2
f 978/3/2 972/3/2 979/3/2
f 975/3/2 976/3/2 980/3/2
f 977/3/2 978/3/2 983/3/2
f 980/3/2 981/3/2 984/3/2
f 975/3/2 980/3/2 984/3/2
f 984/3/2 981/3/2 985/3/2
f 985/3/2 981/3/2 986/3/2
f 982/3/2 983/3/2 990/3/2
f 983/3/2 978/3/2 991/3/2
f 990/3/2 983/3/2 991/3/2
f 991/3/2 978/3/2 992/3/2
f 988/3/2 989/3/2 993/3/2
f 985/3/2 986/3/2 993/3/2
f 986/3/2 987/3/2 993/3/2
f 987/3/2 988/3/2 993/3/2
f 993/3/2 989/3/2 994/3/2
f 994/3/2 989/3/2 995/3/2
f 989/4/2 990/4/2 996/4/2
f 995/3/2 989/3/2 996/3/2
f 990/3/2 991/3/2 997/3/2
f 996/4/2 990/4/2 997/4/2
f 997/3/2 991/3/2 998/3/2
f 994/2/2 995/2/2 999/2/2
f 995/3/2 996/3/2 1000/3/2
f 999/2/2 995/2/2 1000/2/2
f 996/2/2 997/2/2 1001/2/2
f 1000/3/2 996/3/2 1001/3/2
f 1001/2/2 997/2/2 1002/2/2
f 1003/3/2 1004/3/2 1007/3/2
f 1007/3/2 1004/3/2 1008/3/2
f 1005/3/2 1006/3/2 1009/3/2
f 1009/3/2 1006/3/2 1010/3/2
f 1011/3/2 1012/3/2 1015/3/2
f 1015/3/2 1012/3/2 1016/3/2
f 1013/4/2 1014/4/2 1019/4/2
f 1019/4/2 1014/4/2 1020/4/2
f 1016/3/2 1017/3/2 1021/3/2
f 1021/3/2 1017/3/2 1022/3/2
f 1018/3/2 1019/3/2 1023/3/2
f 1023/3/2 1019/3/2 1024/3/2
f 1025/3/2 1026/3/2 1029/3/2
f 1029/3/2 1026/3/2 1030/3/2
f 1027/3/2 1028/3/2 1033/3/2
f 1033/3/2 1028/3/2 1034/3/2
f 1030/3/2 1031/3/2 1035/3/2
f 1035/3/2 1031/3/2 1036/3/2
f 1032/3/2 1033/3/2 1039/3/2
f 1039/3/2 1033/3/2 1040/3/2
f 1036/3/2 1037/3/2 1041/3/2
f 1038/3/2 1039/3/2 1044/3/2
f 1044/3/2 1039/3/2 1045/3/2
f 1041/3/2 1042/3/2 1046/3/2
f 1036/3/2 1041/3/2 1046/3/2
f 1046/3/2 1042/3/2 1047/3/2
f 1047/3/2 1042/3/2 1048/3/2
f 1043/3/2 1044/3/2 1051/3/2
f 1044/4/2 1045/4/2 1052/4/2
f 1051/3/2 1044/3/2 1052/3/2
f 1052/4/2 1045/4/2 1053/4/2
f 1047/4/2 1048/4/2 1054/4/2
f 1048/3/2 1049/3/2 1055/3/2
f 1054/4/2 1048/4/2 1055/4/2
f 1055/3/2 1049/3/2 1056/3/2
f 1050/3/2 1051/3/2 1058/3/2
f 1051/3/2 1052/3/2 1058/3/2
f 1058/3/2 1052/3/2 1059/3/2
f 1059/3/2 1052/3/2 1060/3/2
f 1056/3/2 1057/3/2 1061/3/2
f 1055/3/2 1056/3/2 1061/3/2
f 1057/3/2 1058/3/2 1061/3/2
f 1061/3/2 1058/3/2 1062/3/2
f 1062/3/2 1058/3/2 1063/3/2
f 1063/3/2 1058/3/2 1064/3/2
f 1058/2/2 1059/2/2 1065/2/2
f 1064/3/2 1058/3/2 1065/3/2
f 1065/2/2 1059/2/2 1066/2/2
f 1062/3/2 1063/3/2 1067/3/2
f 1063/4/2 1064/4/2 1068/4/2
f 1067/3/2 1063/3/2 1068/3/2
f 1064/3/2 1065/3/2 1069/3/2
f 1068/4/2 1064/4/2 1069/4/2
f 1069/3/2 1065/3/2 1070/3/2
f 1071/3/2 1072/3/2 1075/3/2
f 1075/3/2 1072/3/2 1076/3/2
f 1075/4/2 1076/4/2 1077/4/2
f 1077/4/2 1076/4/2 1078/4/2
f 1073/3/2 1074/3/2 1081/3/2
f 1081/3/2 1074/3/2 1082/3/2
f 1078/3/2 1079/3/2 1083/3/2
f 1083/3/2 1079/3/2 1084/3/2
f 1080/3/2 1081/3/2 1087/3/2
f 1087/3/2 1081/3/2 1088/3/2
f 1084/3/2 1085/3/2 1089/3/2
f 1089/3/2 1085/3/2 1090/3/2
f 1086/3/2 1087/3/2 1093/3/2
f 1089/4/2 1090/4/2 1094/4/2
f 1090/3/2 1091/3/2 1095/3/2
f 1094/4/2 1090/4/2 1095/4/2
f 1095/3/2 1091/3/2 1096/3/2
f 1092/3/2 1093/3/2 1097/3/2
f 1093/3/2 1087/3/2 1098/3/2
f 1097/3/2 1093/3/2 1098/3/2
f 1098/3/2 1087/3/2 1099/3/2
f 1095/2/2 1096/2/2 1100/2/2
f 1100/2/2 1096/2/2 1101/2/2
f 1097/4/2 1098/4/2 1105/4/2
f 1105/4/2 1098/4/2 1106/4/2
f 1102/3/2 1103/3/2 1107/3/2
f 1101/3/2 1102/3/2 1107/3/2
f 1107/3/2 1103/3/2 1108/3/2
f 1108/3/2 1103/3/2 1109/3/2
f 1104/3/2 1105/3/2 1112/3/2
f 1112/3/2 1105/3/2 1113/3/2
f 1113/3/2 1105/3/2 1114/3/2
f 1108/4/2 1109/4/2 1115/4/2
f 1109/3/2 1110/3/2 1116/3/2
f 1115/4/2 1109/4/2 1116/4/2
f 1116/3/2 1110/3/2 1117/3/2
f 1112/3/2 1113/3/2 1120/3/2
f 1111/3/2 1112/3/2 1120/3/2
f 1120/3/2 1113/3/2 1121/3/2
f 1121/3/2 1113/3/2 1122/3/2
f 1118/3/2 1119/3/2 1123/3/2
f 1117/3/2 1118/3/2 1123/3/2
f 1120/3/2 1121/3/2 1123/3/2
f 1119/3/2 1120/3/2 1123/3/2
f 1116/3/2 1117/3/2 1123/3/2
f 1123/3/2 1121/3/2 1124/3/2
f 1124/3/2 1121/3/2 1125/3/2
f 1125/3/2 1121/3/2 1126/3/2
f 1126/3/2 1121/3/2 1127/3/2
f 1124/3/2 1125/3/2 1128/3/2
f 1125/4/2 1126/4/2 1129/4/2
f 1128/3/2 1125/3/2 1129/3/2
f 1129/4/2 1126/4/2 1130/4/2
f 1131/3/2 1132/3/2 1135/3/2
f 1131/3/2 1135/3/2 1136/3/2
f 1131/3/2 1136/3/2 1137/3/2
f 1137/3/2 1136/3/2 1138/3/2
f 1133/3/2 1134/3/2 1141/3/2
f 1141/3/2 1134/3/2 1142/3/2
f 1138/3/2 1139/3/2 1143/3/2
f 1143/3/2 1139/3/2 1144/3/2
f 1140/3/2 1141/3/2 1147/3/2
f 1147/3/2 1141/3/2 1148/3/2
f 1144/3/2 1145/3/2 1149/3/2
f 1149/3/2 1145/3/2 1150/3/2
f 1146/2/2 1147/2/2 1153/2/2
f 1153/2/2 1147/2/2 1154/2/2
f 1150/3/2 1151/3/2 1155/3/2
f 1152/3/2 1153/3/2 1159/3/2
f 1150/3/2 1155/3/2 1160/3/2
f 1155/4/2 1156/4/2 1161/4/2
f 1160/3/2 1155/3/2 1161/3/2
f 1156/3/2 1157/3/2 1162/3/2
f 1161/4/2 1156/4/2 1162/4/2
f 1162/3/2 1157/3/2 1163/3/2
f 1158/3/2 1159/3/2 1166/3/2
f 1166/3/2 1159/3/2 1167/3/2
f 1159/3/2 1153/3/2 1168/3/2
f 1167/3/2 1159/3/2 1168/3/2
f 1162/3/2 1163/3/2 1169/3/2
f 1163/3/2 1164/3/2 1169/3/2
f 1169/3/2 1164/3/2 1170/3/2
f 1164/2/2 1165/2/2 1171/2/2
f 1170/3/2 1164/3/2 1171/3/2
f 1166/3/2 1167/3/2 1172/3/2
f 1171/2/2 1165/2/2 1172/2/2
f 1165/3/2 1166/3/2 1172/3/2
f 1172/3/2 1167/3/2 1173/3/2
f 1173/3/2 1167/3/2 1174/3/2
f 1174/3/2 1167/3/2 1175/3/2
f 1170/3/2 1171/3/2 1176/3/2
f 1171/3/2 1172/3/2 1176/3/2
f 1172/4/2 1173/4/2 1177/4/2
f 1176/3/2 1172/3/2 1177/3/2
f 1173/3/2 1174/3/2 1178/3/2
f 1177/4/2 1173/4/2 1178/4/2
f 1178/3/2 1174/3/2 1179/3/2
f 1180/3/2 1181/3/2 1184/3/2
f 1184/3/2 1181/3/2 1185/3/2
f 1184/4/2 1185/4/2 1186/4/2
f 1186/4/2 1185/4/2 1187/4/2
f 1182/3/2 1183/3/2 1190/3/2
f 1187/3/2 1188/3/2 1191/3/2
f 1186/3/2 1187/3/2 1191/3/2
f 1191/3/2 1188/3/2 1192/3/2
f 1192/3/2 1188/3/2 1193/3/2
f 1189/3/2 1190/3/2 1196/3/2
f 1190/3/2 1183/3/2 1197/3/2
f 1196/3/2 1190/3/2 1197/3/2
f 1197/3/2 1183/3/2 1198/3/2
f 1193/3/2 1194/3/2 1199/3/2
f 1192/3/2 1193/3/2 1199/3/2
f 1199/3/2 1194/3/2 1200/3/2
f 1200/3/2 1194/3/2 1201/3/2
f 1195/3/2 1196/3/2 1206/3/2
f 1196/3/2 1197/3/2 1206/3/2
f 1206/3/2 1197/3/2 1207/3/2
f 1207/3/2 1197/3/2 1208/3/2
f 1202/3/2 1203/3/2 1209/3/2
f 1200/3/2 1201/3/2 1209/3/2
f 1201/3/2 1202/3/2 1209/3/2
f 1209/3/2 1203/3/2 1210/3/2
f 1210/3/2 1203/3/2 1211/3/2
f 1204/3/2 1205/3/2 1212/3/2
f 1206/3/2 1207/3/2 1212/3/2
f 1205/3/2 1206/3/2 1212/3/2
f 1212/3/2 1207/3/2 1213/3/2
f 1213/3/2 1207/3/2 1214/3/2
f 1210/3/2 1211/3/2 1215/3/2
f 1212/3/2 1213/3/2 1215/3/2
f 1211/3/2 1212/3/2 1215/3/2
f 1215/3/2 1213/3/2 1216/3/2
f 1216/3/2 1213/3/2 1217/3/2
f 1217/3/2 1213/3/2 1218/3/2
f 1216/3/2 1217/3/2 1219/3/2
f 1219/3/2 1217/3/2 1220/3/2
f 1223/3/2 1224/3/2 1225/3/2
f 1225/3/2 1224/3/2 1226/3/2
f 1221/3/2 1222/3/2 1227/3/2
f 1227/3/2 1222/3/2 1228/3/2
f 1228/3/2 1222/3/2 1229/3/2
f 1225/2/2 1226/2/2 1232/2/2
f 1226/3/2 1224/3/2 1233/3/2
f 1232/2/2 1226/2/2 1233/2/2
f 1233/3/2 1224/3/2 1234/3/2
f 1229/3/2 1230/3/2 1235/3/2
f 1228/3/2 1229/3/2 1235/3/2
f 1235/3/2 1230/3/2 1236/3/2
f 1236/3/2 1230/3/2 1237/3/2
f 1237/3/2 1230/3/2 1238/3/2
f 1231/3/2 1232/3/2 1240/3/2
f 1232/3/2 1233/3/2 1240/3/2
f 1240/3/2 1233/3/2 1241/3/2
f 1241/3/2 1233/3/2 1242/3/2
f 1242/3/2 1233/3/2 1243/3/2
f 1236/3/2 1237/3/2 1244/3/2
f 1237/2/2 1238/2/2 1245/2/2
f 1244/3/2 1237/3/2 1245/3/2
f 1238/4/2 1239/4/2 1246/4/2
f 1245/2/2 1238/2/2 1246/2/2
f 1239/3/2 1240/3/2 1247/3/2
f 1246/4/2 1239/4/2 1247/4/2
f 1240/3/2 1241/3/2 1247/3/2
f 1247/3/2 1241/3/2 1248/3/2
f 1241/4/2 1242/4/2 1249/4/2
f 1248/3/2 1241/3/2 1249/3/2
f 1249/4/2 1242/4/2 1250/4/2
f 1247/4/2 1248/4/2 1251/4/2
f 1246/4/2 1247/4/2 1251/4/2
f 1251/4/2 1248/4/2 1252/4/2
f 1253/3/2 1254/3/2 1257/3/2
f 1257/3/2 1254/3/2 1258/3/2
f 1253/3/2 1257/3/2 1259/3/2
f 1257/4/2 1258/4/2 1260/4/2
f 1259/3/2 1257/3/2 1260/3/2
f 1258/3/2 1254/3/2 1261/3/2
f 1260/4/2 1258/4/2 1261/4/2
f 1254/2/2 1255/2/2 1262/2/2
f 1261/3/2 1254/3/2 1262/3/2
f 1255/3/2 1256/3/2 1263/3/2
f 1262/2/2 1255/2/2 1263/2/2
f 1263/3/2 1256/3/2 1264/3/2
f 1264/3/2 1256/3/2 1265/3/2
f 1261/3/2 1262/3/2 1266/3/2
f 1260/3/2 1261/3/2 1266/3/2
f 1262/3/2 1263/3/2 1266/3/2
f 1263/4/2 1264/4/2 1267/4/2
f 1266/3/2 1263/3/2 1267/3/2
f 1267/4/2 1264/4/2 1268/4/2
f 1272/3/3 1270/3/3 1269/3/3
f 1272/2/3 1271/2/3 1270/2/3
f 1273/2/3 1271/2/3 1272/2/3
f 1274/3/3 1273/3/3 1272/3/3
f 1276/3/3 1272/3/3 1269/3/3
f 1276/3/3 1275/3/3 1274/3/3
f 1276/3/3 1274/3/3 1272/3/3
f 1277/3/3 1275/3/3 1276/3/3
f 1278/3/3 1276/3/3 1269/3/3
f 1278/4/3 1277/4/3 1276/4/3
f 1279/3/3 1275/3/3 1277/3/3
f 1279/4/3 1277/4/3 1278/4/3
f 1280/3/3 1279/3/3 1278/3/3
f 1280/3/3 1275/3/3 1279/3/3
f 1281/3/3 1275/3/3 1280/3/3
f 1282/3/3 1278/3/3 1269/3/3
f 1282/3/3 1280/3/3 1278/3/3
f 1283/3/3 1280/3/3 1282/3/3
f 1286/3/3 1285/3/3 1284/3/3
f 1288/3/3 1286/3/3 1284/3/3
f 1288/3/3 1287/3/3 1286/3/3
f 1289/3/3 1287/3/3 1288/3/3
f 1290/3/3 1287/3/3 1289/3/3
f 1291/3/3 1287/3/3 1290/3/3
f 1293/4/3 1291/4/3 1290/4/3
f 1294/3/3 1292/3/3 1291/3/3
f 1294/4/3 1291/4/3 1293/4/3
f 1295/3/3 1294/3/3 1293/3/3
f 1296/3/3 1292/3/3 1294/3/3
f 1296/3/3 1294/3/3 1295/3/3
f 1297/3/3 1292/3/3 1296/3/3
f 1299/3/3 1298/3/3 1297/3/3
f 1299/3/3 1297/3/3 1296/3/3
f 1300/3/3 1298/3/3 1299/3/3
f 1301/3/3 1299/3/3 1296/3/3
f 1301/2/3 1300/2/3 1299/2/3
f 1302/2/3 1300/2/3 1301/2/3
f 1304/3/3 1301/3/3 1296/3/3
f 1304/3/3 1302/3/3 1301/3/3
f 1305/3/3 1302/3/3 1304/3/3
f 1306/3/3 1302/3/3 1305/3/3
f 1309/3/3 1304/3/3 1303/3/3
f 1309/3/3 1305/3/3 1304/3/3
f 1310/3/3 1305/3/3 1309/3/3
f 1311/3/3 1305/3/3 1310/3/3
f 1312/3/3 1308/3/3 1307/3/3
f 1312/4/3 1309/4/3 1308/4/3
f 1313/3/3 1310/3/3 1309/3/3
f 1313/4/3 1309/4/3 1312/4/3
f 1314/3/3 1310/3/3 1313/3/3
f 1315/3/3 1312/3/3 1307/3/3
f 1315/3/3 1313/3/3 1312/3/3
f 1316/3/3 1313/3/3 1315/3/3
f 1319/3/3 1318/3/3 1317/3/3
f 1320/3/3 1318/3/3 1319/3/3
f 1321/3/3 1318/3/3 1320/3/3
f 1323/3/3 1322/3/3 1321/3/3
f 1323/3/3 1321/3/3 1320/3/3
f 1324/3/3 1322/3/3 1323/3/3
f 1325/3/3 1322/3/3 1324/3/3
f 1327/3/3 1326/3/3 1325/3/3
f 1327/3/3 1325/3/3 1324/3/3
f 1328/3/3 1326/3/3 1327/3/3
f 1329/3/3 1326/3/3 1328/3/3
f 1331/3/3 1330/3/3 1329/3/3
f 1331/3/3 1329/3/3 1328/3/3
f 1332/3/3 1330/3/3 1331/3/3
f 1333/3/3 1330/3/3 1332/3/3
f 1335/3/3 1334/3/3 1333/3/3
f 1335/3/3 1333/3/3 1332/3/3
f 1336/3/3 1334/3/3 1335/3/3
f 1337/4/3 1336/4/3 1335/4/3
f 1338/4/3 1336/4/3 1337/4/3
f 1340/3/3 1338/3/3 1337/3/3
f 1341/3/3 1338/3/3 1340/3/3
f 1342/3/3 1338/3/3 1341/3/3
f 1343/3/3 1340/3/3 1339/3/3
f 1343/3/3 1341/3/3 1340/3/3
f 1344/3/3 1341/3/3 1343/3/3
f 1346/4/3 1344/4/3 1343/4/3
f 1347/3/3 1341/3/3 1344/3/3
f 1347/4/3 1344/4/3 1346/4/3
f 1348/3/3 1341/3/3 1347/3/3
f 1350/3/3 1346/3/3 1345/3/3
f 1350/3/3 1347/3/3 1346/3/3
f 1351/3/3 1347/3/3 1350/3/3
f 1352/3/3 1347/3/3 1351/3/3
f 1354/3/3 1350/3/3 1349/3/3
f 1354/3/3 1351/3/3 1350/3/3
f 1355/3/3 1351/3/3 1354/3/3
f 1356/3/3 1351/3/3 1355/3/3
f 1357/3/3 1354/3/3 1353/3/3
f 1358/4/3 1355/4/3 1354/4/3
f 1358/3/3 1354/3/3 1357/3/3
f 1359/4/3 1355/4/3 1358/4/3
f 1363/3/3 1361/3/3 1360/3/3
f 1364/4/3 1362/4/3 1361/4/3
f 1364/3/3 1361/3/3 1363/3/3
f 1365/4/3 1362/4/3 1364/4/3
f 1367/3/3 1366/3/3 1365/3/3
f 1368/3/3 1366/3/3 1367/3/3
f 1370/3/3 1369/3/3 1368/3/3
f 1371/3/3 1369/3/3 1370/3/3
f 1374/4/3 1372/4/3 1371/4/3
f 1375/3/3 1373/3/3 1372/3/3
f 1375/4/3 1372/4/3 1374/4/3
f 1376/3/3 1373/3/3 1375/3/3
f 1378/3/3 1376/3/3 1375/3/3
f 1378/3/3 1377/3/3 1376/3/3
f 1379/3/3 1377/3/3 1378/3/3
f 1380/3/3 1377/3/3 1379/3/3
f 1382/3/3 1381/3/3 1380/3/3
f 1382/3/3 1380/3/3 1379/3/3
f 1383/3/3 1381/3/3 1382/3/3
f 1384/3/3 1381/3/3 1383/3/3
f 1385/3/3 1381/3/3 1384/3/3
f 1387/3/3 1384/3/3 1383/3/3
f 1388/2/3 1385/2/3 1384/2/3
f 1388/3/3 1384/3/3 1387/3/3
f 1389/2/3 1385/2/3 1388/2/3
f 1390/3/3 1387/3/3 1386/3/3
f 1390/3/3 1388/3/3 1387/3/3
f 1391/3/3 1388/3/3 1390/3/3
f 1392/3/3 1388/3/3 1391/3/3
f 1394/2/3 1391/2/3 1390/2/3
f 1396/3/3 1394/3/3 1393/3/3
f 1397/2/3 1391/2/3 1394/2/3
f 1397/3/3 1394/3/3 1396/3/3
f 1398/2/3 1391/2/3 1397/2/3
f 1400/3/3 1396/3/3 1395/3/3
f 1401/3/3 1396/3/3 1400/3/3
f 1404/3/3 1400/3/3 1399/3/3
f 1405/3/3 1400/3/3 1404/3/3
f 1406/3/3 1403/3/3 1402/3/3
f 1406/3/3 1404/3/3 1403/3/3
f 1407/3/3 1404/3/3 1406/3/3
f 1410/3/3 1409/3/3 1408/3/3
f 1411/3/3 1409/3/3 1410/3/3
f 1412/3/3 1409/3/3 1411/3/3
f 1414/2/3 1413/2/3 1412/2/3
f 1415/2/3 1413/2/3 1414/2/3
f 1417/3/3 1416/3/3 1415/3/3
f 1418/3/3 1416/3/3 1417/3/3
f 1419/3/3 1416/3/3 1418/3/3
f 1421/3/3 1420/3/3 1419/3/3
f 1421/3/3 1419/3/3 1418/3/3
f 1422/3/3 1420/3/3 1421/3/3
f 1423/3/3 1420/3/3 1422/3/3
f 1425/3/3 1424/3/3 1423/3/3
f 1426/3/3 1424/3/3 1425/3/3
f 1428/4/3 1426/4/3 1425/4/3
f 1429/3/3 1427/3/3 1426/3/3
f 1429/4/3 1426/4/3 1428/4/3
f 1430/3/3 1427/3/3 1429/3/3
f 1432/2/3 1430/2/3 1429/2/3
f 1433/3/3 1431/3/3 1430/3/3
f 1433/2/3 1430/2/3 1432/2/3
f 1434/3/3 1431/3/3 1433/3/3
f 1436/3/3 1435/3/3 1434/3/3
f 1436/3/3 1434/3/3 1433/3/3
f 1437/3/3 1435/3/3 1436/3/3
f 1438/4/3 1437/4/3 1436/4/3
f 1439/3/3 1435/3/3 1437/3/3
f 1439/4/3 1437/4/3 1438/4/3
f 1440/3/3 1439/3/3 1438/3/3
f 1442/3/3 1439/3/3 1440/3/3
f 1443/3/3 1435/3/3 1439/3/3
f 1443/3/3 1439/3/3 1442/3/3
f 1444/3/3 1435/3/3 1443/3/3
f 1446/3/3 1442/3/3 1441/3/3
f 1446/3/3 1443/3/3 1442/3/3
f 1447/3/3 1443/3/3 1446/3/3
f 1448/3/3 1443/3/3 1447/3/3
f 1449/3/3 1446/3/3 1445/3/3
f 1449/3/3 1447/3/3 1446/3/3
f 1450/3/3 1447/3/3 1449/3/3
f 1453/3/3 1449/3/3 1445/3/3
f 1454/3/3 1449/3/3 1453/3/3
f 1456/3/3 1452/3/3 1451/3/3
f 1456/3/3 1453/3/3 1452/3/3
f 1457/3/3 1453/3/3 1456/3/3
f 1458/3/3 1453/3/3 1457/3/3
f 1460/3/3 1456/3/3 1455/3/3
f 1461/4/3 1457/4/3 1456/4/3
f 1461/3/3 1456/3/3 1460/3/3
f 1462/4/3 1457/4/3 1461/4/3
f 1466/3/3 1460/3/3 1459/3/3
f 1467/3/3 1460/3/3 1466/3/3
f 1468/3/3 1464/3/3 1463/3/3
f 1469/4/3 1465/4/3 1464/4/3
f 1469/3/3 1464/3/3 1468/3/3
f 1470/3/3 1466/3/3 1465/3/3
f 1470/4/3 1465/4/3 1469/4/3
f 1471/3/3 1466/3/3 1470/3/3
f 1474/3/3 1473/3/3 1472/3/3
f 1475/3/3 1473/3/3 1474/3/3
f 1478/3/3 1477/3/3 1476/3/3
f 1479/3/3 1477/3/3 1478/3/3
f 1481/3/3 1480/3/3 1479/3/3
f 1482/3/3 1480/3/3 1481/3/3
f 1485/3/3 1484/3/3 1483/3/3
f 1486/3/3 1484/3/3 1485/3/3
f 1488/2/3 1487/2/3 1486/2/3
f 1489/2/3 1487/2/3 1488/2/3
f 1491/3/3 1490/3/3 1489/3/3
f 1492/3/3 1490/3/3 1491/3/3
f 1493/3/3 1490/3/3 1492/3/3
f 1495/3/3 1494/3/3 1493/3/3
f 1495/3/3 1493/3/3 1492/3/3
f 1496/3/3 1494/3/3 1495/3/3
f 1497/3/3 1494/3/3 1496/3/3
f 1499/3/3 1498/3/3 1497/3/3
f 1499/3/3 1497/3/3 1496/3/3
f 1500/3/3 1498/3/3 1499/3/3
f 1501/3/3 1498/3/3 1500/3/3
f 1503/3/3 1502/3/3 1501/3/3
f 1503/3/3 1501/3/3 1500/3/3
f 1504/3/3 1502/3/3 1503/3/3
f 1505/4/3 1504/4/3 1503/4/3
f 1506/3/3 1502/3/3 1504/3/3
f 1506/4/3 1504/4/3 1505/4/3
f 1508/3/3 1506/3/3 1505/3/3
f 1509/3/3 1502/3/3 1506/3/3
f 1509/3/3 1506/3/3 1508/3/3
f 1510/3/3 1502/3/3 1509/3/3
f 1512/3/3 1508/3/3 1507/3/3
f 1512/3/3 1509/3/3 1508/3/3
f 1513/3/3 1509/3/3 1512/3/3
f 1514/3/3 1509/3/3 1513/3/3
f 1516/3/3 1512/3/3 1511/3/3
f 1517/4/3 1513/4/3 1512/4/3
f 1517/3/3 1512/3/3 1516/3/3
f 1518/4/3 1513/4/3 1517/4/3
f 1520/3/3 1516/3/3 1515/3/3
f 1520/3/3 1517/3/3 1516/3/3
f 1521/3/3 1517/3/3 1520/3/3
f 1523/3/3 1520/3/3 1519/3/3
f 1524/3/3 1520/3/3 1523/3/3
f 1527/2/3 1523/2/3 1522/2/3
f 1528/2/3 1523/2/3 1527/2/3
f 1530/3/3 1526/3/3 1525/3/3
f 1531/3/3 1526/3/3 1530/3/3
f 1535/3/3 1530/3/3 1529/3/3
f 1536/3/3 1530/3/3 1535/3/3
f 1537/3/3 1534/3/3 1533/3/3
f 1537/3/3 1533/3/3 1532/3/3
f 1538/3/3 1534/3/3 1537/3/3
f 1541/3/3 1540/3/3 1539/3/3
f 1542/3/3 1540/3/3 1541/3/3
f 1545/3/3 1544/3/3 1543/3/3
f 1546/3/3 1544/3/3 1545/3/3
f 1549/2/3 1547/2/3 1546/2/3
f 1550/3/3 1548/3/3 1547/3/3
f 1550/2/3 1547/2/3 1549/2/3
f 1551/3/3 1548/3/3 1550/3/3
f 1553/3/3 1552/3/3 1551/3/3
f 1554/3/3 1552/3/3 1553/3/3
f 1556/3/3 1555/3/3 1554/3/3
f 1557/3/3 1555/3/3 1556/3/3
f 1559/3/3 1558/3/3 1557/3/3
f 1560/3/3 1558/3/3 1559/3/3
f 1562/3/3 1561/3/3 1560/3/3
f 1563/3/3 1561/3/3 1562/3/3
f 1564/3/3 1561/3/3 1563/3/3
f 1566/3/3 1565/3/3 1564/3/3
f 1566/3/3 1564/3/3 1563/3/3
f 1567/3/3 1565/3/3 1566/3/3
f 1568/3/3 1565/3/3 1567/3/3
f 1570/3/3 1569/3/3 1568/3/3
f 1570/3/3 1568/3/3 1567/3/3
f 1571/3/3 1569/3/3 1570/3/3
f 1572/3/3 1570/3/3 1567/3/3
f 1573/2/3 1571/2/3 1570/2/3
f 1573/3/3 1570/3/3 1572/3/3
f 1574/2/3 1571/2/3 1573/2/3
f 1576/2/3 1573/2/3 1572/2/3
f 1577/3/3 1574/3/3 1573/3/3
f 1577/2/3 1573/2/3 1576/2/3
f 1578/3/3 1574/3/3 1577/3/3
f 1580/3/3 1576/3/3 1575/3/3
f 1580/3/3 1577/3/3 1576/3/3
f 1581/3/3 1577/3/3 1580/3/3
f 1582/3/3 1577/3/3 1581/3/3
f 1584/3/3 1580/3/3 1579/3/3
f 1584/3/3 1581/3/3 1580/3/3
f 1585/3/3 1581/3/3 1584/3/3
f 1587/3/3 1584/3/3 1583/3/3
f 1588/3/3 1584/3/3 1587/3/3
f 1590/3/3 1587/3/3 1586/3/3
f 1591/3/3 1587/3/3 1590/3/3
f 1594/3/3 1590/3/3 1589/3/3
f 1595/3/3 1590/3/3 1594/3/3
f 1597/3/3 1593/3/3 1592/3/3
f 1597/3/3 1594/3/3 1593/3/3
f 1598/3/3 1594/3/3 1597/3/3
f 1601/3/3 1597/3/3 1596/3/3
f 1602/3/3 1597/3/3 1601/3/3
f 1603/3/3 1600/3/3 1599/3/3
f 1604/3/3 1600/3/3 1603/3/3
f 1607/3/3 1606/3/3 1605/3/3
f 1608/3/3 1606/3/3 1607/3/3
f 1611/3/3 1610/3/3 1609/3/3
f 1612/3/3 1610/3/3 1611/3/3
f 1615/3/3 1614/3/3 1613/3/3
f 1616/3/3 1614/3/3 1615/3/3
f 1619/4/3 1618/4/3 1617/4/3
f 1620/4/3 1618/4/3 1619/4/3
f 1623/4/3 1622/4/3 1621/4/3
f 1624/4/3 1622/4/3 1623/4/3
f 1626/3/3 1625/3/3 1624/3/3
f 1627/3/3 1625/3/3 1626/3/3
f 1629/3/3 1628/3/3 1627/3/3
f 1630/3/3 1628/3/3 1629/3/3
f 1635/3/3 1631/3/3 1630/3/3
f 1636/3/3 1631/3/3 1635/3/3
f 1638/3/3 1637/3/3 1636/3/3
f 1639/3/3 1637/3/3 1638/3/3
f 1641/3/3 1639/3/3 1638/3/3
f 1641/2/3 1640/2/3 1639/2/3
f 1642/2/3 1640/2/3 1641/2/3
f 1643/3/3 1641/3/3 1638/3/3
f 1643/3/3 1642/3/3 1641/3/3
f 1644/3/3 1642/3/3 1643/3/3
f 1645/3/3 1642/3/3 1644/3/3
f 1646/1/3 1633/1/3 1632/1/3
f 1647/4/3 1634/4/3 1633/4/3
f 1647/1/3 1633/1/3 1646/1/3
f 1648/4/3 1634/4/3 1647/4/3
f 1650/3/3 1644/3/3 1643/3/3
f 1651/3/3 1644/3/3 1650/3/3
f 1653/3/3 1650/3/3 1649/3/3
f 1654/3/3 1650/3/3 1653/3/3
f 1656/3/3 1653/3/3 1652/3/3
f 1657/3/3 1653/3/3 1656/3/3
f 1659/3/3 1656/3/3 1655/3/3
f 1660/3/3 1656/3/3 1659/3/3
f 1663/4/3 1659/4/3 1658/4/3
f 1664/4/3 1659/4/3 1663/4/3
f 1665/4/3 1662/4/3 1661/4/3
f 1666/4/3 1662/4/3 1665/4/3
f 1671/3/3 1668/3/3 1667/3/3
f 1672/3/3 1668/3/3 1671/3/3
f 1675/3/3 1670/3/3 1669/3/3
f 1676/3/3 1670/3/3 1675/3/3
f 1677/3/3 1674/3/3 1673/3/3
f 1678/3/3 1674/3/3 1677/3/3
f 1681/3/3 1680/3/3 1679/3/3
f 1682/3/3 1680/3/3 1681/3/3
f 1685/3/3 1684/3/3 1683/3/3
f 1686/3/3 1684/3/3 1685/3/3
f 1689/3/3 1688/3/3 1687/3/3
f 1690/3/3 1688/3/3 1689/3/3
f 1693/2/3 1692/2/3 1691/2/3
f 1694/2/3 1692/2/3 1693/2/3
f 1699/3/3 1695/3/3 1694/3/3
f 1700/3/3 1695/3/3 1699/3/3
f 1703/1/3 1697/1/3 1696/1/3
f 1704/4/3 1698/4/3 1697/4/3
f 1704/1/3 1697/1/3 1703/1/3
f 1705/4/3 1698/4/3 1704/4/3
f 1706/2/3 1701/2/3 1700/2/3
f 1707/3/3 1702/3/3 1701/3/3
f 1707/2/3 1701/2/3 1706/2/3
f 1708/3/3 1702/3/3 1707/3/3
f 1710/3/3 1709/3/3 1708/3/3
f 1710/3/3 1708/3/3 1707/3/3
f 1711/3/3 1709/3/3 1710/3/3
f 1712/3/3 1709/3/3 1711/3/3
f 1714/4/3 1712/4/3 1711/4/3
f 1716/4/3 1712/4/3 1714/4/3
f 1717/3/3 1713/3/3 1712/3/3
f 1717/4/3 1712/4/3 1716/4/3
f 1718/3/3 1713/3/3 1717/3/3
f 1723/3/3 1716/3/3 1715/3/3
f 1724/4/3 1717/4/3 1716/4/3
f 1724/3/3 1716/3/3 1723/3/3
f 1725/4/3 1717/4/3 1724/4/3
f 1726/1/3 1720/1/3 1719/1/3
f 1727/4/3 1721/4/3 1720/4/3
f 1727/1/3 1720/1/3 1726/1/3
f 1728/4/3 1721/4/3 1727/4/3
f 1730/3/3 1723/3/3 1722/3/3
f 1730/3/3 1724/3/3 1723/3/3
f 1731/3/3 1724/3/3 1730/3/3
f 1733/3/3 1730/3/3 1729/3/3
f 1734/3/3 1730/3/3 1733/3/3
f 1737/3/3 1733/3/3 1732/3/3
f 1738/3/3 1733/3/3 1737/3/3
f 1741/3/3 1736/3/3 1735/3/3
f 1742/3/3 1736/3/3 1741/3/3
f 1745/3/3 1740/3/3 1739/3/3
f 1746/3/3 1740/3/3 1745/3/3
f 1747/3/3 1744/3/3 1743/3/3
f 1748/3/3 1744/3/3 1747/3/3
f 1751/3/3 1750/3/3 1749/3/3
f 1752/3/3 1750/3/3 1751/3/3
f 1755/4/3 1754/4/3 1753/4/3
f 1756/4/3 1754/4/3 1755/4/3
f 1759/3/3 1758/3/3 1757/3/3
f 1760/3/3 1758/3/3 1759/3/3
f 1763/3/3 1762/3/3 1761/3/3
f 1764/3/3 1762/3/3 1763/3/3
f 1767/2/3 1766/2/3 1765/2/3
f 1768/2/3 1766/2/3 1767/2/3
f 1771/3/3 1770/3/3 1769/3/3
f 1772/3/3 1770/3/3 1771/3/3
f 1778/3/3 1774/3/3 1773/3/3
f 1779/3/3 1774/3/3 1778/3/3
f 1781/1/3 1776/1/3 1775/1/3
f 1782/4/3 1777/4/3 1776/4/3
f 1782/1/3 1776/1/3 1781/1/3
f 1783/4/3 1777/4/3 1782/4/3
f 1784/3/3 1780/3/3 1779/3/3
f 1785/3/3 1780/3/3 1784/3/3
f 1788/4/3 1787/4/3 1786/4/3
f 1789/4/3 1787/4/3 1788/4/3
f 1791/3/3 1790/3/3 1789/3/3
f 1792/3/3 1790/3/3 1791/3/3
f 1793/3/3 1790/3/3 1792/3/3
f 1795/2/3 1793/2/3 1792/2/3
f 1796/3/3 1794/3/3 1793/3/3
f 1796/2/3 1793/2/3 1795/2/3
f 1798/3/3 1796/3/3 1795/3/3
f 1799/3/3 1794/3/3 1796/3/3
f 1799/3/3 1796/3/3 1798/3/3
f 1800/3/3 1794/3/3 1799/3/3
f 1802/3/3 1798/3/3 1797/3/3
f 1802/3/3 1799/3/3 1798/3/3
f 1803/3/3 1799/3/3 1802/3/3
f 1809/4/3 1802/4/3 1801/4/3
f 1810/4/3 1802/4/3 1809/4/3
f 1811/1/3 1805/1/3 1804/1/3
f 1812/4/3 1806/4/3 1805/4/3
f 1812/1/3 1805/1/3 1811/1/3
f 1813/4/3 1806/4/3 1812/4/3
f 1815/3/3 1808/3/3 1807/3/3
f 1816/3/3 1808/3/3 1815/3/3
f 1819/2/3 1815/2/3 1814/2/3
f 1820/2/3 1815/2/3 1819/2/3
f 1823/3/3 1818/3/3 1817/3/3
f 1824/3/3 1818/3/3 1823/3/3
f 1827/3/3 1822/3/3 1821/3/3
f 1828/3/3 1822/3/3 1827/3/3
f 1831/3/3 1826/3/3 1825/3/3
f 1832/3/3 1826/3/3 1831/3/3
f 1835/3/3 1830/3/3 1829/3/3
f 1836/3/3 1830/3/3 1835/3/3
f 1839/4/3 1834/4/3 1833/4/3
f 1840/4/3 1834/4/3 1839/4/3
f 1841/3/3 1838/3/3 1837/3/3
f 1842/3/3 1838/3/3 1841/3/3
f 1845/4/3 1844/4/3 1843/4/3
f 1846/4/3 1844/4/3 1845/4/3
f 1849/3/3 1848/3/3 1847/3/3
f 1850/3/3 1848/3/3 1849/3/3
f 1853/3/3 1852/3/3 1851/3/3
f 1854/3/3 1852/3/3 1853/3/3
f 1857/3/3 1855/3/3 1854/3/3
f 1858/3/3 1855/3/3 1857/3/3
f 1861/2/3 1857/2/3 1856/2/3
f 1862/2/3 1857/2/3 1861/2/3
f 1865/2/3 1860/2/3 1859/2/3
f 1866/2/3 1860/2/3 1865/2/3
f 1867/4/3 1864/4/3 1863/4/3
f 1868/4/3 1864/4/3 1867/4/3
f 1871/4/3 1870/4/3 1869/4/3
f 1872/4/3 1870/4/3 1871/4/3
f 1875/4/3 1874/4/3 1873/4/3
f 1876/4/3 1874/4/3 1875/4/3
f 1879/4/3 1878/4/3 1877/4/3
f 1880/4/3 1878/4/3 1879/4/3
f 1883/4/3 1882/4/3 1881/4/3
f 1884/4/3 1882/4/3 1883/4/3
f 1887/4/3 1886/4/3 1885/4/3
f 1888/4/3 1886/4/3 1887/4/3
f 1891/4/3 1890/4/3 1889/4/3
f 1892/4/3 1890/4/3 1891/4/3
f 1895/4/3 1894/4/3 1893/4/3
f 1896/4/3 1894/4/3 1895/4/3
f 1897/4/4 1898/4/4 1899/4/4
f 1899/4/4 1898/4/4 1900/4/4
f 1901/4/4 1902/4/4 1903/4/4
f 1903/4/4 1902/4/4 1904/4/4
f 1905/4/4 1906/4/4 1907/4/4
f 1907/4/4 1906/4/4 1908/4/4
f 1909/4/4 1910/4/4 1911/4/4
f 1911/4/4 1910/4/4 1912/4/4
f 1913/4/4 1914/4/4 1915/4/4
f 1915/4/4 1914/4/4 1916/4/4
f 1917/4/4 1918/4/4 1919/4/4
f 1919/4/4 1918/4/4 1920/4/4
f 1921/4/4 1922/4/4 1923/4/4
f 1923/4/4 1922/4/4 1924/4/4
f 1925/3/4 1926/3/4 1927/3/4
f 1927/3/4 1926/3/4 1928/3/4
f 1929/3/4 1930/3/4 1931/3/4
f 1931/3/4 1930/3/4 1932/3/4
f 1933/2/4 1934/2/4 1935/2/4
f 1935/2/4 1934/2/4 1936/2/4
f 1936/3/4 1937/3/4 1939/3/4
f 1939/3/4 1937/3/4 1940/3/4
f 1938/3/4 1939/3/4 1943/3/4
f 1943/3/4 1939/3/4 1944/3/4
f 1941/3/4 1942/3/4 1947/3/4
f 1947/3/4 1942/3/4 1948/3/4
f 1945/3/4 1946/3/4 1949/3/4
f 1949/3/4 1946/3/4 1950/3/4
f 1951/4/4 1952/4/4 1953/4/4
f 1953/4/4 1952/4/4 1954/4/4
f 1955/2/4 1956/2/4 1957/2/4
f 1957/2/4 1956/2/4 1958/2/4
f 1959/3/4 1960/3/4 1961/3/4
f 1961/3/4 1960/3/4 1962/3/4
f 1963/3/4 1964/3/4 1965/3/4
f 1965/3/4 1964/3/4 1966/3/4
f 1967/4/4 1968/4/4 1969/4/4
f 1969/4/4 1968/4/4 1970/4/4
f 1971/3/4 1972/3/4 1973/3/4
f 1973/3/4 1972/3/4 1974/3/4
f 1975/3/4 1976/3/4 1980/3/4
f 1980/3/4 1976/3/4 1981/3/4
f 1977/1/4 1978/1/4 1983/1/4
f 1978/4/4 1979/4/4 1984/4/4
f 1983/1/4 1978/1/4 1984/1/4
f 1984/4/4 1979/4/4 1985/4/4
f 1981/2/4 1982/2/4 1986/2/4
f 1986/2/4 1982/2/4 1987/2/4
f 1988/3/4 1989/3/4 1990/3/4
f 1990/3/4 1989/3/4 1991/3/4
f 1991/3/4 1992/3/4 1993/3/4
f 1993/3/4 1992/3/4 1994/3/4
f 1994/3/4 1992/3/4 1995/3/4
f 1995/3/4 1996/3/4 1997/3/4
f 1994/3/4 1995/3/4 1997/3/4
f 1997/3/4 1996/3/4 1999/3/4
f 1999/3/4 1996/3/4 2000/3/4
f 2000/3/4 1996/3/4 2001/3/4
f 1998/3/4 1999/3/4 2003/3/4
f 1999/4/4 2000/4/4 2004/4/4
f 2003/3/4 1999/3/4 2004/3/4
f 2004/4/4 2000/4/4 2005/4/4
f 2002/3/4 2003/3/4 2011/3/4
f 2011/3/4 2003/3/4 2012/3/4
f 2006/1/4 2007/1/4 2013/1/4
f 2007/4/4 2008/4/4 2014/4/4
f 2013/1/4 2007/1/4 2014/1/4
f 2014/4/4 2008/4/4 2015/4/4
f 2009/3/4 2010/3/4 2017/3/4
f 2017/3/4 2010/3/4 2018/3/4
f 2016/2/4 2017/2/4 2021/2/4
f 2021/2/4 2017/2/4 2022/2/4
f 2019/3/4 2020/3/4 2025/3/4
f 2025/3/4 2020/3/4 2026/3/4
f 2023/4/4 2024/4/4 2029/4/4
f 2029/4/4 2024/4/4 2030/4/4
f 2027/3/4 2028/3/4 2033/3/4
f 2033/3/4 2028/3/4 2034/3/4
f 2031/3/4 2032/3/4 2037/3/4
f 2037/3/4 2032/3/4 2038/3/4
f 2035/4/4 2036/4/4 2041/4/4
f 2041/4/4 2036/4/4 2042/4/4
f 2039/4/4 2040/4/4 2043/4/4
f 2043/4/4 2040/4/4 2044/4/4
f 2045/3/4 2046/3/4 2047/3/4
f 2047/3/4 2046/3/4 2048/3/4
f 2049/3/4 2050/3/4 2051/3/4
f 2051/3/4 2050/3/4 2052/3/4
f 2053/2/4 2054/2/4 2055/2/4
f 2055/2/4 2054/2/4 2056/2/4
f 2057/3/4 2058/3/4 2059/3/4
f 2059/3/4 2058/3/4 2060/3/4
f 2060/3/4 2061/3/4 2065/3/4
f 2065/3/4 2061/3/4 2066/3/4
f 2062/1/4 2063/1/4 2068/1/4
f 2063/4/4 2064/4/4 2069/4/4
f 2068/1/4 2063/1/4 2069/1/4
f 2069/4/4 2064/4/4 2070/4/4
f 2066/3/4 2067/3/4 2071/3/4
f 2071/3/4 2067/3/4 2072/3/4
f 2072/3/4 2067/3/4 2073/3/4
f 2073/3/4 2074/3/4 2075/3/4
f 2072/3/4 2073/3/4 2075/3/4
f 2075/3/4 2074/3/4 2076/3/4
f 2076/3/4 2074/3/4 2077/3/4
f 2077/3/4 2078/3/4 2079/3/4
f 2076/3/4 2077/3/4 2079/3/4
f 2079/3/4 2078/3/4 2080/3/4
f 2076/3/4 2079/3/4 2082/3/4
f 2079/4/4 2080/4/4 2083/4/4
f 2082/3/4 2079/3/4 2083/3/4
f 2083/4/4 2080/4/4 2084/4/4
f 2081/3/4 2082/3/4 2089/3/4
f 2082/3/4 2083/3/4 2089/3/4
f 2089/3/4 2083/3/4 2090/3/4
f 2090/3/4 2083/3/4 2091/3/4
f 2085/1/4 2086/1/4 2092/1/4
f 2086/4/4 2087/4/4 2093/4/4
f 2092/1/4 2086/1/4 2093/1/4
f 2093/4/4 2087/4/4 2094/4/4
f 2088/3/4 2089/3/4 2096/3/4
f 2089/2/4 2090/2/4 2097/2/4
f 2096/3/4 2089/3/4 2097/3/4
f 2097/2/4 2090/2/4 2098/2/4
f 2095/3/4 2096/3/4 2100/3/4
f 2100/3/4 2096/3/4 2101/3/4
f 2099/3/4 2100/3/4 2104/3/4
f 2104/3/4 2100/3/4 2105/3/4
f 2102/2/4 2103/2/4 2108/2/4
f 2108/2/4 2103/2/4 2109/2/4
f 2106/3/4 2107/3/4 2112/3/4
f 2112/3/4 2107/3/4 2113/3/4
f 2110/3/4 2111/3/4 2114/3/4
f 2114/3/4 2111/3/4 2115/3/4
f 2116/3/4 2117/3/4 2118/3/4
f 2118/3/4 2117/3/4 2119/3/4
f 2120/4/4 2121/4/4 2122/4/4
f 2122/4/4 2121/4/4 2123/4/4
f 2124/3/4 2125/3/4 2126/3/4
f 2126/3/4 2125/3/4 2127/3/4
f 2128/3/4 2129/3/4 2130/3/4
f 2130/3/4 2129/3/4 2131/3/4
f 2132/3/4 2133/3/4 2134/3/4
f 2134/3/4 2133/3/4 2135/3/4
f 2135/3/4 2136/3/4 2138/3/4
f 2136/2/4 2137/2/4 2139/2/4
f 2138/3/4 2136/3/4 2139/3/4
f 2139/2/4 2137/2/4 2140/2/4
f 2140/3/4 2141/3/4 2142/3/4
f 2142/3/4 2141/3/4 2143/3/4
f 2143/3/4 2144/3/4 2148/3/4
f 2148/3/4 2144/3/4 2149/3/4
f 2149/3/4 2150/3/4 2151/3/4
f 2151/3/4 2150/3/4 2152/3/4
f 2151/4/4 2152/4/4 2154/4/4
f 2152/3/4 2153/3/4 2155/3/4
f 2154/4/4 2152/4/4 2155/4/4
f 2154/3/4 2155/3/4 2156/3/4
f 2155/3/4 2153/3/4 2156/3/4
f 2156/3/4 2153/3/4 2157/3/4
f 2145/1/4 2146/1/4 2158/1/4
f 2146/4/4 2147/4/4 2159/4/4
f 2158/1/4 2146/1/4 2159/1/4
f 2159/4/4 2147/4/4 2160/4/4
f 2154/3/4 2156/3/4 2162/3/4
f 2162/3/4 2156/3/4 2163/3/4
f 2161/3/4 2162/3/4 2165/3/4
f 2165/3/4 2162/3/4 2166/3/4
f 2164/3/4 2165/3/4 2169/3/4
f 2169/3/4 2165/3/4 2170/3/4
f 2167/3/4 2168/3/4 2172/3/4
f 2168/3/4 2169/3/4 2172/3/4
f 2172/3/4 2169/3/4 2173/3/4
f 2171/3/4 2172/3/4 2176/3/4
f 2176/3/4 2172/3/4 2177/3/4
f 2174/3/4 2175/3/4 2178/3/4
f 2178/3/4 2175/3/4 2179/3/4
f 2180/3/4 2181/3/4 2184/3/4
f 2184/3/4 2181/3/4 2185/3/4
f 2182/4/4 2183/4/4 2189/4/4
f 2189/4/4 2183/4/4 2190/4/4
f 2187/3/4 2188/3/4 2191/3/4
f 2186/3/4 2187/3/4 2191/3/4
f 2191/3/4 2188/3/4 2192/3/4
f 2193/3/4 2194/3/4 2195/3/4
f 2195/3/4 2194/3/4 2196/3/4
f 2197/3/4 2198/3/4 2199/3/4
f 2199/3/4 2198/3/4 2200/3/4
f 2200/3/4 2201/3/4 2202/3/4
f 2202/3/4 2201/3/4 2203/3/4
f 2203/3/4 2201/3/4 2204/3/4
f 2204/3/4 2205/3/4 2206/3/4
f 2206/3/4 2205/3/4 2207/3/4
f 2207/3/4 2208/3/4 2210/3/4
f 2208/4/4 2209/4/4 2211/4/4
f 2210/3/4 2208/3/4 2211/3/4
f 2211/4/4 2209/4/4 2212/4/4
f 2212/3/4 2213/3/4 2214/3/4
f 2214/3/4 2213/3/4 2215/3/4
f 2215/4/4 2216/4/4 2218/4/4
f 2216/3/4 2217/3/4 2219/3/4
f 2218/4/4 2216/4/4 2219/4/4
f 2219/3/4 2217/3/4 2220/3/4
f 2219/3/4 2220/3/4 2222/3/4
f 2220/4/4 2221/4/4 2223/4/4
f 2222/3/4 2220/3/4 2223/3/4
f 2223/4/4 2221/4/4 2224/4/4
f 2224/3/4 2225/3/4 2226/3/4
f 2223/3/4 2224/3/4 2226/3/4
f 2226/3/4 2225/3/4 2227/3/4
f 2227/3/4 2225/3/4 2228/3/4
f 2226/3/4 2227/3/4 2229/3/4
f 2227/4/4 2228/4/4 2230/4/4
f 2229/3/4 2227/3/4 2230/3/4
f 2230/4/4 2228/4/4 2231/4/4
f 2229/3/4 2230/3/4 2233/3/4
f 2230/3/4 2231/3/4 2233/3/4
f 2233/3/4 2231/3/4 2234/3/4
f 2234/3/4 2231/3/4 2235/3/4
f 2232/3/4 2233/3/4 2237/3/4
f 2233/4/4 2234/4/4 2238/4/4
f 2237/3/4 2233/3/4 2238/3/4
f 2238/4/4 2234/4/4 2239/4/4
f 2236/4/4 2237/4/4 2241/4/4
f 2237/3/4 2238/3/4 2242/3/4
f 2241/4/4 2237/4/4 2242/4/4
f 2242/3/4 2238/3/4 2243/3/4
f 2240/3/4 2241/3/4 2246/3/4
f 2246/3/4 2241/3/4 2247/3/4
f 2244/3/4 2245/3/4 2249/3/4
f 2245/4/4 2246/4/4 2250/4/4
f 2249/3/4 2245/3/4 2250/3/4
f 2250/4/4 2246/4/4 2251/4/4
f 2248/3/4 2249/3/4 2254/3/4
f 2254/3/4 2249/3/4 2255/3/4
f 2252/3/4 2253/3/4 2257/3/4
f 2253/3/4 2254/3/4 2257/3/4
f 2257/3/4 2254/3/4 2258/3/4
f 2256/3/4 2257/3/4 2261/3/4
f 2261/3/4 2257/3/4 2262/3/4
f 2259/3/4 2260/3/4 2263/3/4
f 2263/3/4 2260/3/4 2264/3/4
f 2265/3/4 2266/3/4 2267/3/4
f 2267/3/4 2266/3/4 2268/3/4
f 2269/3/4 2270/3/4 2271/3/4
f 2271/3/4 2270/3/4 2272/3/4
f 2272/3/4 2273/3/4 2274/3/4
f 2274/3/4 2273/3/4 2275/3/4
f 2276/4/4 2277/4/4 2278/4/4
f 2278/4/4 2277/4/4 2279/4/4
f 2279/3/4 2280/3/4 2281/3/4
f 2281/3/4 2280/3/4 2282/3/4
f 2282/4/4 2283/4/4 2285/4/4
f 2283/3/4 2284/3/4 2286/3/4
f 2285/4/4 2283/4/4 2286/4/4
f 2286/3/4 2284/3/4 2287/3/4
f 2287/3/4 2288/3/4 2289/3/4
f 2286/3/4 2287/3/4 2289/3/4
f 2289/3/4 2288/3/4 2290/3/4
f 2290/3/4 2288/3/4 2291/3/4
f 2291/3/4 2292/3/4 2293/3/4
f 2290/3/4 2291/3/4 2293/3/4
f 2293/3/4 2292/3/4 2294/3/4
f 2294/3/4 2292/3/4 2295/3/4
f 2295/3/4 2296/3/4 2297/3/4
f 2294/3/4 2295/3/4 2297/3/4
f 2297/3/4 2296/3/4 2298/3/4
f 2294/3/4 2297/3/4 2299/3/4
f 2297/4/4 2298/4/4 2299/4/4
f 2299/4/4 2298/4/4 2300/4/4
f 2294/3/4 2299/3/4 2301/3/4
f 2299/3/4 2300/3/4 2301/3/4
f 2301/3/4 2300/3/4 2303/3/4
f 2303/3/4 2300/3/4 2304/3/4
f 2304/3/4 2300/3/4 2305/3/4
f 2302/3/4 2303/3/4 2307/3/4
f 2303/3/4 2304/3/4 2307/3/4
f 2307/3/4 2304/3/4 2308/3/4
f 2308/3/4 2304/3/4 2309/3/4
f 2306/3/4 2307/3/4 2311/3/4
f 2307/3/4 2308/3/4 2311/3/4
f 2311/3/4 2308/3/4 2312/3/4
f 2312/3/4 2308/3/4 2313/3/4
f 2310/4/4 2311/4/4 2315/4/4
f 2311/3/4 2312/3/4 2316/3/4
f 2315/4/4 2311/4/4 2316/4/4
f 2316/3/4 2312/3/4 2317/3/4
f 2314/3/4 2315/3/4 2319/3/4
f 2319/3/4 2315/3/4 2320/3/4
f 2318/4/4 2319/4/4 2323/4/4
f 2323/4/4 2319/4/4 2324/4/4
f 2321/2/4 2322/2/4 2326/2/4
f 2326/2/4 2322/2/4 2327/2/4
f 2325/3/4 2326/3/4 2330/3/4
f 2330/3/4 2326/3/4 2331/3/4
f 2328/3/4 2329/3/4 2332/3/4
f 2332/3/4 2329/3/4 2333/3/4
f 2334/3/4 2335/3/4 2336/3/4
f 2336/3/4 2335/3/4 2337/3/4
f 2337/3/4 2338/3/4 2339/3/4
f 2339/3/4 2338/3/4 2340/3/4
f 2340/2/4 2341/2/4 2343/2/4
f 2341/3/4 2342/3/4 2344/3/4
f 2343/2/4 2341/2/4 2344/2/4
f 2344/3/4 2342/3/4 2345/3/4
f 2345/3/4 2346/3/4 2347/3/4
f 2344/3/4 2345/3/4 2347/3/4
f 2347/3/4 2346/3/4 2348/3/4
f 2348/3/4 2349/3/4 2350/3/4
f 2348/3/4 2350/3/4 2352/3/4
f 2350/4/4 2351/4/4 2353/4/4
f 2352/3/4 2350/3/4 2353/3/4
f 2353/4/4 2351/4/4 2354/4/4
f 2354/3/4 2355/3/4 2356/3/4
f 2353/3/4 2354/3/4 2356/3/4
f 2356/3/4 2355/3/4 2357/3/4
f 2357/3/4 2355/3/4 2358/3/4
f 2358/3/4 2359/3/4 2360/3/4
f 2357/3/4 2358/3/4 2360/3/4
f 2360/3/4 2359/3/4 2361/3/4
f 2360/4/4 2361/4/4 2362/4/4
f 2361/3/4 2359/3/4 2363/3/4
f 2362/4/4 2361/4/4 2363/4/4
f 2362/3/4 2363/3/4 2364/3/4
f 2363/3/4 2359/3/4 2364/3/4
f 2364/3/4 2359/3/4 2365/3/4
f 2362/3/4 2364/3/4 2367/3/4
f 2364/4/4 2365/4/4 2368/4/4
f 2367/3/4 2364/3/4 2368/3/4
f 2368/4/4 2365/4/4 2369/4/4
f 2366/3/4 2367/3/4 2371/3/4
f 2367/3/4 2368/3/4 2371/3/4
f 2371/3/4 2368/3/4 2372/3/4
f 2372/3/4 2368/3/4 2373/3/4
f 2370/3/4 2371/3/4 2374/3/4
f 2371/4/4 2372/4/4 2375/4/4
f 2374/3/4 2371/3/4 2375/3/4
f 2375/4/4 2372/4/4 2376/4/4
f 2374/2/4 2375/2/4 2378/2/4
f 2378/2/4 2375/2/4 2379/2/4
f 2377/3/4 2378/3/4 2381/3/4
f 2381/3/4 2378/3/4 2382/3/4
f 2382/3/4 2378/3/4 2383/3/4
f 2380/3/4 2381/3/4 2385/3/4
f 2381/3/4 2382/3/4 2385/3/4
f 2385/3/4 2382/3/4 2386/3/4
f 2384/3/4 2385/3/4 2388/3/4
f 2388/3/4 2385/3/4 2389/3/4
f 2387/3/4 2388/3/4 2390/3/4
f 2390/3/4 2388/3/4 2391/3/4
f 2392/3/4 2393/3/4 2394/3/4
f 2394/3/4 2393/3/4 2395/3/4
f 2395/3/4 2393/3/4 2396/3/4
f 2396/3/4 2393/3/4 2397/3/4
f 2397/3/4 2398/3/4 2399/3/4
f 2399/3/4 2398/3/4 2400/3/4
f 2400/3/4 2401/3/4 2402/3/4
f 2402/3/4 2401/3/4 2403/3/4
f 2403/3/4 2404/3/4 2405/3/4
f 2405/3/4 2404/3/4 2406/3/4
f 2406/3/4 2404/3/4 2407/3/4
f 2406/3/4 2407/3/4 2409/3/4
f 2407/3/4 2408/3/4 2409/3/4
f 2409/3/4 2408/3/4 2410/3/4
f 2410/3/4 2408/3/4 2411/3/4
f 2411/2/4 2412/2/4 2413/2/4
f 2410/3/4 2411/3/4 2413/3/4
f 2413/2/4 2412/2/4 2414/2/4
f 2410/3/4 2413/3/4 2416/3/4
f 2413/3/4 2414/3/4 2416/3/4
f 2416/3/4 2414/3/4 2417/3/4
f 2417/3/4 2414/3/4 2418/3/4
f 2415/3/4 2416/3/4 2419/3/4
f 2416/3/4 2417/3/4 2419/3/4
f 2419/3/4 2417/3/4 2420/3/4
f 2415/3/4 2419/3/4 2422/3/4
f 2421/3/4 2422/3/4 2424/3/4
f 2422/3/4 2419/3/4 2425/3/4
f 2424/3/4 2422/3/4 2425/3/4
f 2423/3/4 2424/3/4 2427/3/4
f 2427/3/4 2424/3/4 2428/3/4
f 2426/3/4 2427/3/4 2430/3/4
f 2430/3/4 2427/3/4 2431/3/4
f 2429/3/4 2430/3/4 2432/3/4
f 2432/3/4 2430/3/4 2433/3/4
f 2434/3/4 2435/3/4 2438/3/4
f 2435/2/4 2436/2/4 2439/2/4
f 2438/3/4 2435/3/4 2439/3/4
f 2436/3/4 2437/3/4 2440/3/4
f 2439/2/4 2436/2/4 2440/2/4
f 2440/3/4 2437/3/4 2441/3/4
f 2440/3/4 2441/3/4 2443/3/4
f 2441/4/4 2442/4/4 2444/4/4
f 2443/3/4 2441/3/4 2444/3/4
f 2444/4/4 2442/4/4 2445/4/4
f 2445/3/4 2446/3/4 2447/3/4
f 2444/3/4 2445/3/4 2447/3/4
f 2447/3/4 2446/3/4 2448/3/4
f 2448/3/4 2446/3/4 2449/3/4
f 2449/3/4 2450/3/4 2451/3/4
f 2448/3/4 2449/3/4 2451/3/4
f 2451/3/4 2450/3/4 2452/3/4
f 2452/3/4 2450/3/4 2453/3/4
f 2452/3/4 2453/3/4 2455/3/4
f 2455/3/4 2453/3/4 2456/3/4
f 2456/3/4 2453/3/4 2458/3/4
f 2453/4/4 2454/4/4 2459/4/4
f 2458/3/4 2453/3/4 2459/3/4
f 2459/4/4 2454/4/4 2460/4/4
f 2457/3/4 2458/3/4 2461/3/4
f 2458/3/4 2459/3/4 2461/3/4
f 2461/3/4 2459/3/4 2462/3/4
f 2461/2/4 2462/2/4 2464/2/4
f 2462/3/4 2459/3/4 2465/3/4
f 2464/2/4 2462/2/4 2465/2/4
f 2465/3/4 2459/3/4 2466/3/4
f 2463/3/4 2464/3/4 2468/3/4
f 2464/3/4 2465/3/4 2468/3/4
f 2468/3/4 2465/3/4 2469/3/4
f 2469/3/4 2465/3/4 2470/3/4
f 2467/3/4 2468/3/4 2472/3/4
f 2468/4/4 2469/4/4 2473/4/4
f 2472/3/4 2468/3/4 2473/3/4
f 2473/4/4 2469/4/4 2474/4/4
f 2471/3/4 2472/3/4 2475/3/4
f 2472/3/4 2473/3/4 2475/3/4
f 2475/3/4 2473/3/4 2476/3/4
f 2477/3/4 2478/3/4 2479/3/4
f 2477/3/4 2479/3/4 2481/3/4
f 2479/4/4 2480/4/4 2482/4/4
f 2481/3/4 2479/3/4 2482/3/4
f 2482/4/4 2480/4/4 2483/4/4
f 2483/3/4 2484/3/4 2485/3/4
f 2482/3/4 2483/3/4 2485/3/4
f 2485/3/4 2484/3/4 2486/3/4
f 2486/3/4 2484/3/4 2487/3/4
f 2487/3/4 2488/3/4 2489/3/4
f 2486/3/4 2487/3/4 2489/3/4
f 2489/3/4 2488/3/4 2490/3/4
f 2490/3/4 2488/3/4 2491/3/4
f 2489/3/4 2490/3/4 2492/3/4
f 2490/2/4 2491/2/4 2492/2/4
f 2492/2/4 2491/2/4 2493/2/4
f 2489/3/4 2492/3/4 2494/3/4
f 2492/3/4 2493/3/4 2494/3/4
f 2494/3/4 2493/3/4 2496/3/4
f 2496/3/4 2493/3/4 2497/3/4
f 2497/3/4 2493/3/4 2498/3/4
f 2495/3/4 2496/3/4 2500/3/4
f 2496/3/4 2497/3/4 2500/3/4
f 2500/3/4 2497/3/4 2501/3/4
f 2501/3/4 2497/3/4 2502/3/4
f 2499/3/4 2500/3/4 2503/3/4
f 2500/4/4 2501/4/4 2503/4/4
f 2503/4/4 2501/4/4 2504/4/4
f 2499/3/4 2503/3/4 2505/3/4
f 2505/3/4 2503/3/4 2506/3/4
f 2507/3/4 2508/3/4 2509/3/4
f 2507/3/4 2509/3/4 2511/3/4
f 2509/4/4 2510/4/4 2511/4/4
f 2511/4/4 2510/4/4 2512/4/4
f 2507/3/4 2511/3/4 2513/3/4
f 2511/3/4 2512/3/4 2513/3/4
f 2513/3/4 2512/3/4 2514/3/4
f 2507/3/4 2513/3/4 2515/3/4
f 2513/4/4 2514/4/4 2515/4/4
f 2515/4/4 2514/4/4 2516/4/4
f 2507/3/4 2515/3/4 2517/3/4
f 2517/3/4 2515/3/4 2518/3/4
f 2522/1/5 2520/1/5 2519/1/5
f 2523/1/5 2520/1/5 2522/1/5
f 2526/1/5 2522/1/5 2521/1/5
f 2526/1/5 2524/1/5 2523/1/5
f 2526/1/5 2523/1/5 2522/1/5
f 2527/1/5 2524/1/5 2526/1/5
f 2529/1/5 2526/1/5 2525/1/5
f 2529/1/5 2528/1/5 2527/1/5
f 2529/1/5 2527/1/5 2526/1/5
f 2530/1/5 2528/1/5 2529/1/5
f 2531/1/5 2528/1/5 2530/1/5
f 2532/1/5 2528/1/5 2531/1/5
f 2533/1/5 2531/1/5 2530/1/5
f 2534/1/5 2531/1/5 2533/1/5
f 2535/1/5 2531/1/5 2534/1/5
f 2536/1/5 2531/1/5 2535/1/5
f 2537/1/5 2535/1/5 2534/1/5
f 2538/1/5 2535/1/5 2537/1/5
f 2542/3/5 2540/3/5 2539/3/5
f 2543/3/5 2540/3/5 2542/3/5
f 2546/3/5 2542/3/5 2541/3/5
f 2546/3/5 2544/3/5 2543/3/5
f 2546/3/5 2543/3/5 2542/3/5
f 2547/3/5 2544/3/5 2546/3/5
f 2548/3/5 2544/3/5 2547/3/5
f 2549/3/5 2544/3/5 2548/3/5
f 2552/3/5 2546/3/5 2545/3/5
f 2552/3/5 2547/3/5 2546/3/5
f 2553/3/5 2547/3/5 2552/3/5
f 2554/4/5 2548/4/5 2547/4/5
f 2554/3/5 2547/3/5 2553/3/5
f 2555/3/5 2550/3/5 2549/3/5
f 2555/4/5 2548/4/5 2554/4/5
f 2555/3/5 2549/3/5 2548/3/5
f 2556/3/5 2550/3/5 2555/3/5
f 2557/3/5 2550/3/5 2556/3/5
f 2560/3/5 2552/3/5 2551/3/5
f 2560/3/5 2553/3/5 2552/3/5
f 2561/3/5 2553/3/5 2560/3/5
f 2562/4/5 2554/4/5 2553/4/5
f 2562/3/5 2553/3/5 2561/3/5
f 2562/4/5 2555/4/5 2554/4/5
f 2562/4/5 2556/4/5 2555/4/5
f 2563/3/5 2558/3/5 2557/3/5
f 2563/4/5 2556/4/5 2562/4/5
f 2563/3/5 2557/3/5 2556/3/5
f 2564/3/5 2558/3/5 2563/3/5
f 2565/3/5 2558/3/5 2564/3/5
f 2568/3/5 2561/3/5 2560/3/5
f 2568/3/5 2560/3/5 2559/3/5
f 2569/3/5 2561/3/5 2568/3/5
f 2570/4/5 2562/4/5 2561/4/5
f 2570/3/5 2561/3/5 2569/3/5
f 2570/4/5 2563/4/5 2562/4/5
f 2570/4/5 2564/4/5 2563/4/5
f 2571/4/5 2564/4/5 2570/4/5
f 2572/4/5 2564/4/5 2571/4/5
f 2573/3/5 2566/3/5 2565/3/5
f 2573/4/5 2564/4/5 2572/4/5
f 2573/3/5 2565/3/5 2564/3/5
f 2574/3/5 2566/3/5 2573/3/5
f 2575/3/5 2566/3/5 2574/3/5
f 2577/4/5 2571/4/5 2570/4/5
f 2577/4/5 2570/4/5 2569/4/5
f 2578/4/5 2571/4/5 2577/4/5
f 2579/4/5 2574/4/5 2573/4/5
f 2579/4/5 2573/4/5 2572/4/5
f 2580/4/5 2574/4/5 2579/4/5
f 2582/3/5 2569/3/5 2568/3/5
f 2582/3/5 2568/3/5 2567/3/5
f 2583/3/5 2569/3/5 2582/3/5
f 2584/4/5 2577/4/5 2569/4/5
f 2584/3/5 2569/3/5 2583/3/5
f 2585/4/5 2577/4/5 2584/4/5
f 2586/4/5 2577/4/5 2585/4/5
f 2587/4/5 2574/4/5 2580/4/5
f 2588/4/5 2574/4/5 2587/4/5
f 2589/3/5 2576/3/5 2575/3/5
f 2589/4/5 2574/4/5 2588/4/5
f 2589/3/5 2575/3/5 2574/3/5
f 2590/3/5 2576/3/5 2589/3/5
f 2591/3/5 2576/3/5 2590/3/5
f 2593/4/5 2584/4/5 2583/4/5
f 2593/4/5 2585/4/5 2584/4/5
f 2594/4/5 2585/4/5 2593/4/5
f 2595/4/5 2590/4/5 2589/4/5
f 2595/4/5 2589/4/5 2588/4/5
f 2596/4/5 2590/4/5 2595/4/5
f 2597/3/5 2592/3/5 2591/3/5
f 2597/3/5 2591/3/5 2590/3/5
f 2598/3/5 2592/3/5 2597/3/5
f 2599/3/5 2597/3/5 2590/3/5
f 2599/2/5 2598/2/5 2597/2/5
f 2600/2/5 2598/2/5 2599/2/5
f 2601/4/5 2593/4/5 2583/4/5
f 2604/4/5 2590/4/5 2596/4/5
f 2605/3/5 2583/3/5 2582/3/5
f 2605/3/5 2582/3/5 2581/3/5
f 2606/3/5 2583/3/5 2605/3/5
f 2607/4/5 2602/4/5 2601/4/5
f 2607/3/5 2583/3/5 2606/3/5
f 2607/4/5 2601/4/5 2583/4/5
f 2608/4/5 2602/4/5 2607/4/5
f 2609/4/5 2602/4/5 2608/4/5
f 2612/4/5 2604/4/5 2603/4/5
f 2613/4/5 2590/4/5 2604/4/5
f 2613/4/5 2604/4/5 2612/4/5
f 2614/3/5 2599/3/5 2590/3/5
f 2614/4/5 2590/4/5 2613/4/5
f 2614/3/5 2600/3/5 2599/3/5
f 2615/3/5 2600/3/5 2614/3/5
f 2616/3/5 2600/3/5 2615/3/5
f 2617/4/5 2610/4/5 2609/4/5
f 2617/4/5 2609/4/5 2608/4/5
f 2620/4/5 2612/4/5 2611/4/5
f 2620/4/5 2613/4/5 2612/4/5
f 2621/3/5 2607/3/5 2606/3/5
f 2621/3/5 2608/3/5 2607/3/5
f 2622/3/5 2608/3/5 2621/3/5
f 2623/4/5 2618/4/5 2617/4/5
f 2623/3/5 2608/3/5 2622/3/5
f 2623/4/5 2617/4/5 2608/4/5
f 2624/4/5 2618/4/5 2623/4/5
f 2625/4/5 2618/4/5 2624/4/5
f 2626/4/5 2620/4/5 2619/4/5
f 2627/4/5 2613/4/5 2620/4/5
f 2627/4/5 2620/4/5 2626/4/5
f 2628/3/5 2615/3/5 2614/3/5
f 2628/4/5 2613/4/5 2627/4/5
f 2628/3/5 2614/3/5 2613/3/5
f 2629/3/5 2615/3/5 2628/3/5
f 2630/3/5 2615/3/5 2629/3/5
f 2631/3/5 2623/3/5 2622/3/5
f 2631/3/5 2624/3/5 2623/3/5
f 2632/3/5 2624/3/5 2631/3/5
f 2633/4/5 2627/4/5 2626/4/5
f 2633/3/5 2624/3/5 2632/3/5
f 2633/4/5 2625/4/5 2624/4/5
f 2633/4/5 2626/4/5 2625/4/5
f 2634/4/5 2627/4/5 2633/4/5
f 2635/4/5 2627/4/5 2634/4/5
f 2636/3/5 2628/3/5 2627/3/5
f 2636/4/5 2627/4/5 2635/4/5
f 2636/3/5 2629/3/5 2628/3/5
f 2637/3/5 2629/3/5 2636/3/5
f 2638/3/5 2629/3/5 2637/3/5
f 2639/3/5 2634/3/5 2633/3/5
f 2639/3/5 2633/3/5 2632/3/5
f 2640/3/5 2634/3/5 2639/3/5
f 2641/4/5 2635/4/5 2634/4/5
f 2641/3/5 2634/3/5 2640/3/5
f 2642/4/5 2635/4/5 2641/4/5
f 2643/4/5 2635/4/5 2642/4/5
f 2644/3/5 2637/3/5 2636/3/5
f 2644/4/5 2635/4/5 2643/4/5
f 2644/3/5 2636/3/5 2635/3/5
f 2645/3/5 2637/3/5 2644/3/5
f 2646/3/5 2637/3/5 2645/3/5
f 2647/3/5 2642/3/5 2641/3/5
f 2647/3/5 2641/3/5 2640/3/5
f 2648/3/5 2642/3/5 2647/3/5
f 2649/4/5 2643/4/5 2642/4/5
f 2649/3/5 2642/3/5 2648/3/5
f 2650/3/5 2645/3/5 2644/3/5
f 2650/4/5 2643/4/5 2649/4/5
f 2650/3/5 2644/3/5 2643/3/5
f 2651/3/5 2645/3/5 2650/3/5
f 2652/3/5 2645/3/5 2651/3/5
f 2653/3/5 2649/3/5 2648/3/5
f 2653/3/5 2651/3/5 2650/3/5
f 2653/3/5 2650/3/5 2649/3/5
f 2654/3/5 2651/3/5 2653/3/5
f 2655/3/5 2651/3/5 2654/3/5
f 2656/3/5 2651/3/5 2655/3/5
f 2657/3/5 2655/3/5 2654/3/5
f 2658/3/5 2655/3/5 2657/3/5
f 2662/4/5 2660/4/5 2659/4/5
f 2663/4/5 2660/4/5 2662/4/5
f 2666/4/5 2662/4/5 2661/4/5
f 2666/4/5 2664/4/5 2663/4/5
f 2666/4/5 2663/4/5 2662/4/5
f 2667/4/5 2664/4/5 2666/4/5
f 2668/4/5 2664/4/5 2667/4/5
f 2669/4/5 2664/4/5 2668/4/5
f 2672/4/5 2666/4/5 2665/4/5
f 2672/4/5 2667/4/5 2666/4/5
f 2673/4/5 2667/4/5 2672/4/5
f 2674/4/5 2667/4/5 2673/4/5
f 2675/4/5 2669/4/5 2668/4/5
f 2675/4/5 2670/4/5 2669/4/5
f 2676/4/5 2670/4/5 2675/4/5
f 2677/4/5 2670/4/5 2676/4/5
f 2679/4/5 2673/4/5 2672/4/5
f 2679/4/5 2672/4/5 2671/4/5
f 2680/4/5 2673/4/5 2679/4/5
f 2681/4/5 2678/4/5 2677/4/5
f 2681/4/5 2677/4/5 2676/4/5
f 2682/4/5 2678/4/5 2681/4/5
f 2683/4/5 2679/4/5 2671/4/5
f 2686/4/5 2678/4/5 2682/4/5
f 2687/4/5 2684/4/5 2683/4/5
f 2687/4/5 2683/4/5 2671/4/5
f 2688/4/5 2684/4/5 2687/4/5
f 2689/4/5 2684/4/5 2688/4/5
f 2692/4/5 2686/4/5 2685/4/5
f 2693/4/5 2678/4/5 2686/4/5
f 2693/4/5 2686/4/5 2692/4/5
f 2694/4/5 2678/4/5 2693/4/5
f 2695/4/5 2690/4/5 2689/4/5
f 2695/4/5 2689/4/5 2688/4/5
f 2696/4/5 2690/4/5 2695/4/5
f 2697/4/5 2690/4/5 2696/4/5
f 2698/4/5 2692/4/5 2691/4/5
f 2698/4/5 2693/4/5 2692/4/5
f 2699/4/5 2693/4/5 2698/4/5
f 2700/4/5 2693/4/5 2699/4/5
f 2701/4/5 2697/4/5 2696/4/5
f 2701/4/5 2699/4/5 2698/4/5
f 2701/4/5 2698/4/5 2697/4/5
f 2702/4/5 2699/4/5 2701/4/5
f 2703/4/5 2699/4/5 2702/4/5
f 2704/4/5 2699/4/5 2703/4/5
f 2705/4/5 2703/4/5 2702/4/5
f 2706/4/5 2703/4/5 2705/4/5
f 2707/2/6 2708/2/6 2714/2/6
f 2708/3/6 2709/3/6 2715/3/6
f 2714/2/6 2708/2/6 2715/2/6
f 2715/3/6 2709/3/6 2716/3/6
f 2710/3/6 2711/3/6 2717/3/6
f 2717/3/6 2711/3/6 2718/3/6
f 2712/3/6 2713/3/6 2721/3/6
f 2721/3/6 2713/3/6 2722/3/6
f 2719/3/6 2720/3/6 2723/3/6
f 2723/3/6 2720/3/6 2724/3/6
f 2725/3/6 2726/3/6 2729/3/6
f 2729/3/6 2726/3/6 2730/3/6
f 2727/3/6 2728/3/6 2731/3/6
f 2731/3/6 2728/3/6 2732/3/6
f 2733/3/6 2734/3/6 2737/3/6
f 2737/3/6 2734/3/6 2738/3/6
f 2735/3/6 2736/3/6 2739/3/6
f 2739/3/6 2736/3/6 2740/3/6
f 2741/3/6 2742/3/6 2745/3/6
f 2745/3/6 2742/3/6 2746/3/6
f 2743/3/6 2744/3/6 2747/3/6
f 2747/3/6 2744/3/6 2748/3/6
f 2749/3/6 2750/3/6 2753/3/6
f 2753/3/6 2750/3/6 2754/3/6
f 2751/3/6 2752/3/6 2755/3/6
f 2755/3/6 2752/3/6 2756/3/6
f 2757/3/6 2758/3/6 2761/3/6
f 2761/3/6 2758/3/6 2762/3/6
f 2759/3/6 2760/3/6 2767/3/6
f 2767/3/6 2760/3/6 2768/3/6
f 2763/3/6 2764/3/6 2769/3/6
f 2769/3/6 2764/3/6 2770/3/6
f 2765/3/6 2766/3/6 2771/3/6
f 2771/3/6 2766/3/6 2772/3/6
f 2773/3/6 2774/3/6 2777/3/6
f 2777/3/6 2774/3/6 2778/3/6
f 2775/3/6 2776/3/6 2783/3/6
f 2783/3/6 2776/3/6 2784/3/6
f 2779/3/6 2780/3/6 2785/3/6
f 2785/3/6 2780/3/6 2786/3/6
f 2781/3/6 2782/3/6 2790/3/6
f 2790/3/6 2782/3/6 2791/3/6
f 2787/4/6 2788/4/6 2792/4/6
f 2792/4/6 2788/4/6 2793/4/6
f 2789/4/6 2790/4/6 2796/4/6
f 2796/4/6 2790/4/6 2797/4/6
f 2793/3/6 2794/3/6 2798/3/6
f 2798/3/6 2794/3/6 2799/3/6
f 2795/3/6 2796/3/6 2801/3/6
f 2801/3/6 2796/3/6 2802/3/6
f 2799/3/6 2800/3/6 2803/3/6
f 2803/3/6 2800/3/6 2804/3/6
f 2805/3/6 2806/3/6 2809/3/6
f 2809/3/6 2806/3/6 2810/3/6
f 2807/3/6 2808/3/6 2811/3/6
f 2811/3/6 2808/3/6 2812/3/6
f 2813/3/6 2814/3/6 2817/3/6
f 2817/3/6 2814/3/6 2818/3/6
f 2815/3/6 2816/3/6 2819/3/6
f 2819/3/6 2816/3/6 2820/3/6
f 2817/4/6 2818/4/6 2821/4/6
f 2821/4/6 2818/4/6 2822/4/6
f 2819/4/6 2820/4/6 2823/4/6
f 2823/4/6 2820/4/6 2824/4/6
f 2825/3/6 2826/3/6 2829/3/6
f 2829/3/6 2826/3/6 2830/3/6
f 2827/3/6 2828/3/6 2831/3/6
f 2831/3/6 2828/3/6 2832/3/6
f 2833/3/6 2834/3/6 2837/3/6
f 2837/3/6 2834/3/6 2838/3/6
f 2835/3/6 2836/3/6 2841/3/6
f 2841/3/6 2836/3/6 2842/3/6
f 2838/3/6 2839/3/6 2843/3/6
f 2843/3/6 2839/3/6 2844/3/6
f 2840/3/6 2841/3/6 2847/3/6
f 2847/3/6 2841/3/6 2848/3/6
f 2844/3/6 2845/3/6 2849/3/6
f 2849/3/6 2845/3/6 2850/3/6
f 2846/3/6 2847/3/6 2855/3/6
f 2855/3/6 2847/3/6 2856/3/6
f 2851/4/6 2852/4/6 2857/4/6
f 2857/4/6 2852/4/6 2858/4/6
f 2853/4/6 2854/4/6 2863/4/6
f 2863/4/6 2854/4/6 2864/4/6
f 2859/4/6 2860/4/6 2865/4/6
f 2860/3/6 2861/3/6 2866/3/6
f 2865/4/6 2860/4/6 2866/4/6
f 2861/4/6 2862/4/6 2867/4/6
f 2866/3/6 2861/3/6 2867/3/6
f 2867/4/6 2862/4/6 2868/4/6
f 2869/3/6 2870/3/6 2875/3/6
f 2875/3/6 2870/3/6 2876/3/6
f 2871/3/6 2872/3/6 2877/3/6
f 2877/3/6 2872/3/6 2878/3/6
f 2878/3/6 2872/3/6 2879/3/6
f 2873/3/6 2874/3/6 2883/3/6
f 2883/3/6 2874/3/6 2884/3/6
f 2880/3/6 2881/3/6 2885/3/6
f 2885/3/6 2881/3/6 2886/3/6
f 2882/3/6 2883/3/6 2889/3/6
f 2889/3/6 2883/3/6 2890/3/6
f 2886/3/6 2887/3/6 2891/3/6
f 2891/3/6 2887/3/6 2892/3/6
f 2888/2/6 2889/2/6 2895/2/6
f 2895/2/6 2889/2/6 2896/2/6
f 2892/3/6 2893/3/6 2897/3/6
f 2897/3/6 2893/3/6 2898/3/6
f 2894/3/6 2895/3/6 2900/3/6
f 2900/3/6 2895/3/6 2901/3/6
f 2898/3/6 2899/3/6 2902/3/6
f 2902/3/6 2899/3/6 2903/3/6
f 2906/3/6 2907/3/6 2908/3/6
f 2908/3/6 2907/3/6 2909/3/6
f 2904/3/6 2905/3/6 2910/3/6
f 2910/3/6 2905/3/6 2911/3/6
f 2908/2/6 2909/2/6 2912/2/6
f 2912/2/6 2909/2/6 2913/2/6
f 2914/3/6 2915/3/6 2918/3/6
f 2918/3/6 2915/3/6 2919/3/6
f 2916/3/6 2917/3/6 2920/3/6
f 2920/3/6 2917/3/6 2921/3/6
f 2918/4/6 2919/4/6 2922/4/6
f 2922/4/6 2919/4/6 2923/4/6
f 2920/4/6 2921/4/6 2924/4/6
f 2924/4/6 2921/4/6 2925/4/6
f 2926/3/6 2927/3/6 2930/3/6
f 2930/3/6 2927/3/6 2931/3/6
f 2928/3/6 2929/3/6 2934/3/6
f 2934/3/6 2929/3/6 2935/3/6
f 2931/3/6 2932/3/6 2936/3/6
f 2936/3/6 2932/3/6 2937/3/6
f 2933/3/6 2934/3/6 2940/3/6
f 2940/3/6 2934/3/6 2941/3/6
f 2937/3/6 2938/3/6 2942/3/6
f 2942/3/6 2938/3/6 2943/3/6
f 2939/3/6 2940/3/6 2946/3/6
f 2946/3/6 2940/3/6 2947/3/6
f 2943/4/6 2944/4/6 2948/4/6
f 2948/4/6 2944/4/6 2949/4/6
f 2945/4/6 2946/4/6 2955/4/6
f 2955/4/6 2946/4/6 2956/4/6
f 2950/3/6 2951/3/6 2957/3/6
f 2957/3/6 2951/3/6 2958/3/6
f 2953/3/6 2954/3/6 2959/3/6
f 2952/3/6 2953/3/6 2959/3/6
f 2959/3/6 2954/3/6 2960/3/6
f 2961/3/6 2962/3/6 2967/3/6
f 2962/2/6 2963/2/6 2968/2/6
f 2967/3/6 2962/3/6 2968/3/6
f 2963/3/6 2964/3/6 2969/3/6
f 2968/2/6 2963/2/6 2969/2/6
f 2969/3/6 2964/3/6 2970/3/6
f 2965/3/6 2966/3/6 2974/3/6
f 2974/3/6 2966/3/6 2975/3/6
f 2971/3/6 2972/3/6 2976/3/6
f 2976/3/6 2972/3/6 2977/3/6
f 2973/3/6 2974/3/6 2979/3/6
f 2979/3/6 2974/3/6 2980/3/6
f 2977/3/6 2978/3/6 2981/3/6
f 2981/3/6 2978/3/6 2982/3/6
f 2983/3/6 2984/3/6 2988/3/6
f 2988/3/6 2984/3/6 2989/3/6
f 2985/3/6 2986/3/6 2990/3/6
f 2990/3/6 2986/3/6 2991/3/6
f 2987/3/6 2988/3/6 2993/3/6
f 2993/3/6 2988/3/6 2994/3/6
f 2991/3/6 2992/3/6 2995/3/6
f 2995/3/6 2992/3/6 2996/3/6
f 2997/4/6 2998/4/6 3001/4/6
f 3001/4/6 2998/4/6 3002/4/6
f 3001/2/6 3002/2/6 3003/2/6
f 3003/2/6 3002/2/6 3004/2/6
f 2999/4/6 3000/4/6 3005/4/6
f 3005/4/6 3000/4/6 3006/4/6
f 3007/3/6 3008/3/6 3011/3/6
f 3011/3/6 3008/3/6 3012/3/6
f 3009/3/6 3010/3/6 3015/3/6
f 3015/3/6 3010/3/6 3016/3/6
f 3012/3/6 3013/3/6 3017/3/6
f 3017/3/6 3013/3/6 3018/3/6
f 3014/2/6 3015/2/6 3019/2/6
f 3019/2/6 3015/2/6 3020/2/6
f 3021/3/6 3022/3/6 3025/3/6
f 3025/3/6 3022/3/6 3026/3/6
f 3023/3/6 3024/3/6 3029/3/6
f 3029/3/6 3024/3/6 3030/3/6
f 3026/3/6 3027/3/6 3031/3/6
f 3031/3/6 3027/3/6 3032/3/6
f 3028/3/6 3029/3/6 3037/3/6
f 3037/3/6 3029/3/6 3038/3/6
f 3033/3/6 3034/3/6 3039/3/6
f 3034/2/6 3035/2/6 3040/2/6
f 3039/3/6 3034/3/6 3040/3/6
f 3035/3/6 3036/3/6 3041/3/6
f 3040/2/6 3035/2/6 3041/2/6
f 3041/3/6 3036/3/6 3042/3/6
f 3043/3/6 3044/3/6 3047/3/6
f 3047/3/6 3044/3/6 3048/3/6
f 3045/3/6 3046/3/6 3049/3/6
f 3049/3/6 3046/3/6 3050/3/6
f 3050/3/6 3046/3/6 3051/3/6
f 3052/3/6 3053/3/6 3056/3/6
f 3056/3/6 3053/3/6 3057/3/6
f 3054/4/6 3055/4/6 3058/4/6
f 3058/4/6 3055/4/6 3059/4/6
f 3060/3/6 3061/3/6 3064/3/6
f 3062/3/6 3063/3/6 3065/3/6
f 3060/3/6 3064/3/6 3066/3/6
f 3066/3/6 3064/3/6 3067/3/6
f 3065/3/6 3063/3/6 3068/3/6
f 3068/3/6 3063/3/6 3069/3/6
f 3070/3/6 3071/3/6 3074/3/6
f 3074/3/6 3071/3/6 3075/3/6
f 3072/3/6 3073/3/6 3076/3/6
f 3076/3/6 3073/3/6 3077/3/6
f 3078/3/6 3079/3/6 3082/3/6
f 3082/3/6 3079/3/6 3083/3/6
f 3080/3/6 3081/3/6 3084/3/6
f 3084/3/6 3081/3/6 3085/3/6
f 3086/3/6 3087/3/6 3090/3/6
f 3090/3/6 3087/3/6 3091/3/6
f 3088/3/6 3089/3/6 3092/3/6
f 3092/3/6 3089/3/6 3093/3/6
f 3094/3/6 3095/3/6 3100/3/6
f 3095/4/6 3096/4/6 3101/4/6
f 3100/3/6 3095/3/6 3101/3/6
f 3096/3/6 3097/3/6 3102/3/6
f 3101/4/6 3096/4/6 3102/4/6
f 3102/3/6 3097/3/6 3103/3/6
f 3098/3/6 3099/3/6 3107/3/6
f 3107/3/6 3099/3/6 3108/3/6
f 3108/3/6 3099/3/6 3109/3/6
f 3104/2/6 3105/2/6 3110/2/6
f 3110/2/6 3105/2/6 3111/2/6
f 3106/3/6 3107/3/6 3114/3/6
f 3114/3/6 3107/3/6 3115/3/6
f 3111/3/6 3112/3/6 3116/3/6
f 3116/3/6 3112/3/6 3117/3/6
f 3113/3/6 3114/3/6 3120/3/6
f 3120/3/6 3114/3/6 3121/3/6
f 3117/2/6 3118/2/6 3122/2/6
f 3122/2/6 3118/2/6 3123/2/6
f 3119/3/6 3120/3/6 3125/3/6
f 3125/3/6 3120/3/6 3126/3/6
f 3123/3/6 3124/3/6 3127/3/6
f 3127/3/6 3124/3/6 3128/3/6
f 3125/4/6 3126/4/6 3129/4/6
f 3129/4/6 3126/4/6 3130/4/6
f 3127/4/6 3128/4/6 3131/4/6
f 3131/4/6 3128/4/6 3132/4/6
f 3135/3/6 3136/3/6 3137/3/6
f 3137/3/6 3136/3/6 3138/3/6
f 3133/3/6 3134/3/6 3139/3/6
f 3139/3/6 3134/3/6 3140/3/6
f 3138/3/6 3136/3/6 3141/3/6
f 3141/3/6 3136/3/6 3142/3/6
f 3143/3/6 3144/3/6 3147/3/6
f 3143/3/6 3147/3/6 3148/3/6
f 3148/3/6 3147/3/6 3149/3/6
f 3145/3/6 3146/3/6 3152/3/6
f 3152/3/6 3146/3/6 3153/3/6
f 3149/4/6 3150/4/6 3154/4/6
f 3154/4/6 3150/4/6 3155/4/6
f 3151/4/6 3152/4/6 3158/4/6
f 3158/4/6 3152/4/6 3159/4/6
f 3155/3/6 3156/3/6 3160/3/6
f 3160/3/6 3156/3/6 3161/3/6
f 3157/3/6 3158/3/6 3165/3/6
f 3165/3/6 3158/3/6 3166/3/6
f 3161/3/6 3162/3/6 3167/3/6
f 3167/3/6 3162/3/6 3168/3/6
f 3163/3/6 3164/3/6 3171/3/6
f 3164/3/6 3165/3/6 3171/3/6
f 3171/3/6 3165/3/6 3172/3/6
f 3169/4/6 3170/4/6 3173/4/6
f 3173/4/6 3170/4/6 3174/4/6
f 3175/3/6 3176/3/6 3181/3/6
f 3181/3/6 3176/3/6 3182/3/6
f 3177/3/6 3178/3/6 3183/3/6
f 3183/3/6 3178/3/6 3184/3/6
f 3179/3/6 3180/3/6 3188/3/6
f 3188/3/6 3180/3/6 3189/3/6
f 3185/3/6 3186/3/6 3190/3/6
f 3190/3/6 3186/3/6 3191/3/6
f 3187/2/6 3188/2/6 3194/2/6
f 3194/2/6 3188/2/6 3195/2/6
f 3191/3/6 3192/3/6 3196/3/6
f 3196/3/6 3192/3/6 3197/3/6
f 3193/3/6 3194/3/6 3199/3/6
f 3199/3/6 3194/3/6 3200/3/6
f 3197/3/6 3198/3/6 3201/3/6
f 3201/3/6 3198/3/6 3202/3/6
f 3203/3/6 3204/3/6 3207/3/6
f 3207/3/6 3204/3/6 3208/3/6
f 3205/3/6 3206/3/6 3209/3/6
f 3209/3/6 3206/3/6 3210/3/6
f 3211/3/6 3212/3/6 3215/3/6
f 3215/3/6 3212/3/6 3216/3/6
f 3213/3/6 3214/3/6 3217/3/6
f 3217/3/6 3214/3/6 3218/3/6
f 3219/3/6 3220/3/6 3223/3/6
f 3223/3/6 3220/3/6 3224/3/6
f 3221/3/6 3222/3/6 3227/3/6
f 3227/3/6 3222/3/6 3228/3/6
f 3224/3/6 3225/3/6 3229/3/6
f 3229/3/6 3225/3/6 3230/3/6
f 3226/3/6 3227/3/6 3233/3/6
f 3233/3/6 3227/3/6 3234/3/6
f 3230/3/6 3231/3/6 3235/3/6
f 3235/3/6 3231/3/6 3236/3/6
f 3232/2/6 3233/2/6 3241/2/6
f 3241/2/6 3233/2/6 3242/2/6
f 3237/3/6 3238/3/6 3243/3/6
f 3243/3/6 3238/3/6 3244/3/6
f 3239/3/6 3240/3/6 3245/3/6
f 3245/3/6 3240/3/6 3246/3/6
f 3247/3/6 3248/3/6 3252/3/6
f 3252/3/6 3248/3/6 3253/3/6
f 3253/3/6 3248/3/6 3254/3/6
f 3248/2/6 3249/2/6 3255/2/6
f 3254/3/6 3248/3/6 3255/3/6
f 3255/2/6 3249/2/6 3256/2/6
f 3250/3/6 3251/3/6 3259/3/6
f 3259/3/6 3251/3/6 3260/3/6
f 3257/3/6 3258/3/6 3261/3/6
f 3261/3/6 3258/3/6 3262/3/6
f 3263/4/6 3264/4/6 3267/4/6
f 3267/4/6 3264/4/6 3268/4/6
f 3265/4/6 3266/4/6 3269/4/6
f 3269/4/6 3266/4/6 3270/4/6
f 3271/3/6 3272/3/6 3275/3/6
f 3275/3/6 3272/3/6 3276/3/6
f 3273/3/6 3274/3/6 3277/3/6
f 3277/3/6 3274/3/6 3278/3/6
f 3275/4/6 3276/4/6 3279/4/6
f 3279/4/6 3276/4/6 3280/4/6
f 3277/4/6 3278/4/6 3281/4/6
f 3281/4/6 3278/4/6 3282/4/6
f 3279/3/6 3280/3/6 3283/3/6
f 3283/3/6 3280/3/6 3284/3/6
f 3281/3/6 3282/3/6 3285/3/6
f 3285/3/6 3282/3/6 3286/3/6
f 3287/3/6 3288/3/6 3291/3/6
f 3291/3/6 3288/3/6 3292/3/6
f 3289/3/6 3290/3/6 3293/3/6
f 3293/3/6 3290/3/6 3294/3/6
f 3295/4/6 3296/4/6 3299/4/6
f 3299/4/6 3296/4/6 3300/4/6
f 3297/4/6 3298/4/6 3305/4/6
f 3305/4/6 3298/4/6 3306/4/6
f 3301/2/6 3302/2/6 3307/2/6
f 3303/3/6 3304/3/6 3308/3/6
f 3307/2/6 3302/2/6 3308/2/6
f 3302/3/6 3303/3/6 3308/3/6
f 3308/3/6 3304/3/6 3309/3/6
f 3310/3/6 3311/3/6 3316/3/6
f 3316/3/6 3311/3/6 3317/3/6
f 3312/3/6 3313/3/6 3318/3/6
f 3318/3/6 3313/3/6 3319/3/6
f 3314/3/6 3315/3/6 3323/3/6
f 3323/3/6 3315/3/6 3324/3/6
f 3320/3/6 3321/3/6 3325/3/6
f 3325/3/6 3321/3/6 3326/3/6
f 3322/3/6 3323/3/6 3328/3/6
f 3328/3/6 3323/3/6 3329/3/6
f 3326/3/6 3327/3/6 3330/3/6
f 3330/3/6 3327/3/6 3331/3/6
f 3332/3/6 3333/3/6 3336/3/6
f 3336/3/6 3333/3/6 3337/3/6
f 3334/3/6 3335/3/6 3338/3/6
f 3338/3/6 3335/3/6 3339/3/6
f 3340/3/6 3341/3/6 3344/3/6
f 3344/3/6 3341/3/6 3345/3/6
f 3342/3/6 3343/3/6 3346/3/6
f 3346/3/6 3343/3/6 3347/3/6
f 3348/4/6 3349/4/6 3352/4/6
f 3352/4/6 3349/4/6 3353/4/6
f 3350/4/6 3351/4/6 3356/4/6
f 3356/4/6 3351/4/6 3357/4/6
f 3353/3/6 3354/3/6 3358/3/6
f 3358/3/6 3354/3/6 3359/3/6
f 3355/3/6 3356/3/6 3364/3/6
f 3364/3/6 3356/3/6 3365/3/6
f 3360/3/6 3361/3/6 3366/3/6
f 3366/3/6 3361/3/6 3367/3/6
f 3362/3/6 3363/3/6 3368/3/6
f 3368/3/6 3363/3/6 3369/3/6
f 3370/3/6 3371/3/6 3374/3/6
f 3374/3/6 3371/3/6 3375/3/6
f 3375/3/6 3371/3/6 3376/3/6
f 3376/3/6 3371/3/6 3377/3/6
f 3372/3/6 3373/3/6 3381/3/6
f 3381/3/6 3373/3/6 3382/3/6
f 3378/4/6 3379/4/6 3383/4/6
f 3383/4/6 3379/4/6 3384/4/6
f 3380/3/6 3381/3/6 3387/3/6
f 3387/3/6 3381/3/6 3388/3/6
f 3384/3/6 3385/3/6 3389/3/6
f 3389/3/6 3385/3/6 3390/3/6
f 3386/4/6 3387/4/6 3392/4/6
f 3392/4/6 3387/4/6 3393/4/6
f 3390/4/6 3391/4/6 3394/4/6
f 3394/4/6 3391/4/6 3395/4/6
f 3396/2/6 3397/2/6 3400/2/6
f 3400/2/6 3397/2/6 3401/2/6
f 3400/3/6 3401/3/6 3402/3/6
f 3402/3/6 3401/3/6 3403/3/6
f 3398/3/6 3399/3/6 3404/3/6
f 3404/3/6 3399/3/6 3405/3/6
f 3402/4/6 3403/4/6 3406/4/6
f 3406/4/6 3403/4/6 3407/4/6
f 3404/4/6 3405/4/6 3408/4/6
f 3408/4/6 3405/4/6 3409/4/6
f 3410/3/6 3411/3/6 3414/3/6
f 3414/3/6 3411/3/6 3415/3/6
f 3412/3/6 3413/3/6 3418/3/6
f 3418/3/6 3413/3/6 3419/3/6
f 3415/3/6 3416/3/6 3420/3/6
f 3420/3/6 3416/3/6 3421/3/6
f 3417/3/6 3418/3/6 3424/3/6
f 3424/3/6 3418/3/6 3425/3/6
f 3421/3/6 3422/3/6 3426/3/6
f 3426/3/6 3422/3/6 3427/3/6
f 3423/3/6 3424/3/6 3431/3/6
f 3431/3/6 3424/3/6 3432/3/6
f 3428/3/6 3429/3/6 3433/3/6
f 3429/4/6 3430/4/6 3434/4/6
f 3433/3/6 3429/3/6 3434/3/6
f 3434/4/6 3430/4/6 3435/4/6
f 3436/3/6 3437/3/6 3440/3/6
f 3440/3/6 3437/3/6 3441/3/6
f 3438/3/6 3439/3/6 3442/3/6
f 3442/3/6 3439/3/6 3443/3/6
f 3444/3/6 3445/3/6 3448/3/6
f 3448/3/6 3445/3/6 3449/3/6
f 3446/3/6 3447/3/6 3450/3/6
f 3450/3/6 3447/3/6 3451/3/6
f 3452/2/6 3453/2/6 3456/2/6
f 3456/2/6 3453/2/6 3457/2/6
f 3454/2/6 3455/2/6 3458/2/6
f 3458/2/6 3455/2/6 3459/2/6
f 3460/3/6 3461/3/6 3464/3/6
f 3464/3/6 3461/3/6 3465/3/6
f 3462/3/6 3463/3/6 3466/3/6
f 3466/3/6 3463/3/6 3467/3/6
f 3468/3/6 3469/3/6 3472/3/6
f 3472/3/6 3469/3/6 3473/3/6
f 3473/3/6 3469/3/6 3474/3/6
f 3470/3/6 3471/3/6 3478/3/6
f 3478/3/6 3471/3/6 3479/3/6
f 3475/3/6 3476/3/6 3480/3/6
f 3480/3/6 3476/3/6 3481/3/6
f 3477/3/6 3478/3/6 3483/3/6
f 3483/3/6 3478/3/6 3484/3/6
f 3481/3/6 3482/3/6 3485/3/6
f 3485/3/6 3482/3/6 3486/3/6
f 3487/3/6 3488/3/6 3491/3/6
f 3491/3/6 3488/3/6 3492/3/6
f 3489/3/6 3490/3/6 3493/3/6
f 3493/3/6 3490/3/6 3494/3/6
f 3491/4/6 3492/4/6 3495/4/6
f 3495/4/6 3492/4/6 3496/4/6
f 3493/4/6 3494/4/6 3497/4/6
f 3497/4/6 3494/4/6 3498/4/6
f 3495/3/6 3496/3/6 3499/3/6
f 3497/3/6 3498/3/6 3500/3/6
f 3495/3/6 3499/3/6 3501/3/6
f 3501/3/6 3499/3/6 3502/3/6
f 3500/3/6 3498/3/6 3503/3/6
f 3503/3/6 3498/3/6 3504/3/6
f 3505/2/6 3506/2/6 3509/2/6
f 3509/2/6 3506/2/6 3510/2/6
f 3507/3/6 3508/3/6 3513/3/6
f 3513/3/6 3508/3/6 3514/3/6
f 3510/3/6 3511/3/6 3515/3/6
f 3515/3/6 3511/3/6 3516/3/6
f 3512/3/6 3513/3/6 3521/3/6
f 3521/3/6 3513/3/6 3522/3/6
f 3517/3/6 3518/3/6 3523/3/6
f 3518/4/6 3519/4/6 3524/4/6
f 3523/3/6 3518/3/6 3524/3/6
f 3519/3/6 3520/3/6 3525/3/6
f 3524/4/6 3519/4/6 3525/4/6
f 3525/3/6 3520/3/6 3526/3/6
f 3527/3/6 3528/3/6 3532/3/6
f 3532/3/6 3528/3/6 3533/3/6
f 3529/3/6 3530/3/6 3534/3/6
f 3534/3/6 3530/3/6 3535/3/6
f 3531/3/6 3532/3/6 3538/3/6
f 3538/3/6 3532/3/6 3539/3/6
f 3535/3/6 3536/3/6 3540/3/6
f 3540/3/6 3536/3/6 3541/3/6
f 3537/2/6 3538/2/6 3543/2/6
f 3543/2/6 3538/2/6 3544/2/6
f 3541/3/6 3542/3/6 3545/3/6
f 3545/3/6 3542/3/6 3546/3/6
f 3547/3/6 3548/3/6 3551/3/6
f 3551/3/6 3548/3/6 3552/3/6
f 3549/3/6 3550/3/6 3555/3/6
f 3555/3/6 3550/3/6 3556/3/6
f 3552/3/6 3553/3/6 3557/3/6
f 3557/3/6 3553/3/6 3558/3/6
f 3554/3/6 3555/3/6 3561/3/6
f 3561/3/6 3555/3/6 3562/3/6
f 3558/4/6 3559/4/6 3563/4/6
f 3563/4/6 3559/4/6 3564/4/6
f 3560/4/6 3561/4/6 3565/4/6
f 3565/4/6 3561/4/6 3566/4/6
f 3567/3/6 3568/3/6 3572/3/6
f 3568/2/6 3569/2/6 3573/2/6
f 3572/3/6 3568/3/6 3573/3/6
f 3569/3/6 3570/3/6 3574/3/6
f 3573/2/6 3569/2/6 3574/2/6
f 3574/3/6 3570/3/6 3575/3/6
f 3571/3/6 3572/3/6 3578/3/6
f 3578/3/6 3572/3/6 3579/3/6
f 3575/3/6 3576/3/6 3580/3/6
f 3580/3/6 3576/3/6 3581/3/6
f 3577/3/6 3578/3/6 3584/3/6
f 3584/3/6 3578/3/6 3585/3/6
f 3581/3/6 3582/3/6 3586/3/6
f 3586/3/6 3582/3/6 3587/3/6
f 3587/2/6 3588/2/6 3589/2/6
f 3589/2/6 3588/2/6 3590/2/6
f 3583/3/6 3584/3/6 3591/3/6
f 3591/3/6 3584/3/6 3592/3/6
f 3591/2/6 3592/2/6 3593/2/6
f 3593/2/6 3592/2/6 3594/2/6
f 3589/3/6 3590/3/6 3595/3/6
f 3595/3/6 3590/3/6 3596/3/6
f 3593/3/6 3594/3/6 3597/3/6
f 3597/3/6 3594/3/6 3598/3/6
f 3595/2/6 3596/2/6 3601/2/6
f 3601/2/6 3596/2/6 3602/2/6
f 3598/3/6 3599/3/6 3603/3/6
f 3603/3/6 3599/3/6 3604/3/6
f 3600/3/6 3601/3/6 3607/3/6
f 3607/3/6 3601/3/6 3608/3/6
f 3604/3/6 3605/3/6 3609/3/6
f 3609/3/6 3605/3/6 3610/3/6
f 3606/3/6 3607/3/6 3613/3/6
f 3613/3/6 3607/3/6 3614/3/6
f 3610/3/6 3611/3/6 3615/3/6
f 3611/4/6 3612/4/6 3616/4/6
f 3615/3/6 3611/3/6 3616/3/6
f 3612/3/6 3613/3/6 3617/3/6
f 3616/4/6 3612/4/6 3617/4/6
f 3617/3/6 3613/3/6 3618/3/6
f 3619/3/6 3620/3/6 3623/3/6
f 3623/3/6 3620/3/6 3624/3/6
f 3621/3/6 3622/3/6 3625/3/6
f 3625/3/6 3622/3/6 3626/3/6
f 3627/3/6 3628/3/6 3631/3/6
f 3631/3/6 3628/3/6 3632/3/6
f 3629/3/6 3630/3/6 3633/3/6
f 3633/3/6 3630/3/6 3634/3/6
f 3635/2/6 3636/2/6 3639/2/6
f 3639/2/6 3636/2/6 3640/2/6
f 3637/3/6 3638/3/6 3641/3/6
f 3641/3/6 3638/3/6 3642/3/6
f 3643/3/6 3644/3/6 3647/3/6
f 3647/3/6 3644/3/6 3648/3/6
f 3645/3/6 3646/3/6 3649/3/6
f 3649/3/6 3646/3/6 3650/3/6
f 3651/2/6 3652/2/6 3656/2/6
f 3652/3/6 3653/3/6 3657/3/6
f 3656/2/6 3652/2/6 3657/2/6
f 3657/3/6 3653/3/6 3658/3/6
f 3654/3/6 3655/3/6 3661/3/6
f 3661/3/6 3655/3/6 3662/3/6
f 3659/3/6 3660/3/6 3663/3/6
f 3663/3/6 3660/3/6 3664/3/6
f 3665/4/6 3666/4/6 3669/4/6
f 3669/4/6 3666/4/6 3670/4/6
f 3667/4/6 3668/4/6 3671/4/6
f 3671/4/6 3668/4/6 3672/4/6
f 3669/3/6 3670/3/6 3673/3/6
f 3673/3/6 3670/3/6 3674/3/6
f 3671/3/6 3672/3/6 3675/3/6
f 3675/3/6 3672/3/6 3676/3/6
f 3677/3/6 3678/3/6 3681/3/6
f 3681/3/6 3678/3/6 3682/3/6
f 3679/2/6 3680/2/6 3685/2/6
f 3685/2/6 3680/2/6 3686/2/6
f 3683/3/6 3684/3/6 3687/3/6
f 3687/3/6 3684/3/6 3688/3/6
f 3689/3/6 3690/3/6 3694/3/6
f 3694/3/6 3690/3/6 3695/3/6
f 3691/4/6 3692/4/6 3696/4/6
f 3696/4/6 3692/4/6 3697/4/6
f 3693/4/6 3694/4/6 3699/4/6
f 3699/4/6 3694/4/6 3700/4/6
f 3697/4/6 3698/4/6 3701/4/6
f 3701/4/6 3698/4/6 3702/4/6
f 3703/3/6 3704/3/6 3707/3/6
f 3707/3/6 3704/3/6 3708/3/6
f 3705/3/6 3706/3/6 3711/3/6
f 3711/3/6 3706/3/6 3712/3/6
f 3708/3/6 3709/3/6 3713/3/6
f 3713/3/6 3709/3/6 3714/3/6
f 3710/3/6 3711/3/6 3715/3/6
f 3715/3/6 3711/3/6 3716/3/6
f 3717/3/6 3718/3/6 3719/3/6
f 3719/3/6 3718/3/6 3720/3/6
f 3720/3/6 3718/3/6 3721/3/6
f 3724/2/6 3725/2/6 3726/2/6
f 3726/2/6 3725/2/6 3727/2/6
f 3722/3/6 3723/3/6 3728/3/6
f 3728/3/6 3723/3/6 3729/3/6
f 3726/3/6 3727/3/6 3730/3/6
f 3730/3/6 3727/3/6 3731/3/6
f 3732/3/6 3733/3/6 3735/3/6
f 3733/4/6 3734/4/6 3736/4/6
f 3735/3/6 3733/3/6 3736/3/6
f 3736/4/6 3734/4/6 3737/4/6
f 3738/3/6 3739/3/6 3742/3/6
f 3742/3/6 3739/3/6 3743/3/6
f 3740/3/6 3741/3/6 3744/3/6
f 3744/3/6 3741/3/6 3745/3/6
f 3746/3/6 3747/3/6 3750/3/6
f 3750/3/6 3747/3/6 3751/3/6
f 3748/4/6 3749/4/6 3752/4/6
f 3752/4/6 3749/4/6 3753/4/6
f 3754/3/6 3755/3/6 3757/3/6
f 3757/3/6 3755/3/6 3758/3/6
f 3756/3/6 3757/3/6 3760/3/6
f 3760/3/6 3757/3/6 3761/3/6
f 3758/2/6 3759/2/6 3762/2/6
f 3762/2/6 3759/2/6 3763/2/6
f 3760/2/6 3761/2/6 3764/2/6
f 3764/2/6 3761/2/6 3765/2/6
f 3762/3/6 3763/3/6 3766/3/6
f 3766/3/6 3763/3/6 3767/3/6
f 3765/3/6 3766/3/6 3768/3/6
f 3768/3/6 3766/3/6 3769/3/6
f 3770/3/6 3771/3/6 3772/3/6
f 3772/3/6 3771/3/6 3773/3/6
